{"type": "FeatureCollection", "features": [{"type": "Feature", "properties": {"line_ref": "1", "line_name": "수도권 전철 1호선", "colour": "#004A85"}, "geometry": {"type": "LineString", "coordinates": [[127.0739323, 38.1014508], [127.0739683, 38.1014495], [127.0739276, 38.101061], [127.0738085, 38.100369], [127.0736571, 38.0996498], [127.0736189, 38.0996586], [127.0737547, 38.1003892], [127.0738156, 38.1008052], [127.0738681, 38.1010959], [127.0739323, 38.1014508]]}}, {"type": "Feature", "properties": {"line_ref": "1", "line_name": "수도권 전철 1호선", "colour": "#004A85"}, "geometry": {"type": "LineString", "coordinates": [[127.0733467, 38.0984301], [127.0735227, 38.0990275], [127.0736513, 38.0994955], [127.0737613, 38.0999399], [127.0738629, 38.1004613]]}}, {"type": "Feature", "properties": {"line_ref": "1", "line_name": "수도권 전철 1호선", "colour": "#004A85"}, "geometry": {"type": "LineString", "coordinates": [[127.0724984, 38.0939415], [127.0729552, 38.0963191], [127.0730414, 38.0967901], [127.0732159, 38.0976843], [127.0732454, 38.0979022], [127.0732843, 38.0981089], [127.0733467, 38.0984301]]}}, {"type": "Feature", "properties": {"line_ref": "1", "line_name": "수도권 전철 1호선", "colour": "#004A85"}, "geometry": {"type": "LineString", "coordinates": [[127.0717097, 38.0876171], [127.0716102, 38.0884417], [127.071609, 38.08874], [127.0716759, 38.0892787], [127.0718606, 38.090345], [127.0723832, 38.0931296], [127.0724984, 38.0939415]]}}, {"type": "Feature", "properties": {"line_ref": "1", "line_name": "수도권 전철 1호선", "colour": "#004A85"}, "geometry": {"type": "LineString", "coordinates": [[127.0721444, 38.0853216], [127.0718062, 38.0868626], [127.0717097, 38.0876171]]}}, {"type": "Feature", "properties": {"line_ref": "1", "line_name": "수도권 전철 1호선", "colour": "#004A85"}, "geometry": {"type": "LineString", "coordinates": [[127.0737207, 38.0758954], [127.0737555, 38.0760177], [127.0738639, 38.0766767], [127.0737843, 38.0776645], [127.0730169, 38.0811525], [127.0725085, 38.0835911], [127.0723369, 38.0843634], [127.0721899, 38.085095], [127.0721444, 38.0853216]]}}, {"type": "Feature", "properties": {"line_ref": "1", "line_name": "수도권 전철 1호선", "colour": "#004A85"}, "geometry": {"type": "LineString", "coordinates": [[127.0736967, 38.0758112], [127.0737207, 38.0758954]]}}, {"type": "Feature", "properties": {"line_ref": "1", "line_name": "수도권 전철 1호선", "colour": "#004A85"}, "geometry": {"type": "LineString", "coordinates": [[127.0735287, 38.0752203], [127.0736967, 38.0758112]]}}, {"type": "Feature", "properties": {"line_ref": "1", "line_name": "수도권 전철 1호선", "colour": "#004A85"}, "geometry": {"type": "LineString", "coordinates": [[127.0734846, 38.0751332], [127.0735287, 38.0752203]]}}, {"type": "Feature", "properties": {"line_ref": "1", "line_name": "수도권 전철 1호선", "colour": "#004A85"}, "geometry": {"type": "LineString", "coordinates": [[127.067562, 38.0580942], [127.0678206, 38.0595268], [127.068045, 38.060524], [127.0684306, 38.0626645], [127.0685518, 38.0631738], [127.0691392, 38.0661411], [127.0696205, 38.0679381], [127.0699511, 38.0688651], [127.0702591, 38.0696108], [127.0708549, 38.0707418], [127.0713537, 38.0715237], [127.0726576, 38.0735402], [127.0734846, 38.0751332]]}}, {"type": "Feature", "properties": {"line_ref": "1", "line_name": "수도권 전철 1호선", "colour": "#004A85"}, "geometry": {"type": "LineString", "coordinates": [[127.0675261, 38.0579637], [127.0675523, 38.0580591], [127.067562, 38.0580942]]}}, {"type": "Feature", "properties": {"line_ref": "1", "line_name": "수도권 전철 1호선", "colour": "#004A85"}, "geometry": {"type": "LineString", "coordinates": [[127.0661278, 38.0507942], [127.0662443, 38.0513115], [127.0664301, 38.0522745], [127.0666711, 38.0535293], [127.0669543, 38.0548168], [127.0672161, 38.0562158], [127.0675017, 38.0578638], [127.0675261, 38.0579637]]}}, {"type": "Feature", "properties": {"line_ref": "1", "line_name": "수도권 전철 1호선", "colour": "#004A85"}, "geometry": {"type": "LineString", "coordinates": [[127.0661023, 38.0506811], [127.0661278, 38.0507942]]}}, {"type": "Feature", "properties": {"line_ref": "1", "line_name": "수도권 전철 1호선", "colour": "#004A85"}, "geometry": {"type": "LineString", "coordinates": [[127.0660286, 38.0417539], [127.0656091, 38.0436113], [127.0654975, 38.0444253], [127.0653882, 38.0459787], [127.0654307, 38.0471473], [127.0655213, 38.0477737], [127.0656067, 38.0483636], [127.065983, 38.0501511], [127.0661023, 38.0506811]]}}, {"type": "Feature", "properties": {"line_ref": "1", "line_name": "수도권 전철 1호선", "colour": "#004A85"}, "geometry": {"type": "LineString", "coordinates": [[127.0670997, 38.0372635], [127.0670696, 38.0373887], [127.0670494, 38.0374728], [127.0667356, 38.0387134], [127.0663472, 38.0403147], [127.0660286, 38.0417539]]}}, {"type": "Feature", "properties": {"line_ref": "1", "line_name": "수도권 전철 1호선", "colour": "#004A85"}, "geometry": {"type": "LineString", "coordinates": [[127.0674214, 38.0357316], [127.0671711, 38.0369663], [127.0670997, 38.0372635]]}}, {"type": "Feature", "properties": {"line_ref": "1", "line_name": "수도권 전철 1호선", "colour": "#004A85"}, "geometry": {"type": "LineString", "coordinates": [[127.0689332, 38.0300786], [127.0687282, 38.0305896], [127.0686902, 38.0307134], [127.0685125, 38.0312501], [127.0682243, 38.0322377], [127.0679754, 38.0331952], [127.067867, 38.033699], [127.0677414, 38.0342821], [127.0675622, 38.0350712], [127.0674214, 38.0357316]]}}, {"type": "Feature", "properties": {"line_ref": "1", "line_name": "수도권 전철 1호선", "colour": "#004A85"}, "geometry": {"type": "LineString", "coordinates": [[127.0694757, 38.0288676], [127.0693654, 38.029104], [127.069043, 38.0297952], [127.0689332, 38.0300786]]}}, {"type": "Feature", "properties": {"line_ref": "1", "line_name": "수도권 전철 1호선", "colour": "#004A85"}, "geometry": {"type": "LineString", "coordinates": [[127.0696181, 38.0285624], [127.0694757, 38.0288676]]}}, {"type": "Feature", "properties": {"line_ref": "1", "line_name": "수도권 전철 1호선", "colour": "#004A85"}, "geometry": {"type": "LineString", "coordinates": [[127.0701535, 38.0276259], [127.0699345, 38.0279842], [127.0696181, 38.0285624]]}}, {"type": "Feature", "properties": {"line_ref": "1", "line_name": "수도권 전철 1호선", "colour": "#004A85"}, "geometry": {"type": "LineString", "coordinates": [[127.0704281, 38.027153], [127.0703413, 38.0272882], [127.0701535, 38.0276259]]}}, {"type": "Feature", "properties": {"line_ref": "1", "line_name": "수도권 전철 1호선", "colour": "#004A85"}, "geometry": {"type": "LineString", "coordinates": [[127.0704281, 38.027153], [127.0707146, 38.0267601], [127.070906, 38.0264607], [127.07123, 38.0259725], [127.0713994, 38.0256494], [127.0715895, 38.0253183], [127.0717587, 38.0249909], [127.071867, 38.0247843], [127.0719063, 38.0247158]]}}, {"type": "Feature", "properties": {"line_ref": "1", "line_name": "수도권 전철 1호선", "colour": "#004A85"}, "geometry": {"type": "LineString", "coordinates": [[127.0719063, 38.0247158], [127.0719471, 38.024637]]}}, {"type": "Feature", "properties": {"line_ref": "1", "line_name": "수도권 전철 1호선", "colour": "#004A85"}, "geometry": {"type": "LineString", "coordinates": [[127.0719471, 38.024637], [127.0724112, 38.0237849], [127.0724589, 38.0236876], [127.0725572, 38.0234676], [127.0726459, 38.0232772], [127.0726992, 38.0230961], [127.0727501, 38.0229768], [127.0727906, 38.0228821], [127.0729919, 38.0224484]]}}, {"type": "Feature", "properties": {"line_ref": "1", "line_name": "수도권 전철 1호선", "colour": "#004A85"}, "geometry": {"type": "LineString", "coordinates": [[127.0735433, 38.0213938], [127.0734707, 38.0215282], [127.0733869, 38.0216834], [127.0729919, 38.0224484]]}}, {"type": "Feature", "properties": {"line_ref": "1", "line_name": "수도권 전철 1호선", "colour": "#004A85"}, "geometry": {"type": "LineString", "coordinates": [[127.0746721, 38.0187938], [127.074624, 38.0189889], [127.0745759, 38.019184], [127.0744404, 38.0196205], [127.0741493, 38.0202539], [127.0739831, 38.0205796], [127.0735433, 38.0213938]]}}, {"type": "Feature", "properties": {"line_ref": "1", "line_name": "수도권 전철 1호선", "colour": "#004A85"}, "geometry": {"type": "LineString", "coordinates": [[127.074743, 38.018458], [127.0747011, 38.0186674], [127.0746721, 38.0187938]]}}, {"type": "Feature", "properties": {"line_ref": "1", "line_name": "수도권 전철 1호선", "colour": "#004A85"}, "geometry": {"type": "LineString", "coordinates": [[127.0745789, 38.0126541], [127.0746009, 38.0128246], [127.0746285, 38.0130215], [127.0747069, 38.0144217], [127.0747033, 38.0146649], [127.0747073, 38.0149886], [127.0747323, 38.0156255], [127.0747386, 38.0157874], [127.0748213, 38.0166939], [127.0748225, 38.0174435], [127.0748116, 38.0178758], [127.0747945, 38.0181968], [127.074791, 38.01822], [127.074743, 38.018458]]}}, {"type": "Feature", "properties": {"line_ref": "1", "line_name": "수도권 전철 1호선", "colour": "#004A85"}, "geometry": {"type": "LineString", "coordinates": [[127.074657, 38.0070677], [127.0744516, 38.0078746], [127.0743937, 38.0082558], [127.074357, 38.0084682], [127.0743164, 38.0092358], [127.0743042, 38.0095596], [127.0742987, 38.0099087], [127.0743649, 38.0106301], [127.0743744, 38.0110024], [127.0745789, 38.0126541]]}}, {"type": "Feature", "properties": {"line_ref": "1", "line_name": "수도권 전철 1호선", "colour": "#004A85"}, "geometry": {"type": "LineString", "coordinates": [[127.075751, 38.0018993], [127.0757301, 38.0020096], [127.0757078, 38.0022857], [127.0756131, 38.0027703], [127.075323, 38.0039], [127.0750192, 38.0053228], [127.074657, 38.0070677]]}}, {"type": "Feature", "properties": {"line_ref": "1", "line_name": "수도권 전철 1호선", "colour": "#004A85"}, "geometry": {"type": "LineString", "coordinates": [[127.0757603, 38.0017125], [127.075751, 38.0018993]]}}, {"type": "Feature", "properties": {"line_ref": "1", "line_name": "수도권 전철 1호선", "colour": "#004A85"}, "geometry": {"type": "LineString", "coordinates": [[127.0756616, 37.9995042], [127.0756626, 37.9997538], [127.0756632, 37.9999212], [127.0757502, 38.0009529], [127.0757676, 38.0013733], [127.0757603, 38.0017125]]}}, {"type": "Feature", "properties": {"line_ref": "1", "line_name": "수도권 전철 1호선", "colour": "#004A85"}, "geometry": {"type": "LineString", "coordinates": [[127.0755939, 37.9989103], [127.0756304, 37.9992461], [127.0756616, 37.9995042]]}}, {"type": "Feature", "properties": {"line_ref": "1", "line_name": "수도권 전철 1호선", "colour": "#004A85"}, "geometry": {"type": "LineString", "coordinates": [[127.0755939, 37.9989103], [127.0755846, 37.9984849], [127.0755505, 37.997894], [127.0755025, 37.9975746]]}}, {"type": "Feature", "properties": {"line_ref": "1", "line_name": "수도권 전철 1호선", "colour": "#004A85"}, "geometry": {"type": "LineString", "coordinates": [[127.0755025, 37.9975746], [127.0754126, 37.9971473], [127.0753887, 37.9970335], [127.0752916, 37.9967037], [127.0751312, 37.9963926]]}}, {"type": "Feature", "properties": {"line_ref": "1", "line_name": "수도권 전철 1호선", "colour": "#004A85"}, "geometry": {"type": "LineString", "coordinates": [[127.0751312, 37.9963926], [127.0750186, 37.9962069], [127.0749036, 37.9959848], [127.0748602, 37.9959017], [127.0747651, 37.9957355], [127.0746071, 37.9954866], [127.0744515, 37.9952621], [127.0743568, 37.9951417], [127.0740471, 37.9947547], [127.0736759, 37.9943328], [127.0736592, 37.9943166], [127.0735365, 37.9941906], [127.073394, 37.9940696], [127.0730387, 37.9937758], [127.0722851, 37.9932484]]}}, {"type": "Feature", "properties": {"line_ref": "1", "line_name": "수도권 전철 1호선", "colour": "#004A85"}, "geometry": {"type": "LineString", "coordinates": [[127.0722851, 37.9932484], [127.0714626, 37.9927404]]}}, {"type": "Feature", "properties": {"line_ref": "1", "line_name": "수도권 전철 1호선", "colour": "#004A85"}, "geometry": {"type": "LineString", "coordinates": [[127.0700365, 37.9917583], [127.0709063, 37.9923596], [127.071107, 37.9924996], [127.0714626, 37.9927404]]}}, {"type": "Feature", "properties": {"line_ref": "1", "line_name": "수도권 전철 1호선", "colour": "#004A85"}, "geometry": {"type": "LineString", "coordinates": [[127.0687928, 37.9908096], [127.0692786, 37.9911605], [127.0700365, 37.9917583]]}}, {"type": "Feature", "properties": {"line_ref": "1", "line_name": "수도권 전철 1호선", "colour": "#004A85"}, "geometry": {"type": "LineString", "coordinates": [[127.059275, 37.9683611], [127.0592549, 37.9686429], [127.0592139, 37.9689998], [127.0591356, 37.9693555], [127.0588238, 37.9705011], [127.0585251, 37.9717385], [127.0583296, 37.9723899], [127.057925, 37.9738209], [127.0577691, 37.9748718], [127.0576806, 37.9757899], [127.0577083, 37.9766748], [127.0578107, 37.9774189], [127.058156, 37.9786228], [127.0588043, 37.9800831], [127.0596572, 37.9817757], [127.0609705, 37.9837707], [127.0629107, 37.9860059], [127.0647278, 37.9878034], [127.0670682, 37.9896459], [127.0687928, 37.9908096]]}}, {"type": "Feature", "properties": {"line_ref": "1", "line_name": "수도권 전철 1호선", "colour": "#004A85"}, "geometry": {"type": "LineString", "coordinates": [[127.0593786, 37.9674049], [127.0592999, 37.9680392], [127.059275, 37.9683611]]}}, {"type": "Feature", "properties": {"line_ref": "1", "line_name": "수도권 전철 1호선", "colour": "#004A85"}, "geometry": {"type": "LineString", "coordinates": [[127.0612808, 37.9623107], [127.060736, 37.9634998], [127.0604088, 37.964196], [127.0600502, 37.9651652], [127.0597597, 37.9659536], [127.0595318, 37.9666755], [127.059431, 37.9671078], [127.0593786, 37.9674049]]}}, {"type": "Feature", "properties": {"line_ref": "1", "line_name": "수도권 전철 1호선", "colour": "#004A85"}, "geometry": {"type": "LineString", "coordinates": [[127.0621095, 37.9585317], [127.0620979, 37.9589274], [127.0620619, 37.9593125], [127.0620138, 37.9595583], [127.0619695, 37.9597842], [127.0618773, 37.9602901], [127.0617381, 37.9608087], [127.0616914, 37.96104], [127.0615925, 37.9614473], [127.0612808, 37.9623107]]}}, {"type": "Feature", "properties": {"line_ref": "1", "line_name": "수도권 전철 1호선", "colour": "#004A85"}, "geometry": {"type": "LineString", "coordinates": [[127.0610614, 37.9499822], [127.0611394, 37.9505275], [127.0611598, 37.9507062], [127.0612237, 37.9512888], [127.0613946, 37.9525531], [127.0614677, 37.953097], [127.0615347, 37.9535179], [127.0616567, 37.954478], [127.0617508, 37.9552955], [127.0618436, 37.955952], [127.0619186, 37.9565201], [127.0620053, 37.9572227], [127.0620642, 37.9579768], [127.0620868, 37.9582514], [127.0621095, 37.9585317]]}}, {"type": "Feature", "properties": {"line_ref": "1", "line_name": "수도권 전철 1호선", "colour": "#004A85"}, "geometry": {"type": "LineString", "coordinates": [[127.0610614, 37.9499822], [127.0610358, 37.949517], [127.0609487, 37.9489479], [127.0609427, 37.9488948], [127.0608728, 37.9482758], [127.0608417, 37.9479749], [127.0607704, 37.9474386], [127.0607225, 37.9471617]]}}, {"type": "Feature", "properties": {"line_ref": "1", "line_name": "수도권 전철 1호선", "colour": "#004A85"}, "geometry": {"type": "LineString", "coordinates": [[127.0607225, 37.9471617], [127.0606965, 37.9470106], [127.0606046, 37.9465835], [127.0605319, 37.9463905], [127.0604569, 37.9461871]]}}, {"type": "Feature", "properties": {"line_ref": "1", "line_name": "수도권 전철 1호선", "colour": "#004A85"}, "geometry": {"type": "LineString", "coordinates": [[127.0604569, 37.9461871], [127.0601773, 37.9455597], [127.0599878, 37.9452252], [127.0594703, 37.9446047], [127.058907, 37.944047]]}}, {"type": "Feature", "properties": {"line_ref": "1", "line_name": "수도권 전철 1호선", "colour": "#004A85"}, "geometry": {"type": "LineString", "coordinates": [[127.0580421, 37.9431311], [127.058907, 37.944047]]}}, {"type": "Feature", "properties": {"line_ref": "1", "line_name": "수도권 전철 1호선", "colour": "#004A85"}, "geometry": {"type": "LineString", "coordinates": [[127.056714, 37.9416824], [127.0571401, 37.942148], [127.0577195, 37.9427795], [127.0580421, 37.9431311]]}}, {"type": "Feature", "properties": {"line_ref": "1", "line_name": "수도권 전철 1호선", "colour": "#004A85"}, "geometry": {"type": "LineString", "coordinates": [[127.0564554, 37.9413598], [127.056714, 37.9416824]]}}, {"type": "Feature", "properties": {"line_ref": "1", "line_name": "수도권 전철 1호선", "colour": "#004A85"}, "geometry": {"type": "LineString", "coordinates": [[127.0550727, 37.9390072], [127.0551906, 37.9392449], [127.0551986, 37.9392617], [127.0555327, 37.9399647], [127.0559868, 37.9407174], [127.0562565, 37.9410872], [127.0564554, 37.9413598]]}}, {"type": "Feature", "properties": {"line_ref": "1", "line_name": "수도권 전철 1호선", "colour": "#004A85"}, "geometry": {"type": "LineString", "coordinates": [[127.0547987, 37.9383823], [127.0550727, 37.9390072]]}}, {"type": "Feature", "properties": {"line_ref": "1", "line_name": "수도권 전철 1호선", "colour": "#004A85"}, "geometry": {"type": "LineString", "coordinates": [[127.053735, 37.9358031], [127.0538316, 37.9361462], [127.0539328, 37.9364101], [127.0541346, 37.9369321], [127.0544429, 37.9375983], [127.0546677, 37.9381024], [127.0547987, 37.9383823]]}}, {"type": "Feature", "properties": {"line_ref": "1", "line_name": "수도권 전철 1호선", "colour": "#004A85"}, "geometry": {"type": "LineString", "coordinates": [[127.053735, 37.9358031], [127.0537041, 37.9356491], [127.0536822, 37.9355399], [127.0536765, 37.9355116], [127.0536615, 37.9354094], [127.0536345, 37.9352069], [127.0536051, 37.9346508], [127.05363, 37.9341818], [127.0536771, 37.9338419], [127.0537812, 37.9332348], [127.0538723, 37.9327804]]}}, {"type": "Feature", "properties": {"line_ref": "1", "line_name": "수도권 전철 1호선", "colour": "#004A85"}, "geometry": {"type": "LineString", "coordinates": [[127.0540405, 37.9318586], [127.0539619, 37.9322618], [127.0538723, 37.9327804]]}}, {"type": "Feature", "properties": {"line_ref": "1", "line_name": "수도권 전철 1호선", "colour": "#004A85"}, "geometry": {"type": "LineString", "coordinates": [[127.0540697, 37.9317018], [127.0540405, 37.9318586]]}}, {"type": "Feature", "properties": {"line_ref": "1", "line_name": "수도권 전철 1호선", "colour": "#004A85"}, "geometry": {"type": "LineString", "coordinates": [[127.0540697, 37.9317018], [127.0541516, 37.9314313], [127.0542067, 37.9312583]]}}, {"type": "Feature", "properties": {"line_ref": "1", "line_name": "수도권 전철 1호선", "colour": "#004A85"}, "geometry": {"type": "LineString", "coordinates": [[127.0542067, 37.9312583], [127.0542415, 37.9310468], [127.0543652, 37.9304103]]}}, {"type": "Feature", "properties": {"line_ref": "1", "line_name": "수도권 전철 1호선", "colour": "#004A85"}, "geometry": {"type": "LineString", "coordinates": [[127.0543652, 37.9304103], [127.0543975, 37.9302476], [127.054553, 37.9294118], [127.0546885, 37.9284395], [127.0550196, 37.9266917], [127.0552852, 37.9252719], [127.055472, 37.9243112]]}}, {"type": "Feature", "properties": {"line_ref": "1", "line_name": "수도권 전철 1호선", "colour": "#004A85"}, "geometry": {"type": "LineString", "coordinates": [[127.055472, 37.9243112], [127.0554913, 37.9242002], [127.0555209, 37.92403]]}}, {"type": "Feature", "properties": {"line_ref": "1", "line_name": "수도권 전철 1호선", "colour": "#004A85"}, "geometry": {"type": "LineString", "coordinates": [[127.0555209, 37.92403], [127.0555733, 37.9237633], [127.0556018, 37.9236182], [127.0556807, 37.9232165], [127.0558018, 37.9225934]]}}, {"type": "Feature", "properties": {"line_ref": "1", "line_name": "수도권 전철 1호선", "colour": "#004A85"}, "geometry": {"type": "LineString", "coordinates": [[127.0558018, 37.9225934], [127.0560165, 37.9214789], [127.056569, 37.9182311], [127.0570897, 37.9153137], [127.0572437, 37.9144755], [127.0573213, 37.9136708], [127.0573342, 37.9133009], [127.0573354, 37.91251], [127.0572653, 37.9114757], [127.0567706, 37.9045667], [127.0567218, 37.9040645]]}}, {"type": "Feature", "properties": {"line_ref": "1", "line_name": "수도권 전철 1호선", "colour": "#004A85"}, "geometry": {"type": "LineString", "coordinates": [[127.0567218, 37.9040645], [127.0566422, 37.9031021], [127.0564914, 37.9008562], [127.0563473, 37.899201]]}}, {"type": "Feature", "properties": {"line_ref": "1", "line_name": "수도권 전철 1호선", "colour": "#004A85"}, "geometry": {"type": "LineString", "coordinates": [[127.0563473, 37.899201], [127.0563267, 37.8987911], [127.0561683, 37.8964219], [127.0560407, 37.8950482], [127.0560047, 37.8945785]]}}, {"type": "Feature", "properties": {"line_ref": "1", "line_name": "수도권 전철 1호선", "colour": "#004A85"}, "geometry": {"type": "LineString", "coordinates": [[127.0560047, 37.8945785], [127.0557765, 37.8915262], [127.0556332, 37.8897115]]}}, {"type": "Feature", "properties": {"line_ref": "1", "line_name": "수도권 전철 1호선", "colour": "#004A85"}, "geometry": {"type": "LineString", "coordinates": [[127.0556332, 37.8897115], [127.0554085, 37.8865853], [127.0550893, 37.882432], [127.0550814, 37.8822031], [127.0550952, 37.8814741], [127.0551099, 37.8810997], [127.0551936, 37.8806053], [127.0553056, 37.8801686], [127.0554436, 37.8797473], [127.0558219, 37.8789283], [127.0561167, 37.8784259], [127.0563974, 37.8780396], [127.0575848, 37.8764342], [127.0581463, 37.8756619], [127.0583373, 37.8753364]]}}, {"type": "Feature", "properties": {"line_ref": "1", "line_name": "수도권 전철 1호선", "colour": "#004A85"}, "geometry": {"type": "LineString", "coordinates": [[127.0583373, 37.8753364], [127.0584436, 37.8751591], [127.0590202, 37.874197], [127.0592327, 37.8736367], [127.0604201, 37.870462]]}}, {"type": "Feature", "properties": {"line_ref": "1", "line_name": "수도권 전철 1호선", "colour": "#004A85"}, "geometry": {"type": "LineString", "coordinates": [[127.0604201, 37.870462], [127.0608552, 37.8692961], [127.0611477, 37.8683275], [127.061275, 37.8677656], [127.0612982, 37.8673529], [127.061281, 37.8663325], [127.061134, 37.8635249], [127.0610066, 37.8616033], [127.0608061, 37.85704], [127.0606794, 37.853326], [127.0606603, 37.8522714]]}}, {"type": "Feature", "properties": {"line_ref": "1", "line_name": "수도권 전철 1호선", "colour": "#004A85"}, "geometry": {"type": "LineString", "coordinates": [[127.0606603, 37.8522714], [127.0607162, 37.850609], [127.0609688, 37.8485687], [127.0611628, 37.8468747], [127.0611853, 37.8466784], [127.0612198, 37.8463682], [127.0612852, 37.8457776]]}}, {"type": "Feature", "properties": {"line_ref": "1", "line_name": "수도권 전철 1호선", "colour": "#004A85"}, "geometry": {"type": "LineString", "coordinates": [[127.0612852, 37.8457776], [127.061462, 37.8443691], [127.0616808, 37.8424204], [127.0620247, 37.8392579]]}}, {"type": "Feature", "properties": {"line_ref": "1", "line_name": "수도권 전철 1호선", "colour": "#004A85"}, "geometry": {"type": "LineString", "coordinates": [[127.0620247, 37.8392579], [127.0620541, 37.839009], [127.062113, 37.83851], [127.0622476, 37.8373692]]}}, {"type": "Feature", "properties": {"line_ref": "1", "line_name": "수도권 전철 1호선", "colour": "#004A85"}, "geometry": {"type": "LineString", "coordinates": [[127.0622476, 37.8373692], [127.062304, 37.8368914], [127.0625465, 37.8348372], [127.0629539, 37.8312691], [127.0629343, 37.8305774], [127.0629312, 37.8304685], [127.0628267, 37.829705], [127.0626285, 37.8289935], [127.0623809, 37.8283854], [127.0620343, 37.8277587], [127.0615051, 37.8270138], [127.0601051, 37.8254559], [127.0592215, 37.8243311], [127.0585362, 37.8231997], [127.0572593, 37.8201055], [127.0572296, 37.8200335], [127.0571598, 37.8198644], [127.0570916, 37.8196942]]}}, {"type": "Feature", "properties": {"line_ref": "1", "line_name": "수도권 전철 1호선", "colour": "#004A85"}, "geometry": {"type": "LineString", "coordinates": [[127.0570916, 37.8196942], [127.0564018, 37.8179643], [127.0563545, 37.8178515]]}}, {"type": "Feature", "properties": {"line_ref": "1", "line_name": "수도권 전철 1호선", "colour": "#004A85"}, "geometry": {"type": "LineString", "coordinates": [[127.0563545, 37.8178515], [127.056279, 37.8176767], [127.0558775, 37.8168061], [127.0554971, 37.8160641], [127.0551265, 37.8155322], [127.0545636, 37.8148104], [127.0520075, 37.8122018], [127.0517273, 37.8119252], [127.0510869, 37.8111897], [127.0507532, 37.8106029], [127.050468, 37.8099269], [127.0503226, 37.8094039], [127.0502663, 37.8091232], [127.0502407, 37.8088056], [127.0502351, 37.8085039], [127.0502432, 37.8083321], [127.0502615, 37.8081297], [127.0502879, 37.8078936], [127.0503286, 37.8076206], [127.0503814, 37.8073299], [127.0506188, 37.8061158], [127.0506614, 37.8058508], [127.0507123, 37.8055168], [127.0507468, 37.8052261], [127.0507651, 37.8049177], [127.0507631, 37.804619], [127.0507549, 37.804317], [127.0507285, 37.8039878], [127.0506863, 37.8037073], [127.0506396, 37.8034103], [127.0505976, 37.8031963], [127.0505485, 37.8029933], [127.0504972, 37.8028151], [127.0504084, 37.8025329], [127.0502431, 37.8020121]]}}, {"type": "Feature", "properties": {"line_ref": "1", "line_name": "수도권 전철 1호선", "colour": "#004A85"}, "geometry": {"type": "LineString", "coordinates": [[127.0502431, 37.8020121], [127.0495158, 37.7997915], [127.0494141, 37.7994653], [127.0493124, 37.7991147], [127.0492446, 37.7987734], [127.0492044, 37.7984385], [127.049183, 37.7981735], [127.0491776, 37.7979044], [127.049191, 37.7976161], [127.0492125, 37.7974021], [127.0492581, 37.7970545], [127.0493332, 37.7966878], [127.0494119, 37.7963494], [127.0495128, 37.7959821], [127.0497059, 37.795359], [127.0498534, 37.79488], [127.0500519, 37.7941848], [127.0502101, 37.7935404], [127.0503335, 37.7930762], [127.0504513, 37.7926684], [127.0509177, 37.7910635], [127.0510209, 37.7906822], [127.0510825, 37.7904071], [127.0511256, 37.7901539], [127.0511595, 37.7899007], [127.0511872, 37.7896012], [127.0511903, 37.7892554], [127.0511718, 37.7889584], [127.0511314, 37.7885893], [127.0509863, 37.7875917], [127.0508973, 37.7870115], [127.0508019, 37.7864419]]}}, {"type": "Feature", "properties": {"line_ref": "1", "line_name": "수도권 전철 1호선", "colour": "#004A85"}, "geometry": {"type": "LineString", "coordinates": [[127.0508019, 37.7864419], [127.050772, 37.7862733], [127.0507438, 37.7861331], [127.0506954, 37.7859164], [127.0506416, 37.7857291], [127.0505948, 37.7855799], [127.0505338, 37.7854167], [127.0504321, 37.7851708], [127.0502651, 37.7848391], [127.050133, 37.784619], [127.050007, 37.7844279], [127.04982, 37.784174], [127.0495943, 37.7839057], [127.0494378, 37.7837371], [127.0492447, 37.7835459], [127.0483731, 37.7827361], [127.0475916, 37.7820181], [127.0471759, 37.7816387], [127.0467941, 37.7812753], [127.0465461, 37.7810375], [127.0463185, 37.7807901], [127.0461172, 37.7805507], [127.0458957, 37.7802583], [127.0457127, 37.7799788], [127.0456192, 37.7798326]]}}, {"type": "Feature", "properties": {"line_ref": "1", "line_name": "수도권 전철 1호선", "colour": "#004A85"}, "geometry": {"type": "LineString", "coordinates": [[127.0456192, 37.7798326], [127.045542, 37.7796864], [127.0454468, 37.7794672], [127.0453278, 37.779159], [127.0452297, 37.7788416], [127.0451666, 37.7785685], [127.0451316, 37.7783488], [127.0450976, 37.778098], [127.0450606, 37.7778009], [127.045036, 37.7775233], [127.045016, 37.7772972], [127.0449778, 37.7768654], [127.0449682, 37.7767562], [127.0449558, 37.776615]]}}, {"type": "Feature", "properties": {"line_ref": "1", "line_name": "수도권 전철 1호선", "colour": "#004A85"}, "geometry": {"type": "LineString", "coordinates": [[127.0449558, 37.776615], [127.0449312, 37.7760841], [127.0449189, 37.7758332], [127.0448622, 37.7751305]]}}, {"type": "Feature", "properties": {"line_ref": "1", "line_name": "수도권 전철 1호선", "colour": "#004A85"}, "geometry": {"type": "LineString", "coordinates": [[127.0448622, 37.7751305], [127.0447792, 37.7742034], [127.0447041, 37.7733153], [127.0446971, 37.7732538]]}}, {"type": "Feature", "properties": {"line_ref": "1", "line_name": "수도권 전철 1호선", "colour": "#004A85"}, "geometry": {"type": "LineString", "coordinates": [[127.0446971, 37.7732538], [127.0446896, 37.7731597], [127.0446445, 37.7725593], [127.0445449, 37.770999]]}}, {"type": "Feature", "properties": {"line_ref": "1", "line_name": "수도권 전철 1호선", "colour": "#004A85"}, "geometry": {"type": "LineString", "coordinates": [[127.0445449, 37.770999], [127.044534, 37.7708458]]}}, {"type": "Feature", "properties": {"line_ref": "1", "line_name": "수도권 전철 1호선", "colour": "#004A85"}, "geometry": {"type": "LineString", "coordinates": [[127.044534, 37.7708458], [127.0444396, 37.7697461], [127.0444121, 37.769254]]}}, {"type": "Feature", "properties": {"line_ref": "1", "line_name": "수도권 전철 1호선", "colour": "#004A85"}, "geometry": {"type": "LineString", "coordinates": [[127.0444121, 37.769254], [127.0444052, 37.7691671], [127.0443493, 37.7684683], [127.0443324, 37.7682525], [127.0442927, 37.7677947], [127.0442483, 37.7674422], [127.0442156, 37.7672096], [127.0441806, 37.7669955], [127.0441503, 37.7668238], [127.0441152, 37.7666669], [127.0440685, 37.7664897], [127.0439994, 37.7662455], [127.0433401, 37.7641313], [127.0427978, 37.7623873], [127.0426807, 37.761966], [127.0426037, 37.7616542], [127.042541, 37.7613522], [127.042472, 37.7609969], [127.0424326, 37.7607518], [127.0424189, 37.7605944], [127.0423985, 37.7603828], [127.0423965, 37.7603572]]}}, {"type": "Feature", "properties": {"line_ref": "1", "line_name": "수도권 전철 1호선", "colour": "#004A85"}, "geometry": {"type": "LineString", "coordinates": [[127.0423965, 37.7603572], [127.042323, 37.758501], [127.042321, 37.7584487], [127.0423213, 37.7584374]]}}, {"type": "Feature", "properties": {"line_ref": "1", "line_name": "수도권 전철 1호선", "colour": "#004A85"}, "geometry": {"type": "LineString", "coordinates": [[127.0423213, 37.7584374], [127.0422736, 37.7576314], [127.0422382, 37.7546799], [127.0422765, 37.7542203], [127.0423364, 37.753768], [127.042493, 37.7530972], [127.0426883, 37.752544], [127.0429805, 37.7518288], [127.0432227, 37.7512993], [127.0433819, 37.7509273], [127.0434565, 37.7507532], [127.0436245, 37.7503609], [127.0437689, 37.7500235], [127.0438598, 37.7498113], [127.0438648, 37.7497996], [127.0439486, 37.7496034], [127.0440675, 37.7493252]]}}, {"type": "Feature", "properties": {"line_ref": "1", "line_name": "수도권 전철 1호선", "colour": "#004A85"}, "geometry": {"type": "LineString", "coordinates": [[127.0440675, 37.7493252], [127.0442621, 37.7488699], [127.0445895, 37.7479827], [127.0447039, 37.7476557], [127.0447612, 37.7474818]]}}, {"type": "Feature", "properties": {"line_ref": "1", "line_name": "수도권 전철 1호선", "colour": "#004A85"}, "geometry": {"type": "LineString", "coordinates": [[127.0447612, 37.7474818], [127.0448641, 37.7471432], [127.044978, 37.7467735], [127.0450674, 37.7463684], [127.0451568, 37.7458798], [127.045226, 37.7454522], [127.0454446, 37.7437753]]}}, {"type": "Feature", "properties": {"line_ref": "1", "line_name": "수도권 전철 1호선", "colour": "#004A85"}, "geometry": {"type": "LineString", "coordinates": [[127.0454446, 37.7437753], [127.0455259, 37.7431452], [127.0458135, 37.7409149]]}}, {"type": "Feature", "properties": {"line_ref": "1", "line_name": "수도권 전철 1호선", "colour": "#004A85"}, "geometry": {"type": "LineString", "coordinates": [[127.0458135, 37.7409149], [127.0458282, 37.7408202], [127.0458462, 37.7407045]]}}, {"type": "Feature", "properties": {"line_ref": "1", "line_name": "수도권 전철 1호선", "colour": "#004A85"}, "geometry": {"type": "LineString", "coordinates": [[127.0458462, 37.7407045], [127.0459, 37.7402688], [127.0459413, 37.7399539], [127.0459517, 37.7398744], [127.0460098, 37.7394303], [127.0460931, 37.7389819]]}}, {"type": "Feature", "properties": {"line_ref": "1", "line_name": "수도권 전철 1호선", "colour": "#004A85"}, "geometry": {"type": "LineString", "coordinates": [[127.0460931, 37.7389819], [127.0461558, 37.7385409], [127.0464268, 37.7366367], [127.0464575, 37.7364211]]}}, {"type": "Feature", "properties": {"line_ref": "1", "line_name": "수도권 전철 1호선", "colour": "#004A85"}, "geometry": {"type": "LineString", "coordinates": [[127.0464575, 37.7364211], [127.0464631, 37.7363656], [127.0465614, 37.7353962], [127.0465992, 37.7348874], [127.0466477, 37.7340592], [127.0466727, 37.7337986]]}}, {"type": "Feature", "properties": {"line_ref": "1", "line_name": "수도권 전철 1호선", "colour": "#004A85"}, "geometry": {"type": "LineString", "coordinates": [[127.0466727, 37.7337986], [127.0466826, 37.7334222]]}}, {"type": "Feature", "properties": {"line_ref": "1", "line_name": "수도권 전철 1호선", "colour": "#004A85"}, "geometry": {"type": "LineString", "coordinates": [[127.0466826, 37.7334222], [127.0466957, 37.7332856]]}}, {"type": "Feature", "properties": {"line_ref": "1", "line_name": "수도권 전철 1호선", "colour": "#004A85"}, "geometry": {"type": "LineString", "coordinates": [[127.0466957, 37.7332856], [127.0467057, 37.7332127]]}}, {"type": "Feature", "properties": {"line_ref": "1", "line_name": "수도권 전철 1호선", "colour": "#004A85"}, "geometry": {"type": "LineString", "coordinates": [[127.0467057, 37.7332127], [127.0467462, 37.7328998]]}}, {"type": "Feature", "properties": {"line_ref": "1", "line_name": "수도권 전철 1호선", "colour": "#004A85"}, "geometry": {"type": "LineString", "coordinates": [[127.0467462, 37.7328998], [127.0467933, 37.7325465], [127.0468494, 37.7321199], [127.0470473, 37.7305001]]}}, {"type": "Feature", "properties": {"line_ref": "1", "line_name": "수도권 전철 1호선", "colour": "#004A85"}, "geometry": {"type": "LineString", "coordinates": [[127.0470473, 37.7305001], [127.047167, 37.7295517]]}}, {"type": "Feature", "properties": {"line_ref": "1", "line_name": "수도권 전철 1호선", "colour": "#004A85"}, "geometry": {"type": "LineString", "coordinates": [[127.047167, 37.7295517], [127.0471816, 37.7293928], [127.047194, 37.7292583], [127.047212, 37.7290624], [127.0472147, 37.7290389]]}}, {"type": "Feature", "properties": {"line_ref": "1", "line_name": "수도권 전철 1호선", "colour": "#004A85"}, "geometry": {"type": "LineString", "coordinates": [[127.0472147, 37.7290389], [127.0472251, 37.7289469], [127.0472306, 37.7288961], [127.0472455, 37.7287578], [127.0472748, 37.7284874], [127.0473141, 37.7281234], [127.0474402, 37.7270456], [127.0474762, 37.7267227], [127.0474912, 37.7264177], [127.0475051, 37.7258972]]}}, {"type": "Feature", "properties": {"line_ref": "1", "line_name": "수도권 전철 1호선", "colour": "#004A85"}, "geometry": {"type": "LineString", "coordinates": [[127.0475051, 37.7258972], [127.0474984, 37.725617], [127.0474916, 37.7253708], [127.0474717, 37.7249729], [127.0474499, 37.7248166]]}}, {"type": "Feature", "properties": {"line_ref": "1", "line_name": "수도권 전철 1호선", "colour": "#004A85"}, "geometry": {"type": "LineString", "coordinates": [[127.0474499, 37.7248166], [127.0474428, 37.7247224], [127.0474125, 37.7244655]]}}, {"type": "Feature", "properties": {"line_ref": "1", "line_name": "수도권 전철 1호선", "colour": "#004A85"}, "geometry": {"type": "LineString", "coordinates": [[127.0474125, 37.7244655], [127.0473865, 37.7242455]]}}, {"type": "Feature", "properties": {"line_ref": "1", "line_name": "수도권 전철 1호선", "colour": "#004A85"}, "geometry": {"type": "LineString", "coordinates": [[127.0473865, 37.7242455], [127.047357, 37.7239952], [127.0472403, 37.7230757], [127.0470225, 37.721617], [127.0469072, 37.7208169]]}}, {"type": "Feature", "properties": {"line_ref": "1", "line_name": "수도권 전철 1호선", "colour": "#004A85"}, "geometry": {"type": "LineString", "coordinates": [[127.0469072, 37.7208169], [127.0469035, 37.7207913], [127.0468997, 37.720765]]}}, {"type": "Feature", "properties": {"line_ref": "1", "line_name": "수도권 전철 1호선", "colour": "#004A85"}, "geometry": {"type": "LineString", "coordinates": [[127.0468997, 37.720765], [127.0464603, 37.7177172], [127.0464355, 37.7174006], [127.0464217, 37.7169574], [127.0464299, 37.716135], [127.0464372, 37.7158404], [127.0464612, 37.7155953], [127.0465072, 37.7152839], [127.0465657, 37.7149245]]}}, {"type": "Feature", "properties": {"line_ref": "1", "line_name": "수도권 전철 1호선", "colour": "#004A85"}, "geometry": {"type": "LineString", "coordinates": [[127.0465657, 37.7149245], [127.0465805, 37.7148339], [127.0466427, 37.7144814]]}}, {"type": "Feature", "properties": {"line_ref": "1", "line_name": "수도권 전철 1호선", "colour": "#004A85"}, "geometry": {"type": "LineString", "coordinates": [[127.0466427, 37.7144814], [127.0468192, 37.7134156]]}}, {"type": "Feature", "properties": {"line_ref": "1", "line_name": "수도권 전철 1호선", "colour": "#004A85"}, "geometry": {"type": "LineString", "coordinates": [[127.0468192, 37.7134156], [127.0471692, 37.7115522]]}}, {"type": "Feature", "properties": {"line_ref": "1", "line_name": "수도권 전철 1호선", "colour": "#004A85"}, "geometry": {"type": "LineString", "coordinates": [[127.0471692, 37.7115522], [127.047594, 37.7094036], [127.0476456, 37.7091232], [127.0476687, 37.708998]]}}, {"type": "Feature", "properties": {"line_ref": "1", "line_name": "수도권 전철 1호선", "colour": "#004A85"}, "geometry": {"type": "LineString", "coordinates": [[127.0476687, 37.708998], [127.0477099, 37.7087534], [127.0477356, 37.7085063], [127.0477568, 37.7082083], [127.0477804, 37.7077978], [127.0477745, 37.7074058], [127.0477509, 37.7070532], [127.0476903, 37.7065969]]}}, {"type": "Feature", "properties": {"line_ref": "1", "line_name": "수도권 전철 1호선", "colour": "#004A85"}, "geometry": {"type": "LineString", "coordinates": [[127.0476903, 37.7065969], [127.0468378, 37.702615]]}}, {"type": "Feature", "properties": {"line_ref": "1", "line_name": "수도권 전철 1호선", "colour": "#004A85"}, "geometry": {"type": "LineString", "coordinates": [[127.0468378, 37.702615], [127.0462545, 37.6997275]]}}, {"type": "Feature", "properties": {"line_ref": "1", "line_name": "수도권 전철 1호선", "colour": "#004A85"}, "geometry": {"type": "LineString", "coordinates": [[127.0462545, 37.6997275], [127.0460617, 37.6988193], [127.0457863, 37.6974618], [127.0457023, 37.6969821], [127.0456616, 37.6966726]]}}, {"type": "Feature", "properties": {"line_ref": "1", "line_name": "수도권 전철 1호선", "colour": "#004A85"}, "geometry": {"type": "LineString", "coordinates": [[127.0456616, 37.6966726], [127.04564, 37.6964329]]}}, {"type": "Feature", "properties": {"line_ref": "1", "line_name": "수도권 전철 1호선", "colour": "#004A85"}, "geometry": {"type": "LineString", "coordinates": [[127.04564, 37.6964329], [127.0456341, 37.6963409], [127.0456246, 37.6961915], [127.0456123, 37.695821], [127.0456308, 37.6954211], [127.0457171, 37.6944814], [127.045774, 37.6935067], [127.0457897, 37.693364]]}}, {"type": "Feature", "properties": {"line_ref": "1", "line_name": "수도권 전철 1호선", "colour": "#004A85"}, "geometry": {"type": "LineString", "coordinates": [[127.0457897, 37.693364], [127.0458726, 37.6923766], [127.0460008, 37.6909853], [127.0461184, 37.6896575], [127.046161, 37.6890799]]}}, {"type": "Feature", "properties": {"line_ref": "1", "line_name": "수도권 전철 1호선", "colour": "#004A85"}, "geometry": {"type": "LineString", "coordinates": [[127.046161, 37.6890799], [127.0461858, 37.688786], [127.0462016, 37.6885724]]}}, {"type": "Feature", "properties": {"line_ref": "1", "line_name": "수도권 전철 1호선", "colour": "#004A85"}, "geometry": {"type": "LineString", "coordinates": [[127.0462016, 37.6885724], [127.0462206, 37.6883242], [127.0462364, 37.6872985]]}}, {"type": "Feature", "properties": {"line_ref": "1", "line_name": "수도권 전철 1호선", "colour": "#004A85"}, "geometry": {"type": "LineString", "coordinates": [[127.0462364, 37.6872985], [127.0462904, 37.6865172], [127.0463558, 37.6859425], [127.0463866, 37.6856766]]}}, {"type": "Feature", "properties": {"line_ref": "1", "line_name": "수도권 전철 1호선", "colour": "#004A85"}, "geometry": {"type": "LineString", "coordinates": [[127.0463866, 37.6856766], [127.046394, 37.6854984], [127.0464045, 37.6849349], [127.0463838, 37.6843182], [127.0463582, 37.6839708], [127.0463208, 37.6836142], [127.046273, 37.6832947], [127.0457811, 37.6804457]]}}, {"type": "Feature", "properties": {"line_ref": "1", "line_name": "수도권 전철 1호선", "colour": "#004A85"}, "geometry": {"type": "LineString", "coordinates": [[127.0457811, 37.6804457], [127.0455465, 37.6791008], [127.0453853, 37.6781766], [127.0453511, 37.6779913]]}}, {"type": "Feature", "properties": {"line_ref": "1", "line_name": "수도권 전철 1호선", "colour": "#004A85"}, "geometry": {"type": "LineString", "coordinates": [[127.0453511, 37.6779913], [127.0453391, 37.6779192], [127.045314, 37.6777677], [127.0445776, 37.6734587], [127.0442753, 37.6715812], [127.044219, 37.6711396]]}}, {"type": "Feature", "properties": {"line_ref": "1", "line_name": "수도권 전철 1호선", "colour": "#004A85"}, "geometry": {"type": "LineString", "coordinates": [[127.044219, 37.6711396], [127.0441734, 37.6704496], [127.0441627, 37.6700696], [127.0441707, 37.6697363], [127.0441729, 37.6697015]]}}, {"type": "Feature", "properties": {"line_ref": "1", "line_name": "수도권 전철 1호선", "colour": "#004A85"}, "geometry": {"type": "LineString", "coordinates": [[127.0441729, 37.6697015], [127.044179, 37.6694575]]}}, {"type": "Feature", "properties": {"line_ref": "1", "line_name": "수도권 전철 1호선", "colour": "#004A85"}, "geometry": {"type": "LineString", "coordinates": [[127.044179, 37.6694575], [127.0441821, 37.6693796], [127.0442025, 37.6691429], [127.0442284, 37.6688908]]}}, {"type": "Feature", "properties": {"line_ref": "1", "line_name": "수도권 전철 1호선", "colour": "#004A85"}, "geometry": {"type": "LineString", "coordinates": [[127.0442284, 37.6688908], [127.0442531, 37.6686392], [127.0444071, 37.66676], [127.0444265, 37.666534], [127.0444663, 37.6660942]]}}, {"type": "Feature", "properties": {"line_ref": "1", "line_name": "수도권 전철 1호선", "colour": "#004A85"}, "geometry": {"type": "LineString", "coordinates": [[127.0444663, 37.6660942], [127.0444699, 37.6660281]]}}, {"type": "Feature", "properties": {"line_ref": "1", "line_name": "수도권 전철 1호선", "colour": "#004A85"}, "geometry": {"type": "LineString", "coordinates": [[127.0444699, 37.6660281], [127.0444837, 37.6658673], [127.0445031, 37.6656112], [127.0446201, 37.6640671], [127.0447745, 37.6622437]]}}, {"type": "Feature", "properties": {"line_ref": "1", "line_name": "수도권 전철 1호선", "colour": "#004A85"}, "geometry": {"type": "LineString", "coordinates": [[127.0447745, 37.6622437], [127.0447865, 37.6620822]]}}, {"type": "Feature", "properties": {"line_ref": "1", "line_name": "수도권 전철 1호선", "colour": "#004A85"}, "geometry": {"type": "LineString", "coordinates": [[127.0447865, 37.6620822], [127.0447991, 37.6618833], [127.0448257, 37.6615418], [127.0448412, 37.6612801], [127.0448641, 37.6610283], [127.0448754, 37.6609083], [127.0448945, 37.6607573], [127.0449139, 37.6606129], [127.0449423, 37.6604425], [127.0451423, 37.6595616], [127.045201, 37.6593546], [127.0452608, 37.6591319], [127.0453539, 37.658849], [127.0454469, 37.658599], [127.0456638, 37.6580863], [127.0457686, 37.6578309], [127.0458947, 37.6575253], [127.0459733, 37.6573361], [127.0460571, 37.6571443], [127.0463209, 37.656535], [127.0464764, 37.6561671]]}}, {"type": "Feature", "properties": {"line_ref": "1", "line_name": "수도권 전철 1호선", "colour": "#004A85"}, "geometry": {"type": "LineString", "coordinates": [[127.0464764, 37.6561671], [127.0466584, 37.6557223], [127.0469228, 37.6550998], [127.0472075, 37.6544334], [127.0473035, 37.6541968], [127.0476872, 37.6533208]]}}, {"type": "Feature", "properties": {"line_ref": "1", "line_name": "수도권 전철 1호선", "colour": "#004A85"}, "geometry": {"type": "LineString", "coordinates": [[127.0476872, 37.6533208], [127.0481898, 37.6522193], [127.048315, 37.6519412], [127.0485091, 37.6514343]]}}, {"type": "Feature", "properties": {"line_ref": "1", "line_name": "수도권 전철 1호선", "colour": "#004A85"}, "geometry": {"type": "LineString", "coordinates": [[127.0485091, 37.6514343], [127.0486072, 37.6511742], [127.0488096, 37.6506819], [127.0489155, 37.6504428], [127.0490818, 37.6500451], [127.0492483, 37.6496735], [127.0494613, 37.6491788]]}}, {"type": "Feature", "properties": {"line_ref": "1", "line_name": "수도권 전철 1호선", "colour": "#004A85"}, "geometry": {"type": "LineString", "coordinates": [[127.0494613, 37.6491788], [127.049652, 37.6487382], [127.0499327, 37.6481329], [127.0507342, 37.6462359], [127.0509576, 37.6457119]]}}, {"type": "Feature", "properties": {"line_ref": "1", "line_name": "수도권 전철 1호선", "colour": "#004A85"}, "geometry": {"type": "LineString", "coordinates": [[127.0509576, 37.6457119], [127.0510124, 37.6455786]]}}, {"type": "Feature", "properties": {"line_ref": "1", "line_name": "수도권 전철 1호선", "colour": "#004A85"}, "geometry": {"type": "LineString", "coordinates": [[127.0510124, 37.6455786], [127.0516865, 37.6439844], [127.0518134, 37.6436829]]}}, {"type": "Feature", "properties": {"line_ref": "1", "line_name": "수도권 전철 1호선", "colour": "#004A85"}, "geometry": {"type": "LineString", "coordinates": [[127.0518134, 37.6436829], [127.0518308, 37.6436423], [127.0518533, 37.6435901], [127.0518773, 37.6435343]]}}, {"type": "Feature", "properties": {"line_ref": "1", "line_name": "수도권 전철 1호선", "colour": "#004A85"}, "geometry": {"type": "LineString", "coordinates": [[127.0518773, 37.6435343], [127.0519269, 37.643416], [127.0522081, 37.6427964], [127.0523142, 37.642576], [127.052388, 37.6424493], [127.0524856, 37.6422824], [127.0525885, 37.6421241]]}}, {"type": "Feature", "properties": {"line_ref": "1", "line_name": "수도권 전철 1호선", "colour": "#004A85"}, "geometry": {"type": "LineString", "coordinates": [[127.0525885, 37.6421241], [127.0528019, 37.6417953], [127.0529944, 37.6415571], [127.0531959, 37.6412966], [127.0533915, 37.6410681], [127.0535427, 37.640902], [127.0536855, 37.6407492], [127.0539053, 37.6405229], [127.054155, 37.6402769]]}}, {"type": "Feature", "properties": {"line_ref": "1", "line_name": "수도권 전철 1호선", "colour": "#004A85"}, "geometry": {"type": "LineString", "coordinates": [[127.054155, 37.6402769], [127.0543837, 37.6400622], [127.0545825, 37.6398821], [127.0548435, 37.6396675], [127.0549495, 37.6395879], [127.0556547, 37.63901], [127.0560833, 37.638671], [127.0566821, 37.6381874]]}}, {"type": "Feature", "properties": {"line_ref": "1", "line_name": "수도권 전철 1호선", "colour": "#004A85"}, "geometry": {"type": "LineString", "coordinates": [[127.0566821, 37.6381874], [127.0571544, 37.6377894], [127.0576465, 37.6372934], [127.058061, 37.6367918]]}}, {"type": "Feature", "properties": {"line_ref": "1", "line_name": "수도권 전철 1호선", "colour": "#004A85"}, "geometry": {"type": "LineString", "coordinates": [[127.058061, 37.6367918], [127.0581584, 37.6366224], [127.0582586, 37.636454], [127.0583264, 37.6363343], [127.0583935, 37.636204], [127.0584581, 37.6360728], [127.0585094, 37.6359539], [127.0585749, 37.6357881], [127.0586684, 37.6355464], [127.0587606, 37.6352253], [127.0588277, 37.6349375], [127.0588821, 37.634645], [127.0589207, 37.6343729]]}}, {"type": "Feature", "properties": {"line_ref": "1", "line_name": "수도권 전철 1호선", "colour": "#004A85"}, "geometry": {"type": "LineString", "coordinates": [[127.0589207, 37.6343729], [127.0589393, 37.6342698], [127.0589441, 37.6341132], [127.0589339, 37.6339174]]}}, {"type": "Feature", "properties": {"line_ref": "1", "line_name": "수도권 전철 1호선", "colour": "#004A85"}, "geometry": {"type": "LineString", "coordinates": [[127.0589339, 37.6339174], [127.0588626, 37.6323154], [127.0588534, 37.6321129], [127.058848, 37.6320275]]}}, {"type": "Feature", "properties": {"line_ref": "1", "line_name": "수도권 전철 1호선", "colour": "#004A85"}, "geometry": {"type": "LineString", "coordinates": [[127.058848, 37.6320275], [127.058839, 37.6319037]]}}, {"type": "Feature", "properties": {"line_ref": "1", "line_name": "수도권 전철 1호선", "colour": "#004A85"}, "geometry": {"type": "LineString", "coordinates": [[127.058839, 37.6319037], [127.058847, 37.6315484], [127.0588547, 37.6311627], [127.0588811, 37.6309349], [127.0589401, 37.6305727], [127.0590153, 37.6302217], [127.0590793, 37.6299706], [127.0591351, 37.6298073], [127.0592767, 37.629425], [127.0594811, 37.6289205], [127.0595709, 37.6287143], [127.0599142, 37.6279626], [127.0600414, 37.6276948]]}}, {"type": "Feature", "properties": {"line_ref": "1", "line_name": "수도권 전철 1호선", "colour": "#004A85"}, "geometry": {"type": "LineString", "coordinates": [[127.0600414, 37.6276948], [127.0600891, 37.6275859]]}}, {"type": "Feature", "properties": {"line_ref": "1", "line_name": "수도권 전철 1호선", "colour": "#004A85"}, "geometry": {"type": "LineString", "coordinates": [[127.0607196, 37.6262486], [127.0605282, 37.6266455], [127.0603512, 37.6270077], [127.0602259, 37.6272879], [127.0600891, 37.6275859]]}}, {"type": "Feature", "properties": {"line_ref": "1", "line_name": "수도권 전철 1호선", "colour": "#004A85"}, "geometry": {"type": "LineString", "coordinates": [[127.0607196, 37.6262486], [127.0608942, 37.6258678], [127.0609882, 37.625664], [127.0610925, 37.6254215], [127.0612693, 37.6250198]]}}, {"type": "Feature", "properties": {"line_ref": "1", "line_name": "수도권 전철 1호선", "colour": "#004A85"}, "geometry": {"type": "LineString", "coordinates": [[127.0612693, 37.6250198], [127.0614238, 37.6246769], [127.0620693, 37.6232033]]}}, {"type": "Feature", "properties": {"line_ref": "1", "line_name": "수도권 전철 1호선", "colour": "#004A85"}, "geometry": {"type": "LineString", "coordinates": [[127.0620693, 37.6232033], [127.0621121, 37.6231095], [127.0625183, 37.6222072], [127.0630012, 37.6211075]]}}, {"type": "Feature", "properties": {"line_ref": "1", "line_name": "수도권 전철 1호선", "colour": "#004A85"}, "geometry": {"type": "LineString", "coordinates": [[127.0630012, 37.6211075], [127.0632431, 37.6205858], [127.0634261, 37.6201881], [127.0635054, 37.6200223], [127.0636497, 37.6196198], [127.0637412, 37.6193927], [127.0638503, 37.6191505]]}}, {"type": "Feature", "properties": {"line_ref": "1", "line_name": "수도권 전철 1호선", "colour": "#004A85"}, "geometry": {"type": "LineString", "coordinates": [[127.0638503, 37.6191505], [127.0640129, 37.6188381], [127.0641552, 37.6185628], [127.064332, 37.6181731]]}}, {"type": "Feature", "properties": {"line_ref": "1", "line_name": "수도권 전철 1호선", "colour": "#004A85"}, "geometry": {"type": "LineString", "coordinates": [[127.064332, 37.6181731], [127.0644377, 37.6179396]]}}, {"type": "Feature", "properties": {"line_ref": "1", "line_name": "수도권 전철 1호선", "colour": "#004A85"}, "geometry": {"type": "LineString", "coordinates": [[127.0644377, 37.6179396], [127.0645998, 37.6175836], [127.064853, 37.6170383]]}}, {"type": "Feature", "properties": {"line_ref": "1", "line_name": "수도권 전철 1호선", "colour": "#004A85"}, "geometry": {"type": "LineString", "coordinates": [[127.064853, 37.6170383], [127.0649761, 37.616758]]}}, {"type": "Feature", "properties": {"line_ref": "1", "line_name": "수도권 전철 1호선", "colour": "#004A85"}, "geometry": {"type": "LineString", "coordinates": [[127.0649761, 37.616758], [127.0650772, 37.6165454], [127.065163, 37.6163723], [127.0652918, 37.6161234], [127.0653911, 37.6159297], [127.06576, 37.6151154], [127.0658592, 37.6148793]]}}, {"type": "Feature", "properties": {"line_ref": "1", "line_name": "수도권 전철 1호선", "colour": "#004A85"}, "geometry": {"type": "LineString", "coordinates": [[127.0658592, 37.6148793], [127.0660619, 37.6143968], [127.0661482, 37.6141815], [127.0661952, 37.6140642]]}}, {"type": "Feature", "properties": {"line_ref": "1", "line_name": "수도권 전철 1호선", "colour": "#004A85"}, "geometry": {"type": "LineString", "coordinates": [[127.0661952, 37.6140642], [127.066282, 37.6138503], [127.0663487, 37.613686], [127.066378, 37.613621]]}}, {"type": "Feature", "properties": {"line_ref": "1", "line_name": "수도권 전철 1호선", "colour": "#004A85"}, "geometry": {"type": "LineString", "coordinates": [[127.066378, 37.613621], [127.0664154, 37.6135364], [127.0671613, 37.6118502], [127.067276, 37.6115386], [127.0674656, 37.6107618], [127.0675792, 37.6103043]]}}, {"type": "Feature", "properties": {"line_ref": "1", "line_name": "수도권 전철 1호선", "colour": "#004A85"}, "geometry": {"type": "LineString", "coordinates": [[127.0675792, 37.6103043], [127.0676648, 37.6098008], [127.0677104, 37.6093612], [127.0677446, 37.6085547], [127.0677924, 37.6066252], [127.0677995, 37.6061243], [127.0678394, 37.6050145], [127.0678394, 37.6045792], [127.0678369, 37.6041186], [127.0678191, 37.6037461], [127.067788, 37.6034418], [127.0677604, 37.6031564], [127.0677457, 37.6030388]]}}, {"type": "Feature", "properties": {"line_ref": "1", "line_name": "수도권 전철 1호선", "colour": "#004A85"}, "geometry": {"type": "LineString", "coordinates": [[127.0677457, 37.6030388], [127.0677302, 37.6029436], [127.0676915, 37.6027536], [127.067649, 37.602581], [127.0675997, 37.6024058], [127.0675062, 37.6021454], [127.0674155, 37.6018979], [127.0673367, 37.6017014]]}}, {"type": "Feature", "properties": {"line_ref": "1", "line_name": "수도권 전철 1호선", "colour": "#004A85"}, "geometry": {"type": "LineString", "coordinates": [[127.0673367, 37.6017014], [127.0673146, 37.6016478], [127.0672084, 37.6013954], [127.0671056, 37.6011811]]}}, {"type": "Feature", "properties": {"line_ref": "1", "line_name": "수도권 전철 1호선", "colour": "#004A85"}, "geometry": {"type": "LineString", "coordinates": [[127.0671056, 37.6011811], [127.067087, 37.601144]]}}, {"type": "Feature", "properties": {"line_ref": "1", "line_name": "수도권 전철 1호선", "colour": "#004A85"}, "geometry": {"type": "LineString", "coordinates": [[127.067087, 37.601144], [127.0669802, 37.600931], [127.0667858, 37.6005955], [127.0666378, 37.6003519], [127.0663597, 37.5999394], [127.0660583, 37.5995065], [127.0658283, 37.5991604], [127.0655923, 37.5988306], [127.0653683, 37.598531], [127.0652503, 37.598368], [127.0651792, 37.5982613], [127.064903, 37.5978366], [127.0646226, 37.5974379], [127.063374, 37.5956329], [127.0631039, 37.5952424], [127.0629597, 37.5950485], [127.0625674, 37.5944904], [127.0621656, 37.5939151], [127.0613301, 37.5927492], [127.0610711, 37.5923627], [127.0608076, 37.591982], [127.0605668, 37.5916596], [127.0604497, 37.5915161], [127.0603353, 37.591381], [127.0602747, 37.5913143], [127.0601938, 37.5912379], [127.0599486, 37.590997], [127.0596862, 37.590767], [127.0594872, 37.5906165], [127.0592178, 37.5904269], [127.0589546, 37.5902544], [127.058799, 37.5901657], [127.0587175, 37.590121], [127.0573107, 37.5893571], [127.0569901, 37.5891896], [127.0567985, 37.5890895], [127.0564292, 37.5889065], [127.0560565, 37.5887056], [127.0556839, 37.5885064], [127.0552986, 37.5883005], [127.0548862, 37.5880679], [127.0544912, 37.58782], [127.0544132, 37.5877804], [127.0540835, 37.5875561], [127.0537701, 37.587325], [127.0534519, 37.5870759], [127.0531572, 37.586827], [127.0528564, 37.5865519], [127.052582, 37.5862767], [127.0523532, 37.5860305], [127.0521922, 37.5858355], [127.0520493, 37.585655], [127.052022, 37.5856205]]}}, {"type": "Feature", "properties": {"line_ref": "1", "line_name": "수도권 전철 1호선", "colour": "#004A85"}, "geometry": {"type": "LineString", "coordinates": [[127.0517622, 37.5852907], [127.052022, 37.5856205]]}}, {"type": "Feature", "properties": {"line_ref": "1", "line_name": "수도권 전철 1호선", "colour": "#004A85"}, "geometry": {"type": "LineString", "coordinates": [[127.0517622, 37.5852907], [127.0517369, 37.5852652], [127.0515741, 37.5851008], [127.0514494, 37.5849741], [127.0512775, 37.5847862], [127.0511524, 37.5846518], [127.0510466, 37.5845392], [127.0507618, 37.5842118]]}}, {"type": "Feature", "properties": {"line_ref": "1", "line_name": "수도권 전철 1호선", "colour": "#004A85"}, "geometry": {"type": "LineString", "coordinates": [[127.0507618, 37.5842118], [127.0505691, 37.583981], [127.0503724, 37.5837552], [127.0501849, 37.5835375], [127.0499731, 37.5833075], [127.049832, 37.5831568], [127.0497266, 37.5830493], [127.0496346, 37.5829628]]}}, {"type": "Feature", "properties": {"line_ref": "1", "line_name": "수도권 전철 1호선", "colour": "#004A85"}, "geometry": {"type": "LineString", "coordinates": [[127.0496346, 37.5829628], [127.0494776, 37.5828082], [127.0486429, 37.582011], [127.0482295, 37.5816237], [127.0478425, 37.5813363], [127.0475657, 37.5811518], [127.0474109, 37.5810568], [127.0472222, 37.5809529], [127.0468574, 37.5807699]]}}, {"type": "Feature", "properties": {"line_ref": "1", "line_name": "수도권 전철 1호선", "colour": "#004A85"}, "geometry": {"type": "LineString", "coordinates": [[127.0468574, 37.5807699], [127.0464324, 37.5806008], [127.0462123, 37.5805004], [127.0458642, 37.580342], [127.0453635, 37.5801275], [127.0449911, 37.5800029], [127.0444291, 37.5798212], [127.043623, 37.5795811]]}}, {"type": "Feature", "properties": {"line_ref": "1", "line_name": "수도권 전철 1호선", "colour": "#004A85"}, "geometry": {"type": "LineString", "coordinates": [[127.043623, 37.5795811], [127.0432668, 37.5794925], [127.0430705, 37.5794457], [127.0429504, 37.5794113], [127.0427654, 37.5793582], [127.0424037, 37.5792457], [127.0392821, 37.578234], [127.0390503, 37.5781558], [127.0388639, 37.5781227], [127.038538, 37.5780624], [127.0382804, 37.5780213], [127.0380653, 37.5779938], [127.0378979, 37.5779727], [127.0376989, 37.5779641], [127.0373664, 37.5779717], [127.0370648, 37.5779937], [127.0368515, 37.5780278], [127.0365214, 37.5780866], [127.036267, 37.5781388], [127.0359222, 37.5782009], [127.0356047, 37.5782519], [127.0352772, 37.5782999], [127.0349641, 37.5783303], [127.0346819, 37.5783446], [127.0344833, 37.5783503], [127.0342886, 37.5783546], [127.0340242, 37.5783423], [127.0337899, 37.5783298], [127.0335456, 37.5783087], [127.0333687, 37.5782829], [127.0330819, 37.578244], [127.0327464, 37.5781907], [127.0322944, 37.5780957], [127.0319178, 37.5780202], [127.031343, 37.5778991], [127.0304355, 37.5776808], [127.0261692, 37.5764864], [127.0255218, 37.5762861], [127.0240021, 37.5758317], [127.0234914, 37.575647], [127.0233719, 37.575607], [127.0233389, 37.5755957], [127.0227256, 37.5753487], [127.0219186, 37.575038], [127.0211652, 37.5747397], [127.0184873, 37.5738207], [127.0181664, 37.573717], [127.0175872, 37.5735176], [127.0172718, 37.5734243], [127.0169171, 37.5733278], [127.0161458, 37.5731348]]}}, {"type": "Feature", "properties": {"line_ref": "1", "line_name": "수도권 전철 1호선", "colour": "#004A85"}, "geometry": {"type": "LineString", "coordinates": [[127.0161458, 37.5731348], [127.0159929, 37.5730908], [127.0152126, 37.5728759], [127.0127659, 37.5721622], [127.0125622, 37.5721018], [127.0122792, 37.5720345], [127.0112205, 37.5717819], [127.0109907, 37.5717329], [127.0099593, 37.5715049], [127.0097396, 37.5714491], [127.0085696, 37.5711581], [127.0083093, 37.5711152], [127.0080504, 37.5710943], [127.0077955, 37.5710871], [127.0029017, 37.5709934], [127.0019107, 37.570963], [127.0011763, 37.5709298], [126.9974426, 37.5706776], [126.9969904, 37.5706396], [126.9957178, 37.5705592]]}}, {"type": "Feature", "properties": {"line_ref": "1", "line_name": "수도권 전철 1호선", "colour": "#004A85"}, "geometry": {"type": "LineString", "coordinates": [[126.9957178, 37.5705592], [126.9951101, 37.5705192], [126.9933338, 37.5704712], [126.9923861, 37.570431], [126.9908321, 37.5703357], [126.9906005, 37.5703231], [126.9883738, 37.5702228], [126.9876616, 37.570198], [126.9861674, 37.5701681], [126.9847544, 37.5701623], [126.9842394, 37.5701562], [126.9835724, 37.5701417], [126.9829778, 37.5701358], [126.9821118, 37.5701195], [126.9817054, 37.5701204], [126.9813156, 37.5701229]]}}, {"type": "Feature", "properties": {"line_ref": "1", "line_name": "수도권 전철 1호선", "colour": "#004A85"}, "geometry": {"type": "LineString", "coordinates": [[126.9813156, 37.5701229], [126.9807519, 37.5701041], [126.9803985, 37.5700943], [126.9800376, 37.5700871], [126.9797215, 37.5700867], [126.9794157, 37.5700972], [126.9792669, 37.5701036], [126.9790976, 37.5701218], [126.978921, 37.5701563], [126.9786724, 37.5702007], [126.9784449, 37.5702195], [126.9782518, 37.5702169], [126.9780826, 37.5701993], [126.977956, 37.5701674], [126.9777891, 37.57013], [126.9775996, 37.5700518], [126.9773802, 37.5699278], [126.9771677, 37.5697688], [126.9770079, 37.5695959], [126.9769277, 37.569465], [126.9768488, 37.569308], [126.9767961, 37.5691086], [126.976789, 37.5688814], [126.9768327, 37.5686717], [126.9769012, 37.5684394], [126.9769793, 37.568227], [126.9770463, 37.5680611], [126.9771071, 37.5678809], [126.9771763, 37.5676091]]}}, {"type": "Feature", "properties": {"line_ref": "1", "line_name": "수도권 전철 1호선", "colour": "#004A85"}, "geometry": {"type": "LineString", "coordinates": [[126.9771763, 37.5676091], [126.9772353, 37.5673189], [126.9772527, 37.5671633], [126.9772628, 37.5668818], [126.9772269, 37.5664258], [126.9771821, 37.5660693], [126.977167, 37.5658172], [126.9771572, 37.5653526], [126.9771453, 37.5647767], [126.9771209, 37.564622], [126.9770775, 37.5644671], [126.9770046, 37.5642398], [126.9768264, 37.5637499], [126.9765198, 37.5629973], [126.9761443, 37.5620505]]}}, {"type": "Feature", "properties": {"line_ref": "1", "line_name": "수도권 전철 1호선", "colour": "#004A85"}, "geometry": {"type": "LineString", "coordinates": [[126.9761443, 37.5620505], [126.9760467, 37.5618091], [126.9758528, 37.5613812], [126.9757507, 37.5612067], [126.9756216, 37.5609905], [126.9754459, 37.5607477], [126.9752074, 37.5604548], [126.9748974, 37.5600959], [126.9743229, 37.5592961], [126.9734605, 37.5582297], [126.9733772, 37.5581269], [126.9732064, 37.5579163], [126.9731681, 37.5578691], [126.9729665, 37.5576088], [126.9728917, 37.5574922], [126.9727786, 37.5572478], [126.9726195, 37.5568295], [126.9724811, 37.556296], [126.9723702, 37.5558595], [126.9722752, 37.5553222], [126.9722165, 37.5548238]]}}, {"type": "Feature", "properties": {"line_ref": "1", "line_name": "수도권 전철 1호선", "colour": "#004A85"}, "geometry": {"type": "LineString", "coordinates": [[126.9722165, 37.5548238], [126.9721867, 37.5546272], [126.972121, 37.5539696], [126.9720721, 37.5535781], [126.972039, 37.5531707]]}}, {"type": "Feature", "properties": {"line_ref": "1", "line_name": "수도권 전철 1호선", "colour": "#004A85"}, "geometry": {"type": "LineString", "coordinates": [[126.972039, 37.5531707], [126.9720418, 37.5529094], [126.9720363, 37.5528811], [126.9719896, 37.5526387], [126.9719041, 37.5522435], [126.9718563, 37.5519657], [126.9717926, 37.5516907], [126.9717183, 37.5514312], [126.9717037, 37.5513864]]}}, {"type": "Feature", "properties": {"line_ref": "1", "line_name": "수도권 전철 1호선", "colour": "#004A85"}, "geometry": {"type": "LineString", "coordinates": [[126.9717037, 37.5513864], [126.9715658, 37.5509958], [126.9715378, 37.550884], [126.9715042, 37.550762], [126.9714794, 37.5506441], [126.9714599, 37.5505403], [126.9714121, 37.5502415], [126.9713821, 37.5500015], [126.9713787, 37.5499533]]}}, {"type": "Feature", "properties": {"line_ref": "1", "line_name": "수도권 전철 1호선", "colour": "#004A85"}, "geometry": {"type": "LineString", "coordinates": [[126.9713787, 37.5499533], [126.971363, 37.5497183], [126.971357, 37.5495593], [126.9713582, 37.5480072]]}}, {"type": "Feature", "properties": {"line_ref": "1", "line_name": "수도권 전철 1호선", "colour": "#004A85"}, "geometry": {"type": "LineString", "coordinates": [[126.9713582, 37.5480072], [126.9713582, 37.5475147], [126.971372, 37.5455447], [126.9713733, 37.5451667], [126.9713769, 37.5448892], [126.9713566, 37.5442426], [126.9713474, 37.5440008], [126.971335, 37.5434316], [126.9713474, 37.54307], [126.9713597, 37.5427207], [126.9713782, 37.542281], [126.971372, 37.5418719]]}}, {"type": "Feature", "properties": {"line_ref": "1", "line_name": "수도권 전철 1호선", "colour": "#004A85"}, "geometry": {"type": "LineString", "coordinates": [[126.971372, 37.5418719], [126.971372, 37.5416479]]}}, {"type": "Feature", "properties": {"line_ref": "1", "line_name": "수도권 전철 1호선", "colour": "#004A85"}, "geometry": {"type": "LineString", "coordinates": [[126.971372, 37.5416479], [126.9714083, 37.5395691], [126.9713967, 37.5389902], [126.9713812, 37.5386799], [126.9713474, 37.5382328], [126.9713073, 37.53782], [126.9712642, 37.5374242], [126.9712272, 37.5370821], [126.9711841, 37.5366912], [126.9711286, 37.5363223], [126.9710577, 37.5359143], [126.97099, 37.5355771], [126.9709314, 37.5353572], [126.9708359, 37.5350958], [126.9707496, 37.5348735], [126.9706264, 37.5346438], [126.9704415, 37.5343482], [126.9702505, 37.5340868], [126.9700964, 37.5338962], [126.9699116, 37.5336983], [126.969699, 37.5334955], [126.9695049, 37.5333269], [126.9687993, 37.5327503], [126.9686175, 37.5326135], [126.9679371, 37.5320649], [126.967292, 37.5315936]]}}, {"type": "Feature", "properties": {"line_ref": "1", "line_name": "수도권 전철 1호선", "colour": "#004A85"}, "geometry": {"type": "LineString", "coordinates": [[126.967292, 37.5315936], [126.9666627, 37.5311307], [126.9663189, 37.5308829], [126.966244, 37.5308295], [126.9661901, 37.5307905]]}}, {"type": "Feature", "properties": {"line_ref": "1", "line_name": "수도권 전철 1호선", "colour": "#004A85"}, "geometry": {"type": "LineString", "coordinates": [[126.9661901, 37.5307905], [126.9633509, 37.5287311], [126.9632077, 37.5286319]]}}, {"type": "Feature", "properties": {"line_ref": "1", "line_name": "수도권 전철 1호선", "colour": "#004A85"}, "geometry": {"type": "LineString", "coordinates": [[126.9632077, 37.5286319], [126.9625297, 37.5281271], [126.9622902, 37.5279696], [126.9613808, 37.5273453], [126.960993, 37.5270815], [126.9600947, 37.526454], [126.9588583, 37.5256484], [126.957873, 37.5249285], [126.9571, 37.5242881], [126.956432, 37.5236717]]}}, {"type": "Feature", "properties": {"line_ref": "1", "line_name": "수도권 전철 1호선", "colour": "#004A85"}, "geometry": {"type": "LineString", "coordinates": [[126.956432, 37.5236717], [126.9481222, 37.5161565]]}}, {"type": "Feature", "properties": {"line_ref": "1", "line_name": "수도권 전철 1호선", "colour": "#004A85"}, "geometry": {"type": "LineString", "coordinates": [[126.9481222, 37.5161565], [126.9479813, 37.5160454], [126.9473602, 37.5155558], [126.9466458, 37.5151217], [126.9462671, 37.5149587], [126.9456708, 37.5147386], [126.9449717, 37.5145635], [126.9445133, 37.514482], [126.9435907, 37.5143801]]}}, {"type": "Feature", "properties": {"line_ref": "1", "line_name": "수도권 전철 1호선", "colour": "#004A85"}, "geometry": {"type": "LineString", "coordinates": [[126.9435907, 37.5143801], [126.9424806, 37.5142714], [126.9412977, 37.5141459], [126.9401896, 37.514033], [126.9399501, 37.5140066], [126.9395042, 37.5139575]]}}, {"type": "Feature", "properties": {"line_ref": "1", "line_name": "수도권 전철 1호선", "colour": "#004A85"}, "geometry": {"type": "LineString", "coordinates": [[126.9395042, 37.5139575], [126.9385456, 37.5138353], [126.9379482, 37.5137802], [126.9365902, 37.5137132], [126.9338924, 37.5136545], [126.9306843, 37.5135729], [126.9276813, 37.5134441], [126.9262178, 37.5134032], [126.9261051, 37.5134001], [126.9257987, 37.513401], [126.9254113, 37.5134068], [126.9250403, 37.5134258], [126.9246246, 37.5134945], [126.9241729, 37.5135962], [126.9237015, 37.5137527], [126.9232281, 37.5139716], [126.9228362, 37.5141915], [126.9225453, 37.5143913], [126.922142, 37.5146877], [126.9208393, 37.5157139], [126.9205095, 37.5159397], [126.9201053, 37.5161963], [126.9196597, 37.5164381], [126.9191382, 37.5166637], [126.9187369, 37.5168154], [126.9182644, 37.5169533], [126.9178368, 37.5170439], [126.9174774, 37.51712], [126.9169107, 37.5171755], [126.9164518, 37.5171965], [126.9157995, 37.5171997], [126.9152333, 37.517175], [126.9142271, 37.5171063], [126.9141177, 37.5170989]]}}, {"type": "Feature", "properties": {"line_ref": "1", "line_name": "수도권 전철 1호선", "colour": "#004A85"}, "geometry": {"type": "LineString", "coordinates": [[126.9141177, 37.5170989], [126.9118496, 37.5169305], [126.9106143, 37.5168503], [126.9099878, 37.5167511], [126.9094629, 37.5166098], [126.908711, 37.5163079]]}}, {"type": "Feature", "properties": {"line_ref": "1", "line_name": "수도권 전철 1호선", "colour": "#004A85"}, "geometry": {"type": "LineString", "coordinates": [[126.908711, 37.5163079], [126.9065996, 37.5154605], [126.9059999, 37.5152129], [126.9058078, 37.5151325], [126.9046094, 37.5145964], [126.9034562, 37.5140557], [126.9017283, 37.5132965], [126.8996519, 37.5124118], [126.898299, 37.5118708]]}}, {"type": "Feature", "properties": {"line_ref": "1", "line_name": "수도권 전철 1호선", "colour": "#004A85"}, "geometry": {"type": "LineString", "coordinates": [[126.898299, 37.5118708], [126.8982165, 37.511838]]}}, {"type": "Feature", "properties": {"line_ref": "1", "line_name": "수도권 전철 1호선", "colour": "#004A85"}, "geometry": {"type": "LineString", "coordinates": [[126.8982165, 37.511838], [126.8974094, 37.5115169], [126.8963279, 37.5110624], [126.8938662, 37.5100147], [126.8925469, 37.5094535]]}}, {"type": "Feature", "properties": {"line_ref": "1", "line_name": "수도권 전철 1호선", "colour": "#004A85"}, "geometry": {"type": "LineString", "coordinates": [[126.8925469, 37.5094535], [126.8920175, 37.509228]]}}, {"type": "Feature", "properties": {"line_ref": "1", "line_name": "수도권 전철 1호선", "colour": "#004A85"}, "geometry": {"type": "LineString", "coordinates": [[126.8920175, 37.509228], [126.8913233, 37.508932], [126.890694, 37.5086444], [126.8902948, 37.5084491], [126.8899603, 37.5082644], [126.8891527, 37.5077715], [126.8880906, 37.5071086]]}}, {"type": "Feature", "properties": {"line_ref": "1", "line_name": "수도권 전철 1호선", "colour": "#004A85"}, "geometry": {"type": "LineString", "coordinates": [[126.8880906, 37.5071086], [126.8875756, 37.506789]]}}, {"type": "Feature", "properties": {"line_ref": "1", "line_name": "수도권 전철 1호선", "colour": "#004A85"}, "geometry": {"type": "LineString", "coordinates": [[126.8875756, 37.506789], [126.8865066, 37.5061282], [126.8859581, 37.5057872], [126.8850311, 37.5052817], [126.884595, 37.5050439]]}}, {"type": "Feature", "properties": {"line_ref": "1", "line_name": "수도권 전철 1호선", "colour": "#004A85"}, "geometry": {"type": "LineString", "coordinates": [[126.884595, 37.5050439], [126.8838314, 37.5046277], [126.8835311, 37.5044306], [126.8832798, 37.5042476], [126.8828204, 37.5039083], [126.8822559, 37.5033998]]}}, {"type": "Feature", "properties": {"line_ref": "1", "line_name": "수도권 전철 1호선", "colour": "#004A85"}, "geometry": {"type": "LineString", "coordinates": [[126.8822559, 37.5033998], [126.88145, 37.5026738], [126.8812505, 37.5024941], [126.8796956, 37.5011296], [126.8792285, 37.5007591], [126.8788375, 37.5004975], [126.878362, 37.5002494], [126.8777082, 37.4999373], [126.87722, 37.4997126]]}}, {"type": "Feature", "properties": {"line_ref": "1", "line_name": "수도권 전철 1호선", "colour": "#004A85"}, "geometry": {"type": "LineString", "coordinates": [[126.87722, 37.4997126], [126.8768801, 37.4995624], [126.8760777, 37.4992079], [126.872936, 37.497769], [126.8723463, 37.4974874], [126.8716146, 37.4970704]]}}, {"type": "Feature", "properties": {"line_ref": "1", "line_name": "수도권 전철 1호선", "colour": "#004A85"}, "geometry": {"type": "LineString", "coordinates": [[126.8716146, 37.4970704], [126.8709605, 37.4967332], [126.8705615, 37.4964961], [126.870182, 37.4963029], [126.8691403, 37.4958238], [126.8689185, 37.4957217], [126.8659803, 37.4943649], [126.8656052, 37.4942119], [126.8652061, 37.494072], [126.864713, 37.4939392]]}}, {"type": "Feature", "properties": {"line_ref": "1", "line_name": "수도권 전철 1호선", "colour": "#004A85"}, "geometry": {"type": "LineString", "coordinates": [[126.864713, 37.4939392], [126.8642213, 37.4938408], [126.8637267, 37.4937697], [126.863223, 37.49374], [126.8627, 37.4937531], [126.8621231, 37.493823], [126.8615209, 37.4939202], [126.8605122, 37.4941113], [126.8604061, 37.4941323], [126.8581644, 37.4945762], [126.8578467, 37.494639], [126.8576663, 37.4946745], [126.8567507, 37.4948584], [126.8560694, 37.4950004], [126.8549831, 37.4952529], [126.853785, 37.495533], [126.8529236, 37.4956941], [126.8524315, 37.4957519], [126.8518199, 37.4957691], [126.8511736, 37.4957105], [126.8505338, 37.4955907], [126.8496205, 37.4954048], [126.8490528, 37.4952822]]}}, {"type": "Feature", "properties": {"line_ref": "1", "line_name": "수도권 전철 1호선", "colour": "#004A85"}, "geometry": {"type": "LineString", "coordinates": [[126.8490528, 37.4952822], [126.84798, 37.4950424], [126.8464875, 37.4946621], [126.8459671, 37.4945392], [126.8434437, 37.4939856], [126.8426902, 37.4938078], [126.8418982, 37.4936548], [126.841455, 37.4935692]]}}, {"type": "Feature", "properties": {"line_ref": "1", "line_name": "수도권 전철 1호선", "colour": "#004A85"}, "geometry": {"type": "LineString", "coordinates": [[126.841455, 37.4935692], [126.8413038, 37.49354], [126.8411894, 37.4935179], [126.840084, 37.49329], [126.8395998, 37.4932029], [126.839114, 37.4931229], [126.8384945, 37.4930573], [126.8378635, 37.493025], [126.8291837, 37.4929641], [126.826957, 37.4929332], [126.8266158, 37.492909], [126.8263098, 37.4928698], [126.8259953, 37.4928244], [126.8256553, 37.492748], [126.8254318, 37.4926901], [126.8251274, 37.4926058], [126.8240441, 37.4922989], [126.8229565, 37.4919928], [126.8228459, 37.4919608], [126.8225168, 37.4918554], [126.8222487, 37.4917508], [126.8219757, 37.4916367], [126.8217417, 37.4915032], [126.8214712, 37.4913311], [126.8207635, 37.4907526], [126.8165434, 37.4873225], [126.8162114, 37.4870736], [126.8155162, 37.4865767], [126.8151479, 37.4863746], [126.814747, 37.4861689], [126.8143488, 37.4859866], [126.8136449, 37.485698], [126.8132515, 37.4855522], [126.8111076, 37.4848544], [126.8109537, 37.4848043], [126.8101389, 37.4845725], [126.809634, 37.484406], [126.8083855, 37.4840014], [126.8047353, 37.4827953], [126.8040817, 37.4826194], [126.8037421, 37.4825295], [126.8031009, 37.4824293], [126.8027681, 37.4823954], [126.8024311, 37.4823904], [126.802097, 37.4823911], [126.8014208, 37.4824201], [126.7995753, 37.4826792], [126.7987021, 37.4827408], [126.798246, 37.4827497], [126.7977203, 37.4827447], [126.796931, 37.4826893], [126.795955, 37.4826581]]}}, {"type": "Feature", "properties": {"line_ref": "1", "line_name": "수도권 전철 1호선", "colour": "#004A85"}, "geometry": {"type": "LineString", "coordinates": [[126.795955, 37.4826581], [126.7954832, 37.4826449], [126.7950672, 37.4826332], [126.7948898, 37.4826279]]}}, {"type": "Feature", "properties": {"line_ref": "1", "line_name": "수도권 전철 1호선", "colour": "#004A85"}, "geometry": {"type": "LineString", "coordinates": [[126.7948898, 37.4826279], [126.7946398, 37.4826204], [126.7944345, 37.4826142], [126.7928192, 37.4825836], [126.7921909, 37.482606], [126.7916983, 37.4826351], [126.7914245, 37.482669], [126.7907168, 37.4827825], [126.7902414, 37.4828662], [126.7896795, 37.4829514], [126.7873929, 37.4833005], [126.7860321, 37.4835157], [126.7854418, 37.4835929], [126.7843553, 37.4837372], [126.7813237, 37.4841939], [126.7811031, 37.4842271], [126.7804036, 37.4843778], [126.7798336, 37.4844786], [126.7791664, 37.4845668], [126.7785094, 37.4846597], [126.7778591, 37.4847398], [126.7776972, 37.4847598], [126.7758518, 37.4849654], [126.7741872, 37.4851642], [126.7724415, 37.4854252], [126.7692341, 37.4859089], [126.7685431, 37.485988], [126.7676329, 37.4860947], [126.7667063, 37.4861965], [126.7653554, 37.4863882], [126.7630781, 37.4867408], [126.7629073, 37.4867672], [126.7622499, 37.4868714], [126.7615316, 37.4869745], [126.761048, 37.4870451], [126.7602616, 37.4871296], [126.7595114, 37.4871839], [126.7572878, 37.4873215], [126.7560424, 37.4873931], [126.7548299, 37.4874332], [126.7539129, 37.4874557], [126.7516291, 37.4876022], [126.7513583, 37.4876196], [126.7509555, 37.4876469], [126.7503503, 37.4877095], [126.7490588, 37.4878444], [126.7469394, 37.4879986], [126.7439827, 37.4881897], [126.742708, 37.4882747], [126.7420579, 37.4882911], [126.7413006, 37.4883259], [126.7398397, 37.4884186], [126.7395757, 37.4884354], [126.7380019, 37.4885609], [126.7370753, 37.4886267], [126.7357077, 37.4887051], [126.7325821, 37.4889002], [126.7315417, 37.4889573], [126.7300272, 37.4890594], [126.7296931, 37.4890797]]}}, {"type": "Feature", "properties": {"line_ref": "1", "line_name": "수도권 전철 1호선", "colour": "#004A85"}, "geometry": {"type": "LineString", "coordinates": [[126.7296931, 37.4890797], [126.7292495, 37.4891028]]}}, {"type": "Feature", "properties": {"line_ref": "1", "line_name": "수도권 전철 1호선", "colour": "#004A85"}, "geometry": {"type": "LineString", "coordinates": [[126.7292495, 37.4891028], [126.7285164, 37.4891614], [126.7280497, 37.4891861], [126.7261965, 37.4892356], [126.7257854, 37.4892496], [126.7255204, 37.4892666], [126.7245079, 37.4893315]]}}, {"type": "Feature", "properties": {"line_ref": "1", "line_name": "수도권 전철 1호선", "colour": "#004A85"}, "geometry": {"type": "LineString", "coordinates": [[126.7245079, 37.4893315], [126.7243211, 37.4893435], [126.7237077, 37.4893828], [126.7233783, 37.4894066], [126.7230192, 37.4894326], [126.7225835, 37.4894743], [126.7216842, 37.4895769], [126.7212121, 37.4896178], [126.7203964, 37.4896752], [126.7191785, 37.4897446], [126.7187781, 37.489746], [126.7181564, 37.4896872], [126.7175846, 37.4895768], [126.7172644, 37.4894831], [126.7168249, 37.4893324], [126.7163717, 37.4891365], [126.7159656, 37.4888891], [126.7147608, 37.4881025], [126.7137818, 37.4874918], [126.713088, 37.4870358], [126.7100564, 37.4850856], [126.7089041, 37.4843427], [126.7086646, 37.4841649], [126.708036, 37.4836755], [126.7069613, 37.4828523], [126.7063864, 37.4824022], [126.7060766, 37.4821578]]}}, {"type": "Feature", "properties": {"line_ref": "1", "line_name": "수도권 전철 1호선", "colour": "#004A85"}, "geometry": {"type": "LineString", "coordinates": [[126.7060766, 37.4821578], [126.7053551, 37.4815572], [126.7049912, 37.4812542], [126.7047785, 37.4810727]]}}, {"type": "Feature", "properties": {"line_ref": "1", "line_name": "수도권 전철 1호선", "colour": "#004A85"}, "geometry": {"type": "LineString", "coordinates": [[126.7047785, 37.4810727], [126.7045288, 37.4808396], [126.7041182, 37.4803877], [126.7038059, 37.479882], [126.7036238, 37.4794443], [126.7035113, 37.4789839], [126.7034685, 37.4786524], [126.7031681, 37.4742442], [126.7030895, 37.473316], [126.7030604, 37.4716748], [126.7029777, 37.4699087], [126.7029674, 37.4696876], [126.7028895, 37.4690985], [126.702867, 37.4689536], [126.7027948, 37.4682964], [126.7027496, 37.4680146], [126.7026618, 37.4676143], [126.7024866, 37.4671971], [126.7022205, 37.4667395], [126.7018416, 37.4662929], [126.701466, 37.465959], [126.701115, 37.4657012], [126.7008397, 37.4655358], [126.70041, 37.4653251], [126.6999332, 37.4651426], [126.6996022, 37.4650527], [126.6992624, 37.4649787], [126.6989448, 37.4649293], [126.6985584, 37.4648941], [126.6968087, 37.4648059], [126.6945839, 37.4646497], [126.6924772, 37.4645678]]}}, {"type": "Feature", "properties": {"line_ref": "1", "line_name": "수도권 전철 1호선", "colour": "#004A85"}, "geometry": {"type": "LineString", "coordinates": [[126.6924772, 37.4645678], [126.6922079, 37.4645573], [126.6900883, 37.4645017], [126.6880552, 37.4644148], [126.6867853, 37.4644059], [126.6856142, 37.4644709], [126.6849253, 37.4645153], [126.6829764, 37.4647272], [126.6817018, 37.4648445], [126.6814666, 37.4648535], [126.6804655, 37.4648918], [126.6784288, 37.4650755], [126.6781399, 37.4651016], [126.6762291, 37.4652782], [126.6750621, 37.4654233], [126.6738772, 37.4655506], [126.6718887, 37.4657474], [126.6705945, 37.4658419], [126.6698437, 37.4658749], [126.6693616, 37.4659103], [126.6674091, 37.4660994], [126.6673764, 37.4661038], [126.6658637, 37.4663186], [126.661831, 37.4667135], [126.6614117, 37.4667424], [126.6608791, 37.466761], [126.6602223, 37.4667509], [126.659634, 37.4667356], [126.6589198, 37.4666952], [126.6565865, 37.4666952], [126.6564317, 37.4666952], [126.6553923, 37.4667172], [126.6544479, 37.4667807], [126.6536158, 37.4667807], [126.6493763, 37.4667275], [126.6487701, 37.4667377], [126.6481765, 37.4667625], [126.6477147, 37.4668074], [126.6471863, 37.4668974], [126.6464383, 37.4670424], [126.6461719, 37.4671088]]}}, {"type": "Feature", "properties": {"line_ref": "1", "line_name": "수도권 전철 1호선", "colour": "#004A85"}, "geometry": {"type": "LineString", "coordinates": [[126.6461719, 37.4671088], [126.6456591, 37.4672448]]}}, {"type": "Feature", "properties": {"line_ref": "1", "line_name": "수도권 전철 1호선", "colour": "#004A85"}, "geometry": {"type": "LineString", "coordinates": [[126.6456591, 37.4672448], [126.6455106, 37.4672958], [126.6448148, 37.4675349], [126.644268, 37.4677587], [126.6434746, 37.4681455], [126.6416049, 37.469062], [126.6413526, 37.4691856], [126.6393983, 37.4701868], [126.6380754, 37.4708409], [126.6377486, 37.4710189], [126.6375176, 37.4711378]]}}, {"type": "Feature", "properties": {"line_ref": "1", "line_name": "수도권 전철 1호선", "colour": "#004A85"}, "geometry": {"type": "LineString", "coordinates": [[126.6375176, 37.4711378], [126.6371966, 37.471337]]}}, {"type": "Feature", "properties": {"line_ref": "1", "line_name": "수도권 전철 1호선", "colour": "#004A85"}, "geometry": {"type": "LineString", "coordinates": [[126.6371966, 37.471337], [126.6366465, 37.471742], [126.6363675, 37.4719706], [126.6357839, 37.4724954]]}}, {"type": "Feature", "properties": {"line_ref": "1", "line_name": "수도권 전철 1호선", "colour": "#004A85"}, "geometry": {"type": "LineString", "coordinates": [[126.6357839, 37.4724954], [126.6357672, 37.4725131], [126.6352362, 37.4729948]]}}, {"type": "Feature", "properties": {"line_ref": "1", "line_name": "수도권 전철 1호선", "colour": "#004A85"}, "geometry": {"type": "LineString", "coordinates": [[126.6352362, 37.4729948], [126.6347933, 37.4733929], [126.6338414, 37.4742565], [126.63231, 37.4756163]]}}, {"type": "Feature", "properties": {"line_ref": "1", "line_name": "수도권 전철 1호선", "colour": "#004A85"}, "geometry": {"type": "LineString", "coordinates": [[126.63231, 37.4756163], [126.6321871, 37.4757255], [126.6317238, 37.4761589], [126.6310003, 37.4768143], [126.6308015, 37.4769944], [126.630793, 37.4770021]]}}, {"type": "Feature", "properties": {"line_ref": "1", "line_name": "수도권 전철 1호선", "colour": "#004A85"}, "geometry": {"type": "LineString", "coordinates": [[126.630793, 37.4770021], [126.6305869, 37.4771888]]}}, {"type": "Feature", "properties": {"line_ref": "1", "line_name": "수도권 전철 1호선", "colour": "#004A85"}, "geometry": {"type": "LineString", "coordinates": [[126.6305869, 37.4771888], [126.6299609, 37.4777559], [126.6295363, 37.4781062], [126.6291535, 37.4783921], [126.6280623, 37.4790763], [126.6272256, 37.479657], [126.6262394, 37.4803313], [126.6258431, 37.4805805], [126.6254847, 37.4807674], [126.6251898, 37.4808965], [126.6247733, 37.4810447], [126.6244587, 37.4811326], [126.624112, 37.481195], [126.6237992, 37.4812369], [126.6233916, 37.4812589], [126.6230172, 37.4812518], [126.6226856, 37.4812177], [126.6223013, 37.4811708], [126.6219678, 37.4811023], [126.6208601, 37.4807959], [126.6198497, 37.4804882], [126.6196982, 37.4804327], [126.619452, 37.4803233], [126.6191798, 37.480181], [126.6189642, 37.4800443], [126.6185483, 37.4796951], [126.6179891, 37.4791602], [126.6177619, 37.478921], [126.6176284, 37.4787222], [126.6174456, 37.4784188], [126.6173529, 37.4782312], [126.617266, 37.4779502], [126.6170183, 37.4764165]]}}, {"type": "Feature", "properties": {"line_ref": "2", "line_name": "서울 지하철 2호선", "colour": "#00A23F"}, "geometry": {"type": "LineString", "coordinates": [[126.9739637, 37.5630913], [126.9736038, 37.5629763], [126.9727518, 37.56276], [126.968088, 37.5616816], [126.9673986, 37.5615115], [126.9668375, 37.5612865], [126.9636659, 37.5593594], [126.9612666, 37.5579082], [126.9608723, 37.5577102], [126.9598718, 37.5573976], [126.9597648, 37.557383], [126.9592522, 37.5573128], [126.9586058, 37.557303], [126.9561344, 37.5574487], [126.949196, 37.5570058], [126.9458415, 37.5567916], [126.9419574, 37.5565992], [126.9413987, 37.5565414], [126.9409861, 37.5564455], [126.9374369, 37.5552911], [126.9369091, 37.5551787], [126.9364645, 37.5552696], [126.9354944, 37.5556213], [126.9325136, 37.5567021], [126.927287, 37.5585971], [126.9270672, 37.5586615], [126.9268667, 37.5587091], [126.9267107, 37.5587239], [126.9265308, 37.5587177], [126.9263349, 37.5586896], [126.9261751, 37.5586435], [126.9260212, 37.558572], [126.9258775, 37.5584809], [126.9257294, 37.5583677], [126.9252365, 37.5579996], [126.9234645, 37.5566763], [126.9146378, 37.5500781], [126.9138568, 37.5494811], [126.9135101, 37.5492239], [126.9134373, 37.5491584], [126.9132636, 37.5489718], [126.9128567, 37.5484123]]}}, {"type": "Feature", "properties": {"line_ref": "2", "line_name": "서울 지하철 2호선", "colour": "#00A23F"}, "geometry": {"type": "LineString", "coordinates": [[126.9128567, 37.5484123], [126.9125588, 37.5479444], [126.9123335, 37.5475063], [126.9121357, 37.5469135]]}}, {"type": "Feature", "properties": {"line_ref": "2", "line_name": "서울 지하철 2호선", "colour": "#00A23F"}, "geometry": {"type": "LineString", "coordinates": [[126.9121357, 37.5469135], [126.9117288, 37.545767], [126.9115395, 37.5453369], [126.9110932, 37.5446916], [126.9106476, 37.5441443], [126.9102361, 37.5436579], [126.9049776, 37.537602], [126.9034129, 37.5358355], [126.903303, 37.5356869]]}}, {"type": "Feature", "properties": {"line_ref": "2", "line_name": "서울 지하철 2호선", "colour": "#00A23F"}, "geometry": {"type": "LineString", "coordinates": [[126.903303, 37.5356869], [126.9020714, 37.534127], [126.9019028, 37.5339102], [126.898336, 37.5294071]]}}, {"type": "Feature", "properties": {"line_ref": "2", "line_name": "서울 지하철 2호선", "colour": "#00A23F"}, "geometry": {"type": "LineString", "coordinates": [[126.898336, 37.5294071], [126.8981982, 37.5292413], [126.898046, 37.5290365], [126.8976966, 37.5286095], [126.8972488, 37.5279835], [126.8971252, 37.5277923], [126.8969931, 37.5271234], [126.8968326, 37.5264848], [126.8966387, 37.5257355], [126.8965366, 37.5253151], [126.8964491, 37.5249284], [126.8962895, 37.5242287], [126.8961802, 37.5238064], [126.8961246, 37.5236124], [126.8960634, 37.5233148], [126.896027, 37.5231665], [126.8959526, 37.522836], [126.895339, 37.5202002], [126.8949629, 37.5189824], [126.8948387, 37.518408], [126.8946165, 37.5172875], [126.8945184, 37.5168743], [126.8944281, 37.5165166], [126.8943528, 37.5163075], [126.8942294, 37.5160713], [126.8940786, 37.5158038], [126.8939348, 37.5155952], [126.893731, 37.51536], [126.8931757, 37.5148877], [126.892475, 37.5143518], [126.8920733, 37.5140382], [126.8917226, 37.5137808], [126.8912977, 37.5134441], [126.8909687, 37.5132196], [126.890493, 37.5128366], [126.890261, 37.5126666], [126.8901011, 37.5125159], [126.889894, 37.5122666], [126.8898296, 37.5121593], [126.8897675, 37.5120218], [126.8897237, 37.5118974], [126.8896811, 37.5117316], [126.889665, 37.5115746], [126.8896664, 37.5114425], [126.8896865, 37.5112958], [126.8897342, 37.511089], [126.8898116, 37.510892], [126.8899397, 37.5107058], [126.8900603, 37.5105605], [126.8903734, 37.5101668], [126.8905917, 37.5098153], [126.8908821, 37.5094155], [126.8911913, 37.5089506], [126.891491, 37.5084798], [126.8917105, 37.508135], [126.8917354, 37.5080959], [126.8919095, 37.5077366], [126.8925658, 37.5067912], [126.8926846, 37.5065347], [126.8927857, 37.5062775], [126.8928601, 37.5060292], [126.8929068, 37.5057648], [126.8929198, 37.5054858], [126.8929051, 37.5052195], [126.8927978, 37.5043257]]}}, {"type": "Feature", "properties": {"line_ref": "2", "line_name": "서울 지하철 2호선", "colour": "#00A23F"}, "geometry": {"type": "LineString", "coordinates": [[126.8927978, 37.5043257], [126.8925407, 37.5025924], [126.8924861, 37.5021955], [126.8924636, 37.5019348], [126.8924482, 37.5016823], [126.8924451, 37.5015064], [126.8924518, 37.5013232], [126.8924659, 37.501133], [126.8924961, 37.5009014], [126.8925437, 37.5006559]]}}, {"type": "Feature", "properties": {"line_ref": "2", "line_name": "서울 지하철 2호선", "colour": "#00A23F"}, "geometry": {"type": "LineString", "coordinates": [[126.8925437, 37.5006559], [126.8925585, 37.5005794], [126.8925854, 37.5004499], [126.8926631, 37.5001827], [126.8927109, 37.5000288], [126.8927594, 37.4998861], [126.8928167, 37.4997357], [126.8928749, 37.4995946], [126.8933705, 37.4984883], [126.8934778, 37.4981521], [126.8935435, 37.4978079], [126.8936186, 37.4972418], [126.8937286, 37.4966992], [126.8938332, 37.4963289], [126.894029, 37.4957565], [126.8943388, 37.4949451], [126.8949584, 37.4932804], [126.8954389, 37.4919896], [126.8965261, 37.4891273], [126.8966495, 37.4888442], [126.8968077, 37.4885228], [126.8970304, 37.4881993], [126.8972369, 37.4879227], [126.8976212, 37.4875332], [126.8981488, 37.4871075], [126.8985297, 37.4868415], [126.8989991, 37.4865456], [126.8994846, 37.4862796], [126.9004408, 37.4857236], [126.9009535, 37.4854675], [126.9013444, 37.4853283], [126.9015729, 37.4852567], [126.9018026, 37.4851847], [126.9021654, 37.4851065], [126.9025904, 37.4850332], [126.9027176, 37.4850112], [126.9031868, 37.4849961], [126.905081, 37.4849233], [126.9055692, 37.4849297], [126.9060158, 37.4849856], [126.9065334, 37.4850792], [126.9070457, 37.4852069], [126.9107619, 37.486328], [126.9112502, 37.4865087], [126.9123028, 37.4869495], [126.9129247, 37.4872756], [126.91343, 37.4875967], [126.915547, 37.4889421], [126.9159533, 37.489189], [126.916353, 37.4893507], [126.9167741, 37.4894933], [126.9172891, 37.4896168], [126.9175612, 37.4896528], [126.9178362, 37.4896891], [126.9182601, 37.4897273], [126.91862, 37.489726], [126.9190795, 37.4896958], [126.9193857, 37.4896525], [126.9196799, 37.4895928], [126.9199322, 37.4895243], [126.9203085, 37.4894028], [126.9206714, 37.4892585], [126.9211622, 37.4890169], [126.9218558, 37.4884779], [126.9220834, 37.4882763], [126.9231661, 37.4871662], [126.923684, 37.4866309], [126.9246236, 37.4856247]]}}, {"type": "Feature", "properties": {"line_ref": "2", "line_name": "서울 지하철 2호선", "colour": "#00A23F"}, "geometry": {"type": "LineString", "coordinates": [[126.9246236, 37.4856247], [126.9250481, 37.4851701]]}}, {"type": "Feature", "properties": {"line_ref": "2", "line_name": "서울 지하철 2호선", "colour": "#00A23F"}, "geometry": {"type": "LineString", "coordinates": [[126.9266703, 37.4842246], [126.926355, 37.4843133], [126.9260178, 37.4844468], [126.9256715, 37.4846228], [126.9254079, 37.4848305], [126.9251298, 37.4850801], [126.9250481, 37.4851701]]}}, {"type": "Feature", "properties": {"line_ref": "2", "line_name": "서울 지하철 2호선", "colour": "#00A23F"}, "geometry": {"type": "LineString", "coordinates": [[126.9296985, 37.4842228], [126.9295049, 37.4841948], [126.9286396, 37.4840805], [126.9280932, 37.4840662], [126.9277468, 37.4840588], [126.9275935, 37.4840546], [126.9273727, 37.4840552], [126.927159, 37.4840859], [126.9266703, 37.4842246]]}}, {"type": "Feature", "properties": {"line_ref": "2", "line_name": "서울 지하철 2호선", "colour": "#00A23F"}, "geometry": {"type": "LineString", "coordinates": [[126.9527472, 37.4811907], [126.9522508, 37.4812976], [126.9514799, 37.4813753], [126.9489435, 37.481627], [126.9462766, 37.4818933], [126.9457181, 37.4819481], [126.9446704, 37.4820474], [126.9430301, 37.4822097], [126.9425281, 37.4822661], [126.9419846, 37.4823536], [126.9416508, 37.482416], [126.9411558, 37.4825479], [126.9408573, 37.4826547], [126.9405215, 37.4827973], [126.9391713, 37.4834066], [126.9378146, 37.4840195], [126.9365269, 37.4845806], [126.9363742, 37.4846327], [126.9361916, 37.4846841], [126.9359385, 37.4847466], [126.9356667, 37.4847974], [126.9354123, 37.4848172], [126.9350511, 37.4848338], [126.9347304, 37.4848325], [126.9341942, 37.4848067], [126.9311503, 37.4844054], [126.9310507, 37.4843925], [126.9306066, 37.4843373], [126.9298027, 37.4842343], [126.9296985, 37.4842228]]}}, {"type": "Feature", "properties": {"line_ref": "2", "line_name": "서울 지하철 2호선", "colour": "#00A23F"}, "geometry": {"type": "LineString", "coordinates": [[126.9787233, 37.4766364], [126.9778966, 37.4766201], [126.9777395, 37.4766092], [126.9771497, 37.4765771], [126.9768593, 37.4765598], [126.9766512, 37.4765435], [126.9761369, 37.4764859], [126.9755123, 37.4764012], [126.974989, 37.4763336], [126.974742, 37.4762938], [126.9743627, 37.4762269], [126.9738934, 37.4761301], [126.9734204, 37.4760307], [126.9708715, 37.4754133], [126.9705363, 37.4753399], [126.970275, 37.4752903], [126.969993, 37.4752612], [126.9696904, 37.4752456], [126.9695974, 37.4752428], [126.9692234, 37.4752404], [126.9688642, 37.4752659], [126.9682989, 37.4753398], [126.9678703, 37.4754172], [126.9674507, 37.4755177], [126.9667128, 37.4757973], [126.9635445, 37.4770291], [126.962313, 37.4775035], [126.9618608, 37.4776774], [126.9598626, 37.4784484], [126.9594943, 37.4785894], [126.9586779, 37.4789239], [126.9570369, 37.4795735], [126.9557738, 37.4800742], [126.9554173, 37.4802145], [126.9542679, 37.4806587], [126.9533477, 37.4809845], [126.9527472, 37.4811907]]}}, {"type": "Feature", "properties": {"line_ref": "2", "line_name": "서울 지하철 2호선", "colour": "#00A23F"}, "geometry": {"type": "LineString", "coordinates": [[127.0038412, 37.4843459], [127.0037407, 37.4840537], [127.0036289, 37.483738], [127.0034657, 37.4833891], [127.0032618, 37.4830188], [127.0029778, 37.4827025], [127.0025752, 37.4824398], [127.0024907, 37.4823936], [127.0023594, 37.4823383], [127.0021807, 37.4822645], [126.9997973, 37.4816693], [126.9986522, 37.4815768], [126.9980482, 37.4815174], [126.9978812, 37.4814953], [126.9976822, 37.4814426], [126.99727, 37.48131], [126.9968955, 37.4811921], [126.9963207, 37.4810138], [126.9956633, 37.4807956], [126.9949084, 37.4805583], [126.9943861, 37.4803955], [126.9936574, 37.4801555], [126.9929201, 37.4799119], [126.9923794, 37.479743], [126.9917234, 37.4795353], [126.9911409, 37.479349], [126.9909407, 37.4792819], [126.9904193, 37.4790872], [126.9900182, 37.4789308], [126.9896136, 37.4787393], [126.9893458, 37.4785961], [126.9888122, 37.4783323], [126.9884573, 37.4781507], [126.9880795, 37.4779572], [126.9875696, 37.4777014], [126.9874103, 37.4776197], [126.9871588, 37.4774976], [126.9867638, 37.4773032], [126.98585, 37.4768529], [126.9855145, 37.4766876], [126.9852847, 37.4766253], [126.9850521, 37.4765683], [126.9847974, 37.4765298], [126.9845135, 37.4765], [126.9835905, 37.4764674], [126.9830762, 37.476466], [126.9825455, 37.4764777], [126.980407, 37.4766168], [126.979983, 37.476632], [126.9793403, 37.476641], [126.9787233, 37.4766364]]}}, {"type": "Feature", "properties": {"line_ref": "2", "line_name": "서울 지하철 2호선", "colour": "#00A23F"}, "geometry": {"type": "LineString", "coordinates": [[127.0145997, 37.4939376], [127.0132338, 37.4935261], [127.0111154, 37.4928481], [127.0097695, 37.4924473], [127.0076422, 37.491807], [127.0069494, 37.4915828], [127.0063156, 37.4913804], [127.0059979, 37.4912814], [127.0057057, 37.4911722], [127.0055102, 37.491054], [127.0052241, 37.4908098], [127.00507, 37.4906554], [127.0049894, 37.4905595], [127.0049137, 37.4904392], [127.00486, 37.4903243], [127.0048125, 37.4901617], [127.0046657, 37.4894529], [127.0038412, 37.4843459]]}}, {"type": "Feature", "properties": {"line_ref": "2", "line_name": "서울 지하철 2호선", "colour": "#00A23F"}, "geometry": {"type": "LineString", "coordinates": [[127.0753203, 37.5112839], [127.0737206, 37.5110374], [127.0724902, 37.5108374], [127.0719207, 37.5107422], [127.0716378, 37.5106958], [127.0670343, 37.5099409], [127.0664299, 37.5097913], [127.065422, 37.5094985], [127.0645137, 37.5091905], [127.0642476, 37.5091066], [127.0631657, 37.5087844], [127.0621098, 37.5084493], [127.0618707, 37.5083762], [127.0608134, 37.5080529], [127.0593737, 37.5076441], [127.0581981, 37.5072669], [127.057563, 37.5070561], [127.0566414, 37.5067861], [127.0564501, 37.5067274], [127.0489087, 37.5044396], [127.0442458, 37.5030243], [127.0383603, 37.5012073], [127.0369159, 37.5007895], [127.0276077, 37.4979002], [127.0238225, 37.4967502], [127.022255, 37.4962802], [127.0206867, 37.4957945], [127.0194341, 37.4954094], [127.0178479, 37.4949164], [127.0169736, 37.4946589], [127.0157585, 37.4942716], [127.0145997, 37.4939376]]}}, {"type": "Feature", "properties": {"line_ref": "2", "line_name": "서울 지하철 2호선", "colour": "#00A23F"}, "geometry": {"type": "LineString", "coordinates": [[127.1037362, 37.5148781], [127.1033806, 37.5145319], [127.1030713, 37.5142583], [127.1029562, 37.5141846], [127.1027816, 37.5140947], [127.102407, 37.513942], [127.1018908, 37.5137599], [127.1016671, 37.5136906], [127.1012418, 37.5135495], [127.1001004, 37.5131894], [127.0997282, 37.5130883], [127.0989154, 37.5128767], [127.0974633, 37.5124931], [127.095591, 37.5121301], [127.0929347, 37.511908], [127.0887798, 37.5114931], [127.0864332, 37.5115479], [127.0857917, 37.5115659], [127.0852805, 37.5115783], [127.0845381, 37.511598], [127.0784674, 37.5117687], [127.0762841, 37.5114453], [127.0753203, 37.5112839]]}}, {"type": "Feature", "properties": {"line_ref": "2", "line_name": "서울 지하철 2호선", "colour": "#00A23F"}, "geometry": {"type": "LineString", "coordinates": [[127.1037362, 37.5148781], [127.1040983, 37.5152325], [127.1044071, 37.5155841]]}}, {"type": "Feature", "properties": {"line_ref": "2", "line_name": "서울 지하철 2호선", "colour": "#00A23F"}, "geometry": {"type": "LineString", "coordinates": [[127.1044071, 37.5155841], [127.1044439, 37.5156323], [127.1046614, 37.5159812], [127.1048491, 37.5163818], [127.1049937, 37.5168234], [127.1050803, 37.5172357], [127.1050998, 37.5175985], [127.1050893, 37.5179078], [127.1050472, 37.5182143], [127.1049848, 37.5184648], [127.1049076, 37.5187182], [127.1047806, 37.5190198], [127.1043585, 37.5197903], [127.1043045, 37.5198837], [127.1038706, 37.520654], [127.1034108, 37.5214668], [127.1028848, 37.5224077], [127.1020787, 37.5236811]]}}, {"type": "Feature", "properties": {"line_ref": "2", "line_name": "서울 지하철 2호선", "colour": "#00A23F"}, "geometry": {"type": "LineString", "coordinates": [[127.1020787, 37.5236811], [127.1014598, 37.5246848], [127.0956452, 37.5337438]]}}, {"type": "Feature", "properties": {"line_ref": "2", "line_name": "서울 지하철 2호선", "colour": "#00A23F"}, "geometry": {"type": "LineString", "coordinates": [[127.0956452, 37.5337438], [127.095311, 37.5342504], [127.0952593, 37.5343289], [127.0947482, 37.5351289], [127.0942203, 37.535967], [127.0940242, 37.5362784], [127.0936968, 37.5367195], [127.0935091, 37.5369133], [127.0933219, 37.5370699], [127.0929738, 37.5373218], [127.0925143, 37.5375828], [127.0920792, 37.537778], [127.0916122, 37.5379291], [127.0910364, 37.5380355], [127.0904135, 37.5380698], [127.0897201, 37.5380218], [127.0892829, 37.5379352], [127.0874549, 37.5374881], [127.0872393, 37.5374342], [127.0861732, 37.5371662], [127.085103, 37.5368976], [127.084529, 37.5367529], [127.084101, 37.5366713], [127.0836395, 37.5366408], [127.0832668, 37.5366519], [127.0827591, 37.536732], [127.0786892, 37.5377347], [127.0770913, 37.5381343], [127.0743781, 37.5388117], [127.0730535, 37.5391576], [127.0707396, 37.5399285], [127.0697022, 37.5402769], [127.0681712, 37.5407875], [127.0680801, 37.5408187], [127.0665486, 37.5413403], [127.0639067, 37.5422382], [127.0635014, 37.5423596], [127.0614915, 37.5429685], [127.0614029, 37.5429961], [127.0588316, 37.543774], [127.0582286, 37.5439564], [127.0579568, 37.5440386], [127.0573771, 37.544214]]}}, {"type": "Feature", "properties": {"line_ref": "2", "line_name": "서울 지하철 2호선", "colour": "#00A23F"}, "geometry": {"type": "LineString", "coordinates": [[127.0573771, 37.544214], [127.0571846, 37.5442694], [127.0550553, 37.5448976]]}}, {"type": "Feature", "properties": {"line_ref": "2", "line_name": "서울 지하철 2호선", "colour": "#00A23F"}, "geometry": {"type": "LineString", "coordinates": [[127.0550553, 37.5448976], [127.0549699, 37.5449244], [127.0545994, 37.5450358], [127.0504417, 37.5462967], [127.0486459, 37.5468293], [127.0474185, 37.5472501], [127.0463967, 37.5475873], [127.0462805, 37.5476319], [127.0458368, 37.5478071], [127.0456505, 37.5479016], [127.0455229, 37.5479722], [127.0453994, 37.5480532], [127.0452542, 37.5481673], [127.0451269, 37.548285], [127.0449455, 37.548501], [127.0448221, 37.5486612], [127.0447666, 37.5487561], [127.0446867, 37.5489083], [127.0446234, 37.5490364], [127.0445621, 37.5491973], [127.0445068, 37.5493275], [127.0444116, 37.5499229], [127.0443252, 37.5505827], [127.0442909, 37.5518686], [127.0442567, 37.5522203], [127.0439356, 37.5542055], [127.0438531, 37.5546612], [127.0436837, 37.5557274], [127.0436279, 37.5560786]]}}, {"type": "Feature", "properties": {"line_ref": "2", "line_name": "서울 지하철 2호선", "colour": "#00A23F"}, "geometry": {"type": "LineString", "coordinates": [[127.0436279, 37.5560786], [127.0435246, 37.556682]]}}, {"type": "Feature", "properties": {"line_ref": "2", "line_name": "서울 지하철 2호선", "colour": "#00A23F"}, "geometry": {"type": "LineString", "coordinates": [[127.0435246, 37.556682], [127.0432489, 37.5590812], [127.0431416, 37.5597616], [127.0428245, 37.5603045], [127.0422028, 37.5607907], [127.0415478, 37.5610912], [127.0410492, 37.5611943], [127.0409707, 37.5612106], [127.0409329, 37.5612184], [127.0407598, 37.5612542], [127.0398741, 37.5612825], [127.0385146, 37.5612574], [127.0379145, 37.5612463], [127.0371358, 37.5612222], [127.036082, 37.561199], [127.0356314, 37.5612542], [127.035191, 37.5614356], [127.0343929, 37.5619523], [127.0332329, 37.5626773], [127.029212, 37.5644254], [127.0274317, 37.5648921], [127.0267908, 37.5649835], [127.0245329, 37.5650592], [127.0243387, 37.565067], [127.0234391, 37.5652128], [127.0219891, 37.5654497], [127.0209913, 37.5656156], [127.0198141, 37.5656525], [127.0186525, 37.5655996], [127.0171892, 37.5654812], [127.0163059, 37.5654098], [127.0146564, 37.5652103], [127.0126824, 37.5649707], [127.0120328, 37.564914], [127.0113139, 37.5649607], [127.0105897, 37.5651011], [127.0081762, 37.5659047]]}}, {"type": "Feature", "properties": {"line_ref": "2", "line_name": "서울 지하철 2호선", "colour": "#00A23F"}, "geometry": {"type": "LineString", "coordinates": [[127.0081762, 37.5659047], [127.0077149, 37.5660253], [127.005467, 37.5664546], [127.0045157, 37.5666362], [127.0042013, 37.5667013], [127.0033853, 37.5667934], [127.0027529, 37.5668289], [127.0020072, 37.5668246], [126.9979998, 37.5666655], [126.9976708, 37.5666481], [126.9970995, 37.566618], [126.9911973, 37.5663066], [126.982607, 37.5659777]]}}, {"type": "Feature", "properties": {"line_ref": "2", "line_name": "서울 지하철 2호선", "colour": "#00A23F"}, "geometry": {"type": "LineString", "coordinates": [[126.982607, 37.5659777], [126.9791387, 37.5659785], [126.9784944, 37.5659472], [126.9782118, 37.5658901], [126.9779532, 37.5657871], [126.9777102, 37.5656187], [126.9774918, 37.5654044], [126.9774227, 37.5653154], [126.9773012, 37.565159], [126.97704, 37.5647397], [126.9766603, 37.5642313], [126.9765854, 37.5641355], [126.9764337, 37.564017], [126.9762461, 37.5639348], [126.974866, 37.5634022], [126.9739637, 37.5630913]]}}, {"type": "Feature", "properties": {"line_ref": "3", "line_name": "수도권 전철 3호선", "colour": "#ED6C00"}, "geometry": {"type": "LineString", "coordinates": [[126.7474578, 37.6761485], [126.7483492, 37.6757548], [126.7485981, 37.6756448], [126.748673, 37.6756125], [126.7493477, 37.675322], [126.7560544, 37.6723992], [126.7581853, 37.6714699], [126.7584933, 37.6713329], [126.7591606, 37.6710362], [126.7597376, 37.670787], [126.7597872, 37.6707656], [126.7603973, 37.6705002], [126.7612341, 37.670111], [126.7619556, 37.6698169], [126.7627911, 37.6694438], [126.763201, 37.6692607], [126.7632114, 37.6692561], [126.7635752, 37.669072], [126.7636782, 37.6690199], [126.7641099, 37.668766], [126.7647371, 37.6683818], [126.7654803, 37.667899], [126.7657828, 37.6676771], [126.7658439, 37.6676308], [126.7662137, 37.6673326], [126.7674643, 37.6661693], [126.7679934, 37.6656125], [126.7688624, 37.6647466], [126.7706684, 37.6629375], [126.771001, 37.6625888], [126.7713835, 37.6621876], [126.7717698, 37.6617791], [126.7719761, 37.6615473], [126.7723216, 37.6611506], [126.7727707, 37.6604677], [126.772922, 37.6602377], [126.7732179, 37.6597112], [126.7737985, 37.6587188], [126.7759362, 37.6550647], [126.7777178, 37.6520005], [126.7779446, 37.6516356], [126.7780953, 37.6513914], [126.778246, 37.6511423], [126.778502, 37.6507204], [126.7787648, 37.6503342], [126.7789985, 37.6500474], [126.7791362, 37.6498784], [126.7795792, 37.6494269], [126.7798368, 37.6492131], [126.7800908, 37.6490022], [126.7820108, 37.6475538], [126.7834036, 37.6465031], [126.7854211, 37.6449576], [126.7863506, 37.6442456], [126.7870372, 37.6437207], [126.7874083, 37.6434605], [126.7879533, 37.6430565]]}}, {"type": "Feature", "properties": {"line_ref": "3", "line_name": "수도권 전철 3호선", "colour": "#ED6C00"}, "geometry": {"type": "LineString", "coordinates": [[126.7879533, 37.6430565], [126.788911, 37.6423339], [126.7891298, 37.6421632], [126.7892742, 37.6420651], [126.7924691, 37.6396934], [126.7940118, 37.6385455], [126.7945521, 37.638137], [126.7978751, 37.6356117], [126.7983774, 37.6352378], [126.7990094, 37.6347603], [126.799449, 37.6345089], [126.799918, 37.6342783], [126.8009532, 37.6337942]]}}, {"type": "Feature", "properties": {"line_ref": "3", "line_name": "수도권 전철 3호선", "colour": "#ED6C00"}, "geometry": {"type": "LineString", "coordinates": [[126.8009532, 37.6337942], [126.8020825, 37.6333426], [126.8028286, 37.6330877], [126.8035577, 37.632852], [126.8044701, 37.6326267], [126.805387, 37.6324327], [126.8063611, 37.6322826], [126.8088844, 37.6319495]]}}, {"type": "Feature", "properties": {"line_ref": "3", "line_name": "수도권 전철 3호선", "colour": "#ED6C00"}, "geometry": {"type": "LineString", "coordinates": [[126.8088844, 37.6319495], [126.8096784, 37.6318362], [126.8130793, 37.6313886]]}}, {"type": "Feature", "properties": {"line_ref": "3", "line_name": "수도권 전철 3호선", "colour": "#ED6C00"}, "geometry": {"type": "LineString", "coordinates": [[126.8130793, 37.6313886], [126.8148985, 37.6311377], [126.8153782, 37.6310889], [126.815781, 37.6310825], [126.8161989, 37.6310923], [126.8170597, 37.6311827], [126.8178378, 37.63136], [126.8184624, 37.6315777], [126.8190392, 37.6318411], [126.8195329, 37.6321489], [126.8203971, 37.6328137], [126.8208433, 37.6332085]]}}, {"type": "Feature", "properties": {"line_ref": "3", "line_name": "수도권 전철 3호선", "colour": "#ED6C00"}, "geometry": {"type": "LineString", "coordinates": [[126.8208433, 37.6332085], [126.8209723, 37.6333225]]}}, {"type": "Feature", "properties": {"line_ref": "3", "line_name": "수도권 전철 3호선", "colour": "#ED6C00"}, "geometry": {"type": "LineString", "coordinates": [[126.8209723, 37.6333225], [126.8211798, 37.6335061], [126.8215875, 37.6338791], [126.8220332, 37.634239], [126.822516, 37.6345491], [126.8229076, 37.6347594], [126.823272, 37.6349081], [126.8242319, 37.6352228]]}}, {"type": "Feature", "properties": {"line_ref": "3", "line_name": "수도권 전철 3호선", "colour": "#ED6C00"}, "geometry": {"type": "LineString", "coordinates": [[126.8242319, 37.6352228], [126.8246933, 37.6353459], [126.82516, 37.6354266], [126.8255517, 37.6354473], [126.8256428, 37.6354521], [126.8326234, 37.6345957], [126.835328, 37.6342681], [126.836039, 37.6342924], [126.8367096, 37.6344241], [126.8373479, 37.6347979], [126.8378093, 37.6352482], [126.838295, 37.6360359], [126.8383532, 37.6361764], [126.8383849, 37.6362529], [126.8386799, 37.6369649], [126.839856, 37.6398031], [126.8403978, 37.6419831], [126.8404486, 37.6426099]]}}, {"type": "Feature", "properties": {"line_ref": "3", "line_name": "수도권 전철 3호선", "colour": "#ED6C00"}, "geometry": {"type": "LineString", "coordinates": [[126.8404486, 37.6426099], [126.8404968, 37.6430474], [126.8406175, 37.6454452]]}}, {"type": "Feature", "properties": {"line_ref": "3", "line_name": "수도권 전철 3호선", "colour": "#ED6C00"}, "geometry": {"type": "LineString", "coordinates": [[126.8406175, 37.6454452], [126.8406518, 37.6459152], [126.8406711, 37.6461801]]}}, {"type": "Feature", "properties": {"line_ref": "3", "line_name": "수도권 전철 3호선", "colour": "#ED6C00"}, "geometry": {"type": "LineString", "coordinates": [[126.8406711, 37.6461801], [126.8408405, 37.6489893], [126.8409236, 37.6495437], [126.8411033, 37.6500852], [126.8414493, 37.65075], [126.8421625, 37.6518694]]}}, {"type": "Feature", "properties": {"line_ref": "3", "line_name": "수도권 전철 3호선", "colour": "#ED6C00"}, "geometry": {"type": "LineString", "coordinates": [[126.8421625, 37.6518694], [126.8433973, 37.6538264], [126.8439174, 37.6546424], [126.8443393, 37.6552488], [126.8445396, 37.6554706], [126.8447696, 37.6556685], [126.8449849, 37.6558295], [126.8451907, 37.6559615]]}}, {"type": "Feature", "properties": {"line_ref": "3", "line_name": "수도권 전철 3호선", "colour": "#ED6C00"}, "geometry": {"type": "LineString", "coordinates": [[126.8451907, 37.6559615], [126.845457, 37.6560971], [126.8456842, 37.656176], [126.8462797, 37.6563395], [126.8467893, 37.6564181], [126.8475403, 37.6564075], [126.8481599, 37.6563055], [126.8490416, 37.6561096], [126.8492114, 37.6560719]]}}, {"type": "Feature", "properties": {"line_ref": "3", "line_name": "수도권 전철 3호선", "colour": "#ED6C00"}, "geometry": {"type": "LineString", "coordinates": [[126.8492114, 37.6560719], [126.8506788, 37.655811], [126.8579519, 37.6540993], [126.8618254, 37.6533704], [126.8653496, 37.6524468], [126.8715624, 37.6509991], [126.8728594, 37.6506968], [126.8737376, 37.6504946], [126.8773592, 37.6496103], [126.8777676, 37.6495547], [126.8780545, 37.6495484], [126.878362, 37.6495669], [126.8786874, 37.6496046], [126.8789576, 37.6496747], [126.8815114, 37.6503223], [126.8835874, 37.6509149], [126.8869785, 37.6518507], [126.8883389, 37.6521777], [126.8940489, 37.6534304], [126.8942439, 37.653437], [126.8946, 37.6533426], [126.8953789, 37.6531362], [126.8954689, 37.6531033], [126.896654, 37.6527247], [126.8970897, 37.6525706], [126.8981731, 37.6521876], [126.9007339, 37.6512939]]}}, {"type": "Feature", "properties": {"line_ref": "3", "line_name": "수도권 전철 3호선", "colour": "#ED6C00"}, "geometry": {"type": "LineString", "coordinates": [[126.9007339, 37.6512939], [126.9014749, 37.6510239], [126.9033224, 37.6504802], [126.9036967, 37.6503655]]}}, {"type": "Feature", "properties": {"line_ref": "3", "line_name": "수도권 전철 3호선", "colour": "#ED6C00"}, "geometry": {"type": "LineString", "coordinates": [[126.9036967, 37.6503655], [126.9047791, 37.6500612], [126.9064611, 37.6495883], [126.9086198, 37.6489789], [126.9097066, 37.6486985], [126.9107334, 37.6485117], [126.9134216, 37.6481339]]}}, {"type": "Feature", "properties": {"line_ref": "3", "line_name": "수도권 전철 3호선", "colour": "#ED6C00"}, "geometry": {"type": "LineString", "coordinates": [[126.9134216, 37.6481339], [126.9149061, 37.6479341], [126.9156209, 37.6478405]]}}, {"type": "Feature", "properties": {"line_ref": "3", "line_name": "수도권 전철 3호선", "colour": "#ED6C00"}, "geometry": {"type": "LineString", "coordinates": [[126.9156209, 37.6478405], [126.9167554, 37.6476961], [126.9168261, 37.6476839]]}}, {"type": "Feature", "properties": {"line_ref": "3", "line_name": "수도권 전철 3호선", "colour": "#ED6C00"}, "geometry": {"type": "LineString", "coordinates": [[126.9168261, 37.6476839], [126.9173599, 37.6475678], [126.91778, 37.6473849], [126.9181632, 37.6471354], [126.9184519, 37.6468466], [126.9186862, 37.6464898], [126.9187631, 37.6462466], [126.9188136, 37.6459387], [126.9187939, 37.6454895], [126.9187155, 37.6449406], [126.9186407, 37.6444137], [126.9185336, 37.6437173], [126.9184232, 37.6430355], [126.9184013, 37.6426746]]}}, {"type": "Feature", "properties": {"line_ref": "3", "line_name": "수도권 전철 3호선", "colour": "#ED6C00"}, "geometry": {"type": "LineString", "coordinates": [[126.9184013, 37.6426746], [126.9184195, 37.6419544], [126.9184496, 37.6414908], [126.9185498, 37.6401562], [126.9185548, 37.6398771]]}}, {"type": "Feature", "properties": {"line_ref": "3", "line_name": "수도권 전철 3호선", "colour": "#ED6C00"}, "geometry": {"type": "LineString", "coordinates": [[126.9185548, 37.6398771], [126.9186738, 37.6380778], [126.9187139, 37.6374959], [126.9187721, 37.6368537]]}}, {"type": "Feature", "properties": {"line_ref": "3", "line_name": "수도권 전철 3호선", "colour": "#ED6C00"}, "geometry": {"type": "LineString", "coordinates": [[126.9187721, 37.6368537], [126.918808, 37.6361303], [126.9188265, 37.6358004], [126.9188475, 37.635425], [126.9189247, 37.6340463], [126.9192418, 37.6303701], [126.9192821, 37.6295552], [126.9193385, 37.6287392], [126.9194698, 37.628122], [126.9198251, 37.6268558], [126.9200524, 37.6259746], [126.9200521, 37.6257908], [126.9197872, 37.622799], [126.9197651, 37.6221875], [126.9199369, 37.6211417], [126.9201259, 37.6204636], [126.9205176, 37.6198495], [126.920858, 37.6194491], [126.9213178, 37.6188819], [126.9219155, 37.6181556], [126.9229388, 37.617116], [126.9241759, 37.616083], [126.9244164, 37.6159057], [126.9260785, 37.6148045], [126.9263617, 37.6145435], [126.9266729, 37.6142102], [126.9270088, 37.6138132], [126.929439, 37.6109748], [126.930398, 37.6098806], [126.9313549, 37.6087848], [126.932445, 37.6076308], [126.933744, 37.6061569], [126.9340557, 37.6057492], [126.9346402, 37.6048857], [126.9348918, 37.6035785], [126.9351092, 37.6022057], [126.9352332, 37.6017946], [126.9357156, 37.600943], [126.9363279, 37.5997661], [126.9365821, 37.5994181], [126.9379421, 37.5977528]]}}, {"type": "Feature", "properties": {"line_ref": "3", "line_name": "수도권 전철 3호선", "colour": "#ED6C00"}, "geometry": {"type": "LineString", "coordinates": [[126.9379421, 37.5977528], [126.9390467, 37.5964003], [126.9393665, 37.5960122], [126.9402937, 37.5950077], [126.9407147, 37.5944947], [126.9407786, 37.5943392], [126.9408652, 37.5941286], [126.9409578, 37.5937351], [126.9411062, 37.5920786], [126.9412467, 37.5917298], [126.9414544, 37.5913509], [126.9415032, 37.5912873], [126.9419816, 37.5906629], [126.9426495, 37.5899487], [126.944199, 37.588674], [126.9457724, 37.587334], [126.9480561, 37.5851649], [126.9482284, 37.5849369], [126.9494383, 37.5837552], [126.9497198, 37.5833789], [126.9503083, 37.5823147], [126.950684, 37.5814091], [126.950853, 37.5812268], [126.9510516, 37.5810616], [126.9523486, 37.5799969], [126.9546529, 37.5777149], [126.955239, 37.5770851], [126.9562583, 37.5758795], [126.95699, 37.5752391], [126.9578197, 37.574513]]}}, {"type": "Feature", "properties": {"line_ref": "3", "line_name": "수도권 전철 3호선", "colour": "#ED6C00"}, "geometry": {"type": "LineString", "coordinates": [[126.9578197, 37.574513], [126.9582499, 37.5741337], [126.9594647, 37.5730281], [126.9598735, 37.57269], [126.9602054, 37.5725567], [126.9604557, 37.5725032], [126.9607878, 37.5724888], [126.9618259, 37.572459], [126.9623352, 37.5725], [126.9629321, 37.572637], [126.9643349, 37.5732887], [126.965478, 37.5738669], [126.9657421, 37.5739729], [126.9659082, 37.5740207], [126.9666883, 37.5742259], [126.9670592, 37.574355], [126.9674441, 37.5745643], [126.9686588, 37.5755195], [126.9694309, 37.5759523], [126.9697637, 37.5760296], [126.9704196, 37.5760494], [126.9719825, 37.5759657], [126.9735668, 37.5757585], [126.9745027, 37.5756929], [126.9755144, 37.5756121], [126.9760321, 37.5755707], [126.9764612, 37.5755364], [126.9773304, 37.5755139], [126.9787944, 37.5755563], [126.9794571, 37.575592], [126.9801362, 37.5756386], [126.9807732, 37.5756528], [126.9813947, 37.575641], [126.9819506, 37.5756386], [126.9824432, 37.5756119], [126.9828957, 37.5756061], [126.9833324, 37.5756522], [126.9838187, 37.5758115], [126.9854679, 37.5764552], [126.9862272, 37.5768286], [126.9864186, 37.5769168], [126.9868664, 37.577123], [126.987463, 37.5773311], [126.987838, 37.5773969], [126.9883244, 37.5774252], [126.9887488, 37.5774359], [126.9891298, 37.577386], [126.989422, 37.5773105], [126.9896803, 37.5772032], [126.9899183, 37.5770575], [126.9900992, 37.5768125], [126.9902669, 37.5765482], [126.9903978, 37.5762702], [126.9909155, 37.574507], [126.9914283, 37.5727796], [126.9916922, 37.5720185], [126.9921957, 37.570407], [126.9922493, 37.5693085], [126.9923614, 37.5683346], [126.9925882, 37.5663629], [126.9926125, 37.5661602], [126.9928529, 37.5640398], [126.9928637, 37.5639548], [126.993037, 37.5625943], [126.9931695, 37.5622831], [126.9932766, 37.5620828], [126.9933422, 37.5619411], [126.9934937, 37.5617791], [126.9937165, 37.5615213], [126.993871, 37.5613688], [126.9940082, 37.5612334], [126.9941698, 37.5610888], [126.9943138, 37.5609857], [126.9948063, 37.5606488], [126.9949892, 37.5605356], [126.9955171, 37.5603349], [126.9961532, 37.5601801], [126.9970003, 37.5600575], [126.9974264, 37.5599741], [127.0010368, 37.5592482], [127.0022015, 37.5590591], [127.0032012, 37.5589416], [127.0037494, 37.5589347], [127.0051775, 37.5590203], [127.0057659, 37.5590197], [127.0061835, 37.5589491], [127.0065024, 37.5588805], [127.0068323, 37.5587855], [127.0080216, 37.5580771], [127.0082564, 37.5578887], [127.0086983, 37.5574645], [127.008892, 37.5572235], [127.0095061, 37.5562796], [127.0105499, 37.5548296]]}}, {"type": "Feature", "properties": {"line_ref": "3", "line_name": "수도권 전철 3호선", "colour": "#ED6C00"}, "geometry": {"type": "LineString", "coordinates": [[127.0105499, 37.5548296], [127.0117915, 37.5533036], [127.0120337, 37.553013], [127.0131123, 37.5517186], [127.0141522, 37.5503747], [127.0148856, 37.5494199], [127.0154706, 37.5487532], [127.0158595, 37.5480153], [127.0163128, 37.5470285], [127.0164738, 37.5465161], [127.0165703, 37.5459717], [127.0166685, 37.5446284]]}}, {"type": "Feature", "properties": {"line_ref": "3", "line_name": "수도권 전철 3호선", "colour": "#ED6C00"}, "geometry": {"type": "LineString", "coordinates": [[127.0166685, 37.5446284], [127.0167903, 37.5434213]]}}, {"type": "Feature", "properties": {"line_ref": "3", "line_name": "수도권 전철 3호선", "colour": "#ED6C00"}, "geometry": {"type": "LineString", "coordinates": [[127.0167903, 37.5434213], [127.0168527, 37.5430204], [127.0169631, 37.5425577], [127.017162, 37.542054], [127.0173138, 37.5417357]]}}, {"type": "Feature", "properties": {"line_ref": "3", "line_name": "수도권 전철 3호선", "colour": "#ED6C00"}, "geometry": {"type": "LineString", "coordinates": [[127.0173138, 37.5417357], [127.0173953, 37.5415648], [127.0177997, 37.5409491], [127.0178475, 37.5408763], [127.0179082, 37.5407951]]}}, {"type": "Feature", "properties": {"line_ref": "3", "line_name": "수도권 전철 3호선", "colour": "#ED6C00"}, "geometry": {"type": "LineString", "coordinates": [[127.0179082, 37.5407951], [127.0241889, 37.531773], [127.0248702, 37.5307435]]}}, {"type": "Feature", "properties": {"line_ref": "3", "line_name": "수도권 전철 3호선", "colour": "#ED6C00"}, "geometry": {"type": "LineString", "coordinates": [[127.0248702, 37.5307435], [127.0250043, 37.530618], [127.0253316, 37.53015], [127.0254657, 37.5299713], [127.0256106, 37.5298267], [127.0261564, 37.52933]]}}, {"type": "Feature", "properties": {"line_ref": "3", "line_name": "수도권 전철 3호선", "colour": "#ED6C00"}, "geometry": {"type": "LineString", "coordinates": [[127.0261564, 37.52933], [127.0280453, 37.5276607], [127.0282589, 37.5273794], [127.0283203, 37.5272857], [127.0284237, 37.5270514], [127.0284957, 37.5268091], [127.0285103, 37.5265752], [127.0284705, 37.5261356], [127.0284421, 37.5258959], [127.0280485, 37.5200953], [127.0280101, 37.5199207], [127.0279351, 37.5197527], [127.0278103, 37.519607], [127.0275872, 37.5194801], [127.0262154, 37.5188874], [127.0252611, 37.518476], [127.0196309, 37.5161705], [127.0160964, 37.5149928], [127.0160554, 37.5149792], [127.013299, 37.5138143], [127.0110886, 37.5127485], [127.0071352, 37.5108214], [127.0056277, 37.5100866], [127.0050506, 37.5097329], [127.0046897, 37.5094186], [127.0043891, 37.5090388], [127.004124, 37.5085368], [127.0040135, 37.5079927], [127.0039779, 37.5075378], [127.003993, 37.5071354], [127.0040558, 37.506696], [127.0042076, 37.5063847], [127.0049022, 37.5050376], [127.0060918, 37.5023987], [127.0064288, 37.5017946], [127.0069948, 37.501222], [127.007671, 37.5007576], [127.0079528, 37.500607], [127.0105739, 37.4996725], [127.0107196, 37.4996211], [127.0109135, 37.4995528], [127.0114204, 37.4993134], [127.0116823, 37.4991357], [127.0120535, 37.49885], [127.0123457, 37.4985417], [127.0125358, 37.4982795], [127.0126525, 37.4980519], [127.0127458, 37.4978522], [127.0128022, 37.497485], [127.013453, 37.4946338], [127.0138064, 37.4928812], [127.0146033, 37.4883544], [127.0146701, 37.4879381], [127.0147463, 37.4876306], [127.0148842, 37.4872865], [127.015206, 37.4867194], [127.0162904, 37.4849718], [127.0172798, 37.4834112], [127.0177082, 37.4829062], [127.0179985, 37.4827462], [127.0187307, 37.4825208], [127.0190871, 37.4824873], [127.0194074, 37.4824876], [127.034317, 37.4845433], [127.035057, 37.4846554], [127.0434676, 37.4858227], [127.0443394, 37.4859613], [127.0446623, 37.4860304], [127.0448117, 37.4860715], [127.0450806, 37.486156], [127.0454041, 37.4862791], [127.0455957, 37.4863704], [127.0459118, 37.4865261], [127.0469913, 37.4870435], [127.0498479, 37.4883747], [127.0554872, 37.4908838], [127.0632186, 37.4944502], [127.0699125, 37.4964802], [127.0730461, 37.4971909], [127.0738839, 37.4972501], [127.0746737, 37.4972012], [127.0754789, 37.4970551], [127.0768129, 37.4967086], [127.0774108, 37.4964782], [127.0778961, 37.4961792], [127.0784588, 37.4956399], [127.0787186, 37.4952954], [127.0788738, 37.4949909], [127.0795056, 37.493654], [127.0810624, 37.4902003], [127.0823817, 37.4873719], [127.082702, 37.48666], [127.0827951, 37.4863678], [127.0830168, 37.4853565], [127.0831254, 37.4850603], [127.0832357, 37.4848263], [127.0834293, 37.4845026], [127.0835614, 37.484324], [127.0836602, 37.4841913], [127.0837363, 37.4840944], [127.0838237, 37.484017], [127.0839937, 37.4838957], [127.0841812, 37.4837678], [127.0843952, 37.4836485], [127.0846203, 37.4835629], [127.0849558, 37.4834587], [127.0852853, 37.4833815], [127.0859226, 37.483225], [127.0869749, 37.4830354], [127.0881365, 37.4829469], [127.0888335, 37.4829404], [127.0898072, 37.4829906], [127.0913989, 37.4831771], [127.0935796, 37.4834246], [127.0949084, 37.4835839], [127.0952117, 37.4836242], [127.0957325, 37.4837989], [127.0959706, 37.4839458], [127.0963027, 37.4842064], [127.0966793, 37.4846472], [127.0971327, 37.485143], [127.098039, 37.4858896], [127.0986626, 37.4863171], [127.0992944, 37.4866306], [127.0998392, 37.4868075], [127.1017355, 37.4873684]]}}, {"type": "Feature", "properties": {"line_ref": "3", "line_name": "수도권 전철 3호선", "colour": "#ED6C00"}, "geometry": {"type": "LineString", "coordinates": [[127.1017355, 37.4873684], [127.1019706, 37.487427], [127.1025609, 37.4876081], [127.1029197, 37.4877182], [127.1031474, 37.4877881], [127.1052329, 37.4884281], [127.1055208, 37.4885167], [127.1150194, 37.4914152], [127.1153336, 37.4915111], [127.1177039, 37.4922475], [127.118618, 37.4925084], [127.1189736, 37.4926182], [127.1226859, 37.4945616], [127.1233687, 37.494943], [127.1238319, 37.4953088], [127.1244577, 37.4959118], [127.1247614, 37.496318], [127.126573, 37.5000758], [127.1270117, 37.5007067], [127.1274603, 37.5011972], [127.1283544, 37.5021419]]}}, {"type": "Feature", "properties": {"line_ref": "4", "line_name": "수도권 전철 4호선", "colour": "#009BCE"}, "geometry": {"type": "LineString", "coordinates": [[127.0784401, 37.6695753], [127.0783819, 37.6695039], [127.0782532, 37.6693498], [127.0779125, 37.6689418], [127.0763312, 37.6670483], [127.0761042, 37.6667019], [127.0760119, 37.6664938], [127.0759307, 37.6662223], [127.0759191, 37.6659904], [127.0759182, 37.6648696], [127.07579, 37.66392]]}}, {"type": "Feature", "properties": {"line_ref": "4", "line_name": "수도권 전철 4호선", "colour": "#009BCE"}, "geometry": {"type": "LineString", "coordinates": [[127.07579, 37.66392], [127.0756205, 37.6630489], [127.0756113, 37.6630017], [127.0755458, 37.6628332], [127.0754571, 37.662668], [127.0753655, 37.6625442], [127.0751884, 37.6623359], [127.0748176, 37.6620061], [127.0737064, 37.6610438], [127.0735222, 37.6608638], [127.0732664, 37.6606147], [127.0726737, 37.6599912], [127.072643, 37.6599588], [127.0718943, 37.6591808], [127.0716329, 37.6589892], [127.0714729, 37.658893], [127.0713401, 37.6588147], [127.0711464, 37.6587263], [127.0708247, 37.6586161], [127.0702687, 37.6584849], [127.069622, 37.6583549], [127.0693441, 37.6582841], [127.069112, 37.6582249], [127.0690875, 37.6582188], [127.0686279, 37.6580974], [127.068547, 37.6580661], [127.0683179, 37.6579774], [127.0678618, 37.6577338], [127.067553, 37.6575879], [127.0666356, 37.6571432], [127.0661776, 37.6569825], [127.065584, 37.6568497], [127.06458, 37.6566287], [127.063441, 37.6563712], [127.0634151, 37.6563654], [127.0623632, 37.6561244]]}}, {"type": "Feature", "properties": {"line_ref": "4", "line_name": "수도권 전철 4호선", "colour": "#009BCE"}, "geometry": {"type": "LineString", "coordinates": [[127.0623632, 37.6561244], [127.0621969, 37.6560884], [127.0616274, 37.655963], [127.0613183, 37.655895], [127.0562379, 37.6547559], [127.0556912, 37.6546459], [127.0553379, 37.654583], [127.0548398, 37.6545314], [127.0533249, 37.6544412], [127.0528619, 37.6543993], [127.0521517, 37.6542638], [127.0497718, 37.6536983], [127.0488502, 37.65348]]}}, {"type": "Feature", "properties": {"line_ref": "4", "line_name": "수도권 전철 4호선", "colour": "#009BCE"}, "geometry": {"type": "LineString", "coordinates": [[127.0488502, 37.65348], [127.0488311, 37.6534748], [127.0478221, 37.6532386], [127.0477005, 37.6532101], [127.0466586, 37.6529636]]}}, {"type": "Feature", "properties": {"line_ref": "4", "line_name": "수도권 전철 4호선", "colour": "#009BCE"}, "geometry": {"type": "LineString", "coordinates": [[127.0466586, 37.6529636], [127.0466179, 37.6529554]]}}, {"type": "Feature", "properties": {"line_ref": "4", "line_name": "수도권 전철 4호선", "colour": "#009BCE"}, "geometry": {"type": "LineString", "coordinates": [[127.0466179, 37.6529554], [127.042107, 37.6518921]]}}, {"type": "Feature", "properties": {"line_ref": "4", "line_name": "수도권 전철 4호선", "colour": "#009BCE"}, "geometry": {"type": "LineString", "coordinates": [[127.042107, 37.6518921], [127.0412185, 37.6517215], [127.0376639, 37.6514653], [127.0373536, 37.6514263], [127.0368268, 37.6512555], [127.0366017, 37.6511305], [127.0363182, 37.6509676], [127.0361283, 37.6508451], [127.0359574, 37.6506903], [127.0358404, 37.650551], [127.0357379, 37.6503893], [127.0356208, 37.6502127], [127.0345485, 37.6484204], [127.0345081, 37.6483524], [127.0336632, 37.6469283], [127.0330922, 37.6459659], [127.0324906, 37.6448953], [127.0319183, 37.6440275], [127.0313865, 37.6434068], [127.0301431, 37.6422416], [127.0256914, 37.6379893], [127.0237308, 37.6362249], [127.0233927, 37.6357662], [127.0232514, 37.6355314], [127.0231806, 37.6352516], [127.0233087, 37.6340312], [127.0234289, 37.633399], [127.0235942, 37.6328432], [127.024073, 37.6316165], [127.0252964, 37.6284861], [127.0255095, 37.6279407], [127.0260892, 37.6264573], [127.0264909, 37.6254296], [127.0297916, 37.6171819], [127.0298376, 37.6167517], [127.0300744, 37.6131644], [127.0303113, 37.6111449], [127.0303099, 37.6104947], [127.0302314, 37.6097204], [127.0300874, 37.6091978], [127.0297852, 37.6086197], [127.0283714, 37.6070436], [127.0277043, 37.6063772], [127.0258692, 37.6048305], [127.0256761, 37.604653], [127.0254959, 37.6044711], [127.0253956, 37.6043456], [127.0253468, 37.6042595], [127.0248763, 37.6033512], [127.0247817, 37.6031656], [127.024414, 37.6024214], [127.0218769, 37.5977286], [127.0212993, 37.5966709], [127.0210114, 37.5962786], [127.0198357, 37.5952189], [127.0187029, 37.5942294], [127.0183025, 37.5938678], [127.0178203, 37.593452], [127.0174112, 37.5931505], [127.0169365, 37.592896], [127.0167516, 37.5927963], [127.0164111, 37.592665], [127.0157295, 37.592497], [127.0148187, 37.5923939], [127.014158, 37.5922535], [127.0139643, 37.5921996], [127.0137632, 37.592122], [127.0124741, 37.5914821], [127.0102919, 37.5903482], [127.0083268, 37.5894941], [127.0082928, 37.5894793], [127.0074368, 37.5891382], [127.0072969, 37.5890787], [127.0053156, 37.588201]]}}, {"type": "Feature", "properties": {"line_ref": "4", "line_name": "수도권 전철 4호선", "colour": "#009BCE"}, "geometry": {"type": "LineString", "coordinates": [[127.0053156, 37.588201], [127.005081, 37.5881129], [127.0044998, 37.5878903], [127.0039613, 37.5876856], [127.0029617, 37.5872512], [127.0026554, 37.5870752], [127.0022646, 37.5867962], [127.0019266, 37.5864586], [127.0016599, 37.5861257], [127.001525, 37.5859397], [127.0013747, 37.585695], [127.0013247, 37.5855309], [127.0013018, 37.5853848], [127.0012941, 37.585273], [127.0013073, 37.5851444], [127.0013649, 37.5848044], [127.0015666, 37.5837926], [127.0018979, 37.5824906], [127.0019312, 37.5821434], [127.002051, 37.5808914], [127.0021932, 37.5777124], [127.0022117, 37.5775439], [127.0022519, 37.5773134], [127.0023176, 37.5770991], [127.0024233, 37.5768506], [127.0025338, 37.576663], [127.0026118, 37.5765563], [127.0027231, 37.5764568], [127.0028299, 37.5763817], [127.0029312, 37.576332], [127.0035946, 37.5761347], [127.0044572, 37.5758783], [127.0049867, 37.5755989], [127.0054024, 37.5752121], [127.0060945, 37.5744893], [127.0081691, 37.5722503]]}}, {"type": "Feature", "properties": {"line_ref": "4", "line_name": "수도권 전철 4호선", "colour": "#009BCE"}, "geometry": {"type": "LineString", "coordinates": [[127.0098237, 37.5698062], [127.0096881, 37.5701941], [127.0096096, 37.5703929], [127.009551, 37.5704833], [127.0093746, 37.5707564], [127.0091362, 37.5710934], [127.0089252, 37.571378], [127.0081691, 37.5722503]]}}, {"type": "Feature", "properties": {"line_ref": "4", "line_name": "수도권 전철 4호선", "colour": "#009BCE"}, "geometry": {"type": "LineString", "coordinates": [[127.0018956, 37.5630535], [127.0039305, 37.5635383], [127.005482, 37.5638388], [127.0059176, 37.5638952], [127.0063887, 37.5639204], [127.00654, 37.5639454], [127.0066551, 37.5639876], [127.0069533, 37.5641273], [127.007096, 37.5641933], [127.0071662, 37.5642374], [127.0072266, 37.564279], [127.0073162, 37.5643497], [127.0073966, 37.564429], [127.0074771, 37.5645268], [127.0076809, 37.5647644], [127.0080476, 37.5652027], [127.0083242, 37.5655213], [127.0086008, 37.5658577], [127.008868, 37.5662509], [127.0091374, 37.5667364], [127.0093455, 37.5671095], [127.009472, 37.5673694], [127.0095719, 37.5675544], [127.0096769, 37.5678745], [127.0097341, 37.5681408], [127.0097929, 37.568552], [127.0098469, 37.5688366], [127.009878, 37.5691032], [127.0098914, 37.5694439], [127.0098656, 37.5696167], [127.0098237, 37.5698062]]}}, {"type": "Feature", "properties": {"line_ref": "4", "line_name": "수도권 전철 4호선", "colour": "#009BCE"}, "geometry": {"type": "LineString", "coordinates": [[126.9963114, 37.5617596], [126.9966975, 37.5618508], [126.9980563, 37.5621674], [127.0008544, 37.5628062], [127.0015877, 37.5629783], [127.0018956, 37.5630535]]}}, {"type": "Feature", "properties": {"line_ref": "4", "line_name": "수도권 전철 4호선", "colour": "#009BCE"}, "geometry": {"type": "LineString", "coordinates": [[126.9923908, 37.5610671], [126.9926025, 37.5610655], [126.9928264, 37.5610549], [126.9930736, 37.5610534], [126.9932504, 37.561064], [126.9934423, 37.5610859], [126.9936461, 37.56111], [126.9941505, 37.5612285], [126.9944729, 37.5613106], [126.9957546, 37.5616286], [126.9963114, 37.5617596]]}}, {"type": "Feature", "properties": {"line_ref": "4", "line_name": "수도권 전철 4호선", "colour": "#009BCE"}, "geometry": {"type": "LineString", "coordinates": [[126.9798593, 37.5594499], [126.9809475, 37.5598074], [126.9820288, 37.5603848], [126.9825134, 37.5605549], [126.9830528, 37.5606345], [126.9862899, 37.5609174], [126.988771, 37.5611744], [126.9890433, 37.5612026], [126.9893456, 37.5612211], [126.989848, 37.5612082], [126.9902656, 37.5611632], [126.9911171, 37.5610714], [126.991268, 37.561067], [126.9923908, 37.5610671]]}}, {"type": "Feature", "properties": {"line_ref": "4", "line_name": "수도권 전철 4호선", "colour": "#009BCE"}, "geometry": {"type": "LineString", "coordinates": [[126.9724492, 37.552576], [126.9726364, 37.5533278], [126.9726851, 37.5535842], [126.9727106, 37.5538652], [126.9726901, 37.5542614], [126.9726288, 37.5546286], [126.9726041, 37.5548713], [126.9726152, 37.5550692], [126.9726598, 37.5553144], [126.9727141, 37.5555013], [126.9728019, 37.5556786], [126.9728913, 37.5558672], [126.9729918, 37.5560271], [126.9731317, 37.5561717], [126.9732786, 37.556289], [126.973438, 37.5563694], [126.9737276, 37.5564676], [126.9744741, 37.5567745], [126.9753438, 37.557069], [126.9772958, 37.5578264], [126.9773637, 37.5578515], [126.9775789, 37.5579732], [126.9777057, 37.5580583], [126.9778229, 37.5581487], [126.9780336, 37.5583418], [126.9782276, 37.5585509], [126.978436, 37.5587614], [126.9786277, 37.558932], [126.9788966, 37.5591082], [126.9792382, 37.5592735], [126.9796728, 37.5594], [126.9797844, 37.5594298], [126.9798593, 37.5594499]]}}, {"type": "Feature", "properties": {"line_ref": "4", "line_name": "수도권 전철 4호선", "colour": "#009BCE"}, "geometry": {"type": "LineString", "coordinates": [[126.9832594, 37.5183918], [126.983198, 37.5188088], [126.9831796, 37.518875], [126.9831619, 37.518922], [126.9830537, 37.5191707], [126.9829228, 37.5193997], [126.982795, 37.5195619], [126.9827699, 37.519586], [126.9827314, 37.5196133], [126.9824643, 37.5197736], [126.982422, 37.519797], [126.9823757, 37.5198185], [126.9817748, 37.5200588], [126.9736117, 37.5226181], [126.9720768, 37.5230633], [126.9713548, 37.5231913], [126.9706287, 37.5233004], [126.97029, 37.5233732], [126.9698441, 37.523584], [126.9672189, 37.5250254], [126.9670988, 37.5251042], [126.9669847, 37.5251977], [126.9667867, 37.5253914], [126.9666164, 37.5256088], [126.9664894, 37.5258255], [126.9663652, 37.5260835], [126.9662822, 37.5263097], [126.9662288, 37.5265224], [126.9662175, 37.5267273], [126.9662264, 37.5269619], [126.9662523, 37.5271681], [126.9662764, 37.527302], [126.966314, 37.5274228], [126.9663589, 37.5275407], [126.9664141, 37.5276432], [126.9664779, 37.5277663], [126.9665179, 37.5278393], [126.9666102, 37.5279763], [126.9667323, 37.528114], [126.9678072, 37.5291568], [126.9681644, 37.529516], [126.9685754, 37.5299345], [126.9696635, 37.5310651], [126.9701334, 37.5315534], [126.9701547, 37.5315755], [126.9723829, 37.5338907], [126.9729031, 37.5344579], [126.9740512, 37.5357314], [126.9741233, 37.5358871], [126.9741754, 37.5360228], [126.9742125, 37.5362299], [126.9742289, 37.5364184], [126.9741903, 37.5366626], [126.9722637, 37.5438552], [126.9721544, 37.5442632], [126.9719211, 37.5451375], [126.9717744, 37.5472524], [126.9717389, 37.5492984], [126.9720696, 37.5509942], [126.9723634, 37.5522593], [126.9723905, 37.5523656], [126.9724492, 37.552576]]}}, {"type": "Feature", "properties": {"line_ref": "4", "line_name": "수도권 전철 4호선", "colour": "#009BCE"}, "geometry": {"type": "LineString", "coordinates": [[126.9832464, 37.5169416], [126.9832594, 37.5183918]]}}, {"type": "Feature", "properties": {"line_ref": "4", "line_name": "수도권 전철 4호선", "colour": "#009BCE"}, "geometry": {"type": "LineString", "coordinates": [[126.983208, 37.5160141], [126.98323, 37.5162145], [126.9832425, 37.5165042], [126.9832464, 37.5169416]]}}, {"type": "Feature", "properties": {"line_ref": "4", "line_name": "수도권 전철 4호선", "colour": "#009BCE"}, "geometry": {"type": "LineString", "coordinates": [[126.9801745, 37.5045098], [126.9803018, 37.5051443], [126.9807578, 37.5066209], [126.983059, 37.5152479], [126.9831859, 37.5158137], [126.983208, 37.5160141]]}}, {"type": "Feature", "properties": {"line_ref": "4", "line_name": "수도권 전철 4호선", "colour": "#009BCE"}, "geometry": {"type": "LineString", "coordinates": [[126.9814598, 37.5013915], [126.9811417, 37.5017163], [126.9809518, 37.5019423], [126.9808291, 37.5021191], [126.9806023, 37.502501], [126.9803769, 37.5029568], [126.9802651, 37.5033221], [126.9802065, 37.5036198], [126.9801854, 37.5038265], [126.9801634, 37.5040441], [126.9801533, 37.5042335], [126.9801745, 37.5045098]]}}, {"type": "Feature", "properties": {"line_ref": "4", "line_name": "수도권 전철 4호선", "colour": "#009BCE"}, "geometry": {"type": "LineString", "coordinates": [[126.9832275, 37.4987411], [126.9832544, 37.4990575], [126.9832386, 37.4991789], [126.9831445, 37.499495], [126.9830239, 37.4997896], [126.982885, 37.5000163], [126.9825831, 37.5004269], [126.9823867, 37.5006541], [126.9821056, 37.5008802], [126.9817328, 37.5011903], [126.9814598, 37.5013915]]}}, {"type": "Feature", "properties": {"line_ref": "4", "line_name": "수도권 전철 4호선", "colour": "#009BCE"}, "geometry": {"type": "LineString", "coordinates": [[126.9825817, 37.4966104], [126.9830899, 37.4980689], [126.9831581, 37.4982833], [126.9832095, 37.4985382], [126.9832275, 37.4987411]]}}, {"type": "Feature", "properties": {"line_ref": "4", "line_name": "수도권 전철 4호선", "colour": "#009BCE"}, "geometry": {"type": "LineString", "coordinates": [[126.9815846, 37.4762635], [126.9816123, 37.476917], [126.9816632, 37.4783958], [126.9816932, 37.4788427], [126.981712, 37.4791687], [126.9817382, 37.4796228], [126.9818382, 37.4812945], [126.9818577, 37.4818297], [126.9819125, 37.482735], [126.9819796, 37.4839092], [126.982068, 37.4851396], [126.9821578, 37.4863697], [126.9822046, 37.487026], [126.982233, 37.4874253], [126.9822389, 37.4875079], [126.9822851, 37.4881553], [126.9823516, 37.4884896], [126.9824399, 37.4889335], [126.9825174, 37.4893233], [126.9825456, 37.4895398], [126.9825894, 37.4898765], [126.9825979, 37.4901242], [126.9826233, 37.4908659], [126.9825072, 37.4962011], [126.9825394, 37.4964054], [126.9825817, 37.4966104]]}}, {"type": "Feature", "properties": {"line_ref": "4", "line_name": "수도권 전철 4호선", "colour": "#009BCE"}, "geometry": {"type": "LineString", "coordinates": [[126.9889176, 37.463972], [126.9882335, 37.4654978], [126.987951, 37.4661331], [126.987799, 37.4664463], [126.9876538, 37.4666953], [126.9873947, 37.4670197], [126.9870251, 37.4674889], [126.986795, 37.467743], [126.9867536, 37.4677888], [126.986624, 37.4679318], [126.986573, 37.4679882], [126.9859747, 37.4685471], [126.9852585, 37.4690852], [126.984727, 37.4695378], [126.9842777, 37.469977], [126.983866, 37.4705263], [126.9834918, 37.4710741], [126.9830631, 37.4718098], [126.9828401, 37.4722516], [126.982747, 37.4724362], [126.9825906, 37.4727377], [126.9825279, 37.4728585], [126.9824609, 37.4729878], [126.982315, 37.4732691], [126.9819709, 37.4740001], [126.9817297, 37.4748713], [126.9816412, 37.4752629], [126.9815854, 37.475622], [126.9815809, 37.4757579], [126.981579, 37.4760423], [126.9815846, 37.4762635]]}}, {"type": "Feature", "properties": {"line_ref": "4", "line_name": "수도권 전철 4호선", "colour": "#009BCE"}, "geometry": {"type": "LineString", "coordinates": [[126.990746, 37.4600308], [126.9904123, 37.4604934], [126.9903758, 37.4605696], [126.9901222, 37.4610993], [126.9898954, 37.4615062], [126.9890143, 37.4637212], [126.9889176, 37.463972]]}}, {"type": "Feature", "properties": {"line_ref": "4", "line_name": "수도권 전철 4호선", "colour": "#009BCE"}, "geometry": {"type": "LineString", "coordinates": [[126.990746, 37.4600308], [126.991639, 37.4588539], [126.9917646, 37.4587157], [126.9924499, 37.4579621], [126.992788, 37.4576756], [126.9930543, 37.4574767], [126.9933643, 37.4572451], [126.9942958, 37.4567079]]}}, {"type": "Feature", "properties": {"line_ref": "4", "line_name": "수도권 전철 4호선", "colour": "#009BCE"}, "geometry": {"type": "LineString", "coordinates": [[126.9942958, 37.4567079], [126.9950023, 37.4562915], [126.9952519, 37.4561451], [126.9954512, 37.4560282], [126.9962828, 37.455571], [126.9975031, 37.454894], [126.9983691, 37.4543511]]}}, {"type": "Feature", "properties": {"line_ref": "4", "line_name": "수도권 전철 4호선", "colour": "#009BCE"}, "geometry": {"type": "LineString", "coordinates": [[126.9983691, 37.4543511], [126.998933, 37.4539596], [126.9994074, 37.4536777], [126.999998, 37.4532495], [127.0003638, 37.4530057], [127.0006468, 37.4528211], [127.0008202, 37.4527211], [127.0010653, 37.4525798], [127.0012674, 37.4524493], [127.0017219, 37.4521488], [127.0021419, 37.4518344], [127.0024725, 37.451535], [127.0027695, 37.4511586], [127.003056, 37.4507449], [127.003422, 37.4502564], [127.0036237, 37.4499885], [127.0038476, 37.4496911], [127.0044324, 37.4488485], [127.0075643, 37.4445165], [127.007913, 37.4438286], [127.0080444, 37.442783], [127.0085292, 37.4391541], [127.0085129, 37.4386788], [127.0082482, 37.4379431], [127.0072395, 37.4367674], [127.0070342, 37.436443], [127.0069737, 37.4363474], [127.0065982, 37.4357653], [127.0061773, 37.435088], [127.00578, 37.4344752], [127.0056267, 37.4342781], [127.0054136, 37.4340801], [127.0052279, 37.4339315], [127.0049727, 37.433759], [127.0046836, 37.4335928], [127.004384, 37.4334583], [127.0039281, 37.4333143], [127.0035543, 37.4332404], [127.0032883, 37.4332134], [127.0028793, 37.4332014], [127.0023516, 37.4331988], [126.998883, 37.4331715], [126.9980068, 37.4331782], [126.9976099, 37.4331526], [126.9971634, 37.4331072], [126.9968428, 37.4330278], [126.9964861, 37.4329238], [126.9960697, 37.4327804], [126.9956822, 37.4326249], [126.9954399, 37.4324743], [126.9952357, 37.4322989], [126.9951316, 37.4322061], [126.9949132, 37.4319527], [126.993309, 37.4301537], [126.9924608, 37.4292026], [126.9906158, 37.4271571], [126.9897471, 37.4264288], [126.9871661, 37.4240533], [126.9856856, 37.4227709], [126.9846314, 37.4217613], [126.9830758, 37.4199356], [126.981402, 37.4172771], [126.9811177, 37.4167488], [126.9803131, 37.4148826], [126.9800569, 37.4141792], [126.9796074, 37.412396], [126.9794494, 37.4117338], [126.9789398, 37.4095484], [126.9783892, 37.4071127], [126.9772473, 37.4031751], [126.9771122, 37.40252], [126.9769874, 37.4013614], [126.9769028, 37.40053], [126.976833, 37.4002037], [126.9767912, 37.4000465], [126.9767036, 37.3998616], [126.9765784, 37.3996325], [126.9764089, 37.3993921], [126.9760657, 37.3989272], [126.9756906, 37.3985824], [126.974828, 37.3979817], [126.9743752, 37.3977577], [126.9736678, 37.3975531], [126.9688171, 37.3959413], [126.9638926, 37.3942706], [126.9519947, 37.3902508], [126.9514155, 37.3900551], [126.9509188, 37.3898873], [126.9482124, 37.3889729], [126.9478744, 37.3887896], [126.9435599, 37.3854523], [126.9425121, 37.3846614], [126.9416289, 37.3841392], [126.9411836, 37.3839114], [126.9407812, 37.3836944], [126.9403454, 37.3834029], [126.9399907, 37.3831381], [126.9397935, 37.3829197], [126.9396112, 37.3826074], [126.9394106, 37.3822079], [126.939257, 37.381756], [126.9391157, 37.3811676], [126.9390603, 37.3808159], [126.9390724, 37.3805546], [126.9391086, 37.3800529], [126.9392232, 37.3797113], [126.939459, 37.379198], [126.9398421, 37.3787099], [126.9405014, 37.377944], [126.9409739, 37.377288], [126.9415063, 37.3765532]]}}, {"type": "Feature", "properties": {"line_ref": "4", "line_name": "수도권 전철 4호선", "colour": "#009BCE"}, "geometry": {"type": "LineString", "coordinates": [[126.9415063, 37.3765532], [126.9418412, 37.376002], [126.9422073, 37.3753874], [126.9425017, 37.3748453], [126.9427916, 37.3741493]]}}, {"type": "Feature", "properties": {"line_ref": "4", "line_name": "수도권 전철 4호선", "colour": "#009BCE"}, "geometry": {"type": "LineString", "coordinates": [[126.9427916, 37.3741493], [126.9429643, 37.3736867], [126.9430345, 37.3735367], [126.9435708, 37.3723908]]}}, {"type": "Feature", "properties": {"line_ref": "4", "line_name": "수도권 전철 4호선", "colour": "#009BCE"}, "geometry": {"type": "LineString", "coordinates": [[126.9435708, 37.3723908], [126.9439107, 37.3716613], [126.9439463, 37.3715851]]}}, {"type": "Feature", "properties": {"line_ref": "4", "line_name": "수도권 전철 4호선", "colour": "#009BCE"}, "geometry": {"type": "LineString", "coordinates": [[126.9439463, 37.3715851], [126.9440498, 37.3713651], [126.9443042, 37.370824]]}}, {"type": "Feature", "properties": {"line_ref": "4", "line_name": "수도권 전철 4호선", "colour": "#009BCE"}, "geometry": {"type": "LineString", "coordinates": [[126.9443042, 37.370824], [126.9444228, 37.3705735], [126.9445191, 37.37037], [126.9448588, 37.3696535], [126.9449694, 37.369405], [126.9451002, 37.3691702], [126.9452503, 37.3689662], [126.945445, 37.36876], [126.9458706, 37.3683144], [126.9461641, 37.3679815]]}}, {"type": "Feature", "properties": {"line_ref": "4", "line_name": "수도권 전철 4호선", "colour": "#009BCE"}, "geometry": {"type": "LineString", "coordinates": [[126.9461641, 37.3679815], [126.9462921, 37.3678129], [126.9463912, 37.3676329], [126.9464847, 37.3674277], [126.9465634, 37.3672088], [126.9466109, 37.3670087], [126.9466376, 37.3667916], [126.946644, 37.3666084], [126.9466326, 37.3663989], [126.9465948, 37.3661804], [126.9465207, 37.3659462], [126.946422, 37.3657139], [126.9463234, 37.3655272], [126.9462059, 37.3653607], [126.9460826, 37.3652079], [126.9458979, 37.3650192], [126.9456201, 37.3647842], [126.9453051, 37.3645878], [126.9446539, 37.3642353], [126.9441476, 37.3639638], [126.9416668, 37.3626337]]}}, {"type": "Feature", "properties": {"line_ref": "4", "line_name": "수도권 전철 4호선", "colour": "#009BCE"}, "geometry": {"type": "LineString", "coordinates": [[126.9416668, 37.3626337], [126.9353299, 37.3592358]]}}, {"type": "Feature", "properties": {"line_ref": "4", "line_name": "수도권 전철 4호선", "colour": "#009BCE"}, "geometry": {"type": "LineString", "coordinates": [[126.9353299, 37.3592358], [126.9350314, 37.3590757], [126.9342636, 37.358664], [126.9321639, 37.3575433], [126.9312923, 37.3570708], [126.9308859, 37.3568528], [126.9300033, 37.3563786], [126.9298178, 37.3562852]]}}, {"type": "Feature", "properties": {"line_ref": "4", "line_name": "수도권 전철 4호선", "colour": "#009BCE"}, "geometry": {"type": "LineString", "coordinates": [[126.9298178, 37.3562852], [126.9288172, 37.3557183], [126.9283639, 37.355424], [126.9278036, 37.3549848], [126.927371, 37.3545503], [126.9270956, 37.3542239]]}}, {"type": "Feature", "properties": {"line_ref": "4", "line_name": "수도권 전철 4호선", "colour": "#009BCE"}, "geometry": {"type": "LineString", "coordinates": [[126.9270956, 37.3542239], [126.9268584, 37.3538983], [126.9266472, 37.3535326], [126.9265289, 37.3533082], [126.9264011, 37.3530178], [126.9259235, 37.3514984]]}}, {"type": "Feature", "properties": {"line_ref": "4", "line_name": "수도권 전철 4호선", "colour": "#009BCE"}, "geometry": {"type": "LineString", "coordinates": [[126.9259235, 37.3514984], [126.9253962, 37.3498152], [126.9253007, 37.3495172], [126.9241825, 37.34596], [126.9240335, 37.3454059], [126.9236951, 37.3439868], [126.9236094, 37.3434405]]}}, {"type": "Feature", "properties": {"line_ref": "4", "line_name": "수도권 전철 4호선", "colour": "#009BCE"}, "geometry": {"type": "LineString", "coordinates": [[126.9226945, 37.3381301], [126.9236094, 37.3434405]]}}, {"type": "Feature", "properties": {"line_ref": "4", "line_name": "수도권 전철 4호선", "colour": "#009BCE"}, "geometry": {"type": "LineString", "coordinates": [[126.9021624, 37.3103941], [126.9032326, 37.3116652], [126.9048867, 37.3136488], [126.9162856, 37.3272174], [126.9176177, 37.3287964], [126.9209706, 37.3328241], [126.921257, 37.3331956], [126.9215003, 37.3335876], [126.9217776, 37.3340867], [126.9219628, 37.334529], [126.9221183, 37.3349631], [126.9222356, 37.335423], [126.9223886, 37.33616], [126.9226945, 37.3381301]]}}, {"type": "Feature", "properties": {"line_ref": "4", "line_name": "수도권 전철 4호선", "colour": "#009BCE"}, "geometry": {"type": "LineString", "coordinates": [[126.9007393, 37.3088282], [126.9009402, 37.3090493], [126.9021624, 37.3103941]]}}, {"type": "Feature", "properties": {"line_ref": "4", "line_name": "수도권 전철 4호선", "colour": "#009BCE"}, "geometry": {"type": "LineString", "coordinates": [[126.8991828, 37.3076326], [126.8998007, 37.3080142], [126.900123, 37.3082545], [126.900256, 37.3083536], [126.9007393, 37.3088282]]}}, {"type": "Feature", "properties": {"line_ref": "4", "line_name": "수도권 전철 4호선", "colour": "#009BCE"}, "geometry": {"type": "LineString", "coordinates": [[126.8927531, 37.3055325], [126.896988, 37.3066903], [126.8980036, 37.3070525], [126.8987179, 37.3073914], [126.8991828, 37.3076326]]}}, {"type": "Feature", "properties": {"line_ref": "4", "line_name": "수도권 전철 4호선", "colour": "#009BCE"}, "geometry": {"type": "LineString", "coordinates": [[126.8907993, 37.3049983], [126.8927531, 37.3055325]]}}, {"type": "Feature", "properties": {"line_ref": "4", "line_name": "수도권 전철 4호선", "colour": "#009BCE"}, "geometry": {"type": "LineString", "coordinates": [[126.8907993, 37.3049983], [126.8886352, 37.3044067]]}}, {"type": "Feature", "properties": {"line_ref": "4", "line_name": "수도권 전철 4호선", "colour": "#009BCE"}, "geometry": {"type": "LineString", "coordinates": [[126.8886352, 37.3044067], [126.8856526, 37.3035912]]}}, {"type": "Feature", "properties": {"line_ref": "4", "line_name": "수도권 전철 4호선", "colour": "#009BCE"}, "geometry": {"type": "LineString", "coordinates": [[126.8856526, 37.3035912], [126.8853305, 37.3035113], [126.8837002, 37.3031066], [126.8818757, 37.3028806], [126.8736968, 37.30242]]}}, {"type": "Feature", "properties": {"line_ref": "4", "line_name": "수도권 전철 4호선", "colour": "#009BCE"}, "geometry": {"type": "LineString", "coordinates": [[126.8671824, 37.3027523], [126.8682462, 37.3026675], [126.8692116, 37.3025979], [126.8696752, 37.3025645], [126.8702491, 37.3025232], [126.8719186, 37.3024029], [126.8726565, 37.3023879], [126.8736968, 37.30242]]}}, {"type": "Feature", "properties": {"line_ref": "4", "line_name": "수도권 전철 4호선", "colour": "#009BCE"}, "geometry": {"type": "LineString", "coordinates": [[126.8570398, 37.306251], [126.8583825, 37.3049173], [126.8587662, 37.3046193], [126.8591841, 37.304333], [126.8595721, 37.3040956], [126.8599676, 37.3038693], [126.8605349, 37.3036276], [126.860962, 37.3034747], [126.8614796, 37.3033276], [126.8621222, 37.3031975], [126.8631394, 37.3030632], [126.8636575, 37.3030311], [126.8656673, 37.3028721], [126.8671824, 37.3027523]]}}, {"type": "Feature", "properties": {"line_ref": "4", "line_name": "수도권 전철 4호선", "colour": "#009BCE"}, "geometry": {"type": "LineString", "coordinates": [[126.8510078, 37.3123606], [126.8513871, 37.3119828], [126.852888, 37.3104519], [126.8543928, 37.3089022], [126.8570398, 37.306251]]}}, {"type": "Feature", "properties": {"line_ref": "4", "line_name": "수도권 전철 4호선", "colour": "#009BCE"}, "geometry": {"type": "LineString", "coordinates": [[126.8497988, 37.3135642], [126.8498768, 37.3134866], [126.8508537, 37.3125054], [126.8510078, 37.3123606]]}}, {"type": "Feature", "properties": {"line_ref": "4", "line_name": "수도권 전철 4호선", "colour": "#009BCE"}, "geometry": {"type": "LineString", "coordinates": [[126.8495537, 37.313778], [126.8497988, 37.3135642]]}}, {"type": "Feature", "properties": {"line_ref": "4", "line_name": "수도권 전철 4호선", "colour": "#009BCE"}, "geometry": {"type": "LineString", "coordinates": [[126.847752, 37.3149758], [126.8481568, 37.3147732], [126.8485308, 37.3145505], [126.8489502, 37.3142834], [126.849271, 37.3140345], [126.8494435, 37.313878], [126.8495537, 37.313778]]}}, {"type": "Feature", "properties": {"line_ref": "4", "line_name": "수도권 전철 4호선", "colour": "#009BCE"}, "geometry": {"type": "LineString", "coordinates": [[126.8476678, 37.3150086], [126.847752, 37.3149758]]}}, {"type": "Feature", "properties": {"line_ref": "4", "line_name": "수도권 전철 4호선", "colour": "#009BCE"}, "geometry": {"type": "LineString", "coordinates": [[126.8452969, 37.315632], [126.8457641, 37.3155572], [126.8462625, 37.3154593], [126.8467699, 37.3153239], [126.8472275, 37.3151799], [126.8476678, 37.3150086]]}}, {"type": "Feature", "properties": {"line_ref": "4", "line_name": "수도권 전철 4호선", "colour": "#009BCE"}, "geometry": {"type": "LineString", "coordinates": [[126.8447989, 37.3156793], [126.8452969, 37.315632]]}}, {"type": "Feature", "properties": {"line_ref": "4", "line_name": "수도권 전철 4호선", "colour": "#009BCE"}, "geometry": {"type": "LineString", "coordinates": [[126.8447989, 37.3156793], [126.8412767, 37.3158672], [126.8374647, 37.3160633], [126.8357031, 37.3161645], [126.8220934, 37.3169005], [126.8218763, 37.3169093]]}}, {"type": "Feature", "properties": {"line_ref": "4", "line_name": "수도권 전철 4호선", "colour": "#009BCE"}, "geometry": {"type": "LineString", "coordinates": [[126.8218763, 37.3169093], [126.8214587, 37.3169368], [126.8204668, 37.3170021]]}}, {"type": "Feature", "properties": {"line_ref": "4", "line_name": "수도권 전철 4호선", "colour": "#009BCE"}, "geometry": {"type": "LineString", "coordinates": [[126.8204668, 37.3170021], [126.8153623, 37.3172494], [126.8148008, 37.3172916], [126.8141818, 37.3173705], [126.8135765, 37.3174818], [126.8129125, 37.3176381], [126.8123912, 37.3178068], [126.811615, 37.3180786], [126.8049024, 37.3211622], [126.8046179, 37.3212914]]}}, {"type": "Feature", "properties": {"line_ref": "4", "line_name": "수도권 전철 4호선", "colour": "#009BCE"}, "geometry": {"type": "LineString", "coordinates": [[126.8046179, 37.3212914], [126.8024396, 37.3223], [126.8019054, 37.3225309], [126.8012337, 37.322782], [126.8005518, 37.3230092], [126.8005428, 37.3230113]]}}, {"type": "Feature", "properties": {"line_ref": "4", "line_name": "수도권 전철 4호선", "colour": "#009BCE"}, "geometry": {"type": "LineString", "coordinates": [[126.8005428, 37.3230113], [126.8004095, 37.3230423]]}}, {"type": "Feature", "properties": {"line_ref": "4", "line_name": "수도권 전철 4호선", "colour": "#009BCE"}, "geometry": {"type": "LineString", "coordinates": [[126.8004095, 37.3230423], [126.8003102, 37.3230654], [126.7997551, 37.3231942], [126.7992684, 37.3232845], [126.7966564, 37.3237694], [126.7957795, 37.3239805], [126.7946549, 37.3243866], [126.7933289, 37.3249832], [126.7928889, 37.3251812]]}}, {"type": "Feature", "properties": {"line_ref": "4", "line_name": "수도권 전철 4호선", "colour": "#009BCE"}, "geometry": {"type": "LineString", "coordinates": [[126.7928889, 37.3251812], [126.7919355, 37.3256101]]}}, {"type": "Feature", "properties": {"line_ref": "4", "line_name": "수도권 전철 4호선", "colour": "#009BCE"}, "geometry": {"type": "LineString", "coordinates": [[126.7919355, 37.3256101], [126.7879605, 37.3274089], [126.7877891, 37.3274865], [126.7861554, 37.328208]]}}, {"type": "Feature", "properties": {"line_ref": "4", "line_name": "수도권 전철 4호선", "colour": "#009BCE"}, "geometry": {"type": "LineString", "coordinates": [[126.7861554, 37.328208], [126.7857681, 37.3283876]]}}, {"type": "Feature", "properties": {"line_ref": "4", "line_name": "수도권 전철 4호선", "colour": "#009BCE"}, "geometry": {"type": "LineString", "coordinates": [[126.7857681, 37.3283876], [126.785355, 37.3285792], [126.7849097, 37.3287789], [126.7813146, 37.3303917], [126.7765982, 37.33253], [126.7711227, 37.3354358], [126.7703256, 37.3358588], [126.7681991, 37.3370282], [126.7675964, 37.3373596]]}}, {"type": "Feature", "properties": {"line_ref": "4", "line_name": "수도권 전철 4호선", "colour": "#009BCE"}, "geometry": {"type": "LineString", "coordinates": [[126.7675964, 37.3373596], [126.7670178, 37.3376691]]}}, {"type": "Feature", "properties": {"line_ref": "4", "line_name": "수도권 전철 4호선", "colour": "#009BCE"}, "geometry": {"type": "LineString", "coordinates": [[126.7670178, 37.3376691], [126.7661867, 37.3380983]]}}, {"type": "Feature", "properties": {"line_ref": "4", "line_name": "수도권 전철 4호선", "colour": "#009BCE"}, "geometry": {"type": "LineString", "coordinates": [[126.7661867, 37.3380983], [126.7655452, 37.3384313], [126.7654342, 37.3384888]]}}, {"type": "Feature", "properties": {"line_ref": "4", "line_name": "수도권 전철 4호선", "colour": "#009BCE"}, "geometry": {"type": "LineString", "coordinates": [[126.7654342, 37.3384888], [126.7653434, 37.3385359]]}}, {"type": "Feature", "properties": {"line_ref": "4", "line_name": "수도권 전철 4호선", "colour": "#009BCE"}, "geometry": {"type": "LineString", "coordinates": [[126.7653434, 37.3385359], [126.7649221, 37.3387542]]}}, {"type": "Feature", "properties": {"line_ref": "4", "line_name": "수도권 전철 4호선", "colour": "#009BCE"}, "geometry": {"type": "LineString", "coordinates": [[126.7593274, 37.3426776], [126.7596365, 37.3422522], [126.7598099, 37.3420172], [126.7600395, 37.3417503], [126.7602613, 37.3415206], [126.7605537, 37.3412451], [126.7611518, 37.3407789], [126.7616206, 37.3404921], [126.7618503, 37.3403518], [126.7624645, 37.3400234], [126.7634167, 37.3395316], [126.7637238, 37.339373], [126.7641474, 37.3391543], [126.7647944, 37.3388201], [126.7649221, 37.3387542]]}}, {"type": "Feature", "properties": {"line_ref": "4", "line_name": "수도권 전철 4호선", "colour": "#009BCE"}, "geometry": {"type": "LineString", "coordinates": [[126.7593274, 37.3426776], [126.7592527, 37.3427951], [126.759034, 37.3431391]]}}, {"type": "Feature", "properties": {"line_ref": "4", "line_name": "수도권 전철 4호선", "colour": "#009BCE"}, "geometry": {"type": "LineString", "coordinates": [[126.759034, 37.3431391], [126.7589463, 37.343273], [126.7573884, 37.3456535], [126.7573601, 37.3456968], [126.7569409, 37.3463043], [126.7567, 37.346621], [126.7565939, 37.3467908]]}}, {"type": "Feature", "properties": {"line_ref": "4", "line_name": "수도권 전철 4호선", "colour": "#009BCE"}, "geometry": {"type": "LineString", "coordinates": [[126.7565939, 37.3467908], [126.7564552, 37.3469476], [126.7561666, 37.3472337], [126.7558897, 37.3474719], [126.7556608, 37.3476579], [126.7554772, 37.3477905], [126.7552244, 37.3479425], [126.7550506, 37.3480483], [126.7548244, 37.3481768], [126.7545086, 37.3483312], [126.7541075, 37.3485101], [126.7537611, 37.3486368], [126.7533497, 37.3487709], [126.7497011, 37.3497987], [126.7476593, 37.3504252], [126.7419901, 37.3520536], [126.7411391, 37.3522992], [126.7404928, 37.3524842], [126.740041, 37.3526218], [126.7395889, 37.352799], [126.7392649, 37.3529453], [126.7389773, 37.3530803], [126.738685, 37.3532643], [126.7383753, 37.3534834], [126.7380451, 37.3537505]]}}, {"type": "Feature", "properties": {"line_ref": "4", "line_name": "수도권 전철 4호선", "colour": "#009BCE"}, "geometry": {"type": "LineString", "coordinates": [[126.7380451, 37.3537505], [126.73776, 37.3540303], [126.7375164, 37.3542999], [126.7373543, 37.3545071], [126.7372501, 37.3546656], [126.7371419, 37.3548258], [126.7370304, 37.3550231], [126.7369274, 37.3552274], [126.7368382, 37.3554518], [126.7367147, 37.3558172], [126.7366486, 37.3561553], [126.7366064, 37.356395], [126.7365925, 37.3566817], [126.7365975, 37.356885], [126.7366093, 37.3571193], [126.7366476, 37.3574207], [126.7366944, 37.3576593], [126.7367436, 37.3578479], [126.7368484, 37.3581435], [126.737144, 37.3588958]]}}, {"type": "Feature", "properties": {"line_ref": "4", "line_name": "수도권 전철 4호선", "colour": "#009BCE"}, "geometry": {"type": "LineString", "coordinates": [[126.737144, 37.3588958], [126.7373049, 37.3592606], [126.7374463, 37.3595811]]}}, {"type": "Feature", "properties": {"line_ref": "4", "line_name": "수도권 전철 4호선", "colour": "#009BCE"}, "geometry": {"type": "LineString", "coordinates": [[126.7374463, 37.3595811], [126.7376396, 37.3601686], [126.7377737, 37.3606078], [126.738718, 37.3628018]]}}, {"type": "Feature", "properties": {"line_ref": "5", "line_name": "서울 지하철 5호선", "colour": "#794698"}, "geometry": {"type": "LineString", "coordinates": [[126.8763158, 37.5243595], [126.8751484, 37.5245316], [126.8645084, 37.5261036], [126.8643837, 37.5261223], [126.8642767, 37.526123], [126.8559551, 37.5250243], [126.853407, 37.5246297], [126.8528733, 37.5245457], [126.8525782, 37.524535], [126.8523073, 37.5245542], [126.8520445, 37.5245946], [126.8517628, 37.524652], [126.8515348, 37.5247073], [126.8513229, 37.5247712], [126.8511084, 37.5248541], [126.8508992, 37.5249732], [126.8507007, 37.525103], [126.8505183, 37.5252796], [126.8503198, 37.5254965], [126.850132, 37.5257305], [126.8498021, 37.5261751], [126.8497458, 37.5262751], [126.8484619, 37.5286417], [126.8478481, 37.5297732], [126.8464982, 37.5320943], [126.8454462, 37.5338071], [126.8415087, 37.5402239], [126.8403637, 37.5416946], [126.8402307, 37.541869], [126.8378046, 37.5442807], [126.8373647, 37.5447156], [126.8371367, 37.5449708], [126.8370295, 37.545092], [126.8369356, 37.5452132], [126.8366781, 37.5456406], [126.8365252, 37.545949], [126.8364394, 37.5461553], [126.8363696, 37.5464126], [126.8363079, 37.5467635], [126.8362892, 37.5470251], [126.8362865, 37.5471803], [126.8362945, 37.5488667], [126.8363401, 37.5523308], [126.8363409, 37.5525646], [126.8363696, 37.5527837], [126.8375887, 37.5566165], [126.8376303, 37.556928], [126.8376705, 37.5572576], [126.8376785, 37.5575701], [126.8376464, 37.5578699], [126.8375257, 37.5582739], [126.8374583, 37.558433], [126.8373916, 37.5585908], [126.8372172, 37.5588884], [126.8369597, 37.5592286], [126.8365654, 37.5596645], [126.8362462, 37.5599112], [126.8358359, 37.5602131], [126.835565, 37.5603598], [126.8353611, 37.5604597], [126.83505, 37.5605767], [126.8346664, 37.5606979], [126.8342802, 37.560785], [126.8339744, 37.5608446], [126.8335828, 37.5608892], [126.8332529, 37.5608913], [126.8329471, 37.5608807], [126.8327138, 37.5608616], [126.8323839, 37.5608212], [126.8319467, 37.5607446], [126.8305117, 37.5604916], [126.8296748, 37.5602811], [126.8290767, 37.5601812], [126.8285483, 37.5601238], [126.8280843, 37.5600855], [126.8274486, 37.5600749], [126.8268907, 37.5600323], [126.8247396, 37.5602258], [126.8239698, 37.5602896], [126.8200135, 37.560447], [126.8119964, 37.5612507], [126.8105534, 37.5613687], [126.8102174, 37.5613459], [126.8099847, 37.561307], [126.8096653, 37.561239], [126.8092944, 37.5611035], [126.809035, 37.5609907], [126.8065864, 37.5597432], [126.8062511, 37.5596007], [126.8055698, 37.5594902], [126.8048698, 37.5595221], [126.8045023, 37.5595731], [126.8041322, 37.5596369], [126.8033597, 37.5598729], [126.8027508, 37.5601599], [126.8022278, 37.5605363], [126.8018979, 37.5608297], [126.8016565, 37.5611805], [126.8014741, 37.5615824], [126.8013534, 37.5619374], [126.8013024, 37.562116], [126.8012362, 37.5624369], [126.8012139, 37.5628708], [126.8013282, 37.5632643], [126.8047088, 37.570803], [126.8049341, 37.5712325], [126.8051372, 37.5715132], [126.8053754, 37.5717422], [126.8057056, 37.5719574], [126.80601, 37.5721071], [126.8065718, 37.5723955], [126.8075138, 37.572761], [126.8081607, 37.5728725], [126.8092257, 37.573048], [126.8095985, 37.5731394], [126.8099606, 37.5732733], [126.8102717, 37.5734179], [126.8105802, 37.5735816], [126.8109477, 37.5738197], [126.8112025, 37.5740471], [126.8113741, 37.5742703], [126.8115404, 37.5744978], [126.8118576, 37.575121], [126.8122727, 37.5762069], [126.8126915, 37.5773986]]}}, {"type": "Feature", "properties": {"line_ref": "5", "line_name": "서울 지하철 5호선", "colour": "#794698"}, "geometry": {"type": "LineString", "coordinates": [[126.8964077, 37.5240118], [126.8861154, 37.5256184], [126.8837998, 37.5259741], [126.8836074, 37.5260007], [126.8834102, 37.5260007], [126.8832332, 37.5259986], [126.8830615, 37.5259752], [126.8829113, 37.5259411], [126.882745, 37.5258879], [126.8817817, 37.5255626], [126.8784803, 37.5244478], [126.8781504, 37.5243563], [126.8777963, 37.5243032], [126.8773243, 37.5242968], [126.8763158, 37.5243595]]}}, {"type": "Feature", "properties": {"line_ref": "5", "line_name": "서울 지하철 5호선", "colour": "#794698"}, "geometry": {"type": "LineString", "coordinates": [[126.9103161, 37.5202757], [126.9093956, 37.5211586], [126.9090736, 37.5215611], [126.9089422, 37.521676], [126.9088, 37.5217866], [126.9086578, 37.5218802], [126.9085023, 37.5219717], [126.9083387, 37.5220589], [126.9081509, 37.5221312], [126.9079658, 37.5222035], [126.9077861, 37.5222546], [126.9075903, 37.5223078], [126.9072255, 37.5223801], [126.9051244, 37.5226792], [126.8973513, 37.523864], [126.8964077, 37.5240118]]}}, {"type": "Feature", "properties": {"line_ref": "5", "line_name": "서울 지하철 5호선", "colour": "#794698"}, "geometry": {"type": "LineString", "coordinates": [[126.932549, 37.5268372], [126.9285059, 37.5243158], [126.9248093, 37.5219444], [126.9208098, 37.5194747], [126.9190228, 37.5183567], [126.9185712, 37.5181033], [126.9180032, 37.5178391], [126.9176052, 37.5176769], [126.917243, 37.5175918], [126.9169519, 37.5175304], [126.9166068, 37.5174957], [126.916308, 37.5174895], [126.9159167, 37.5175076], [126.9154432, 37.517552], [126.9150134, 37.5176088], [126.9145121, 37.5176748], [126.9141929, 37.5177287], [126.913744, 37.5178196], [126.9133056, 37.5179568], [126.9129171, 37.5181431], [126.912595, 37.5183102], [126.9121887, 37.5185929], [126.9115882, 37.5191008], [126.9103161, 37.5202757]]}}, {"type": "Feature", "properties": {"line_ref": "5", "line_name": "서울 지하철 5호선", "colour": "#794698"}, "geometry": {"type": "LineString", "coordinates": [[126.9887271, 37.5725144], [126.9885764, 37.5725172], [126.9864044, 37.5725569], [126.9841084, 37.5721806], [126.9830343, 37.5719954], [126.9809246, 37.5715854], [126.9769127, 37.5715921], [126.9766547, 37.5715926], [126.974545, 37.571596], [126.9741172, 37.5714706], [126.9736612, 37.5713048], [126.9734412, 37.5711942], [126.973173, 37.5710241], [126.9728941, 37.5708498], [126.9701046, 37.5689024], [126.9692254, 37.5683012], [126.9681305, 37.5672782], [126.96667, 37.5657783], [126.9662377, 37.5652052], [126.9654375, 37.5641444], [126.9640846, 37.5621233], [126.9636076, 37.5613482], [126.9632538, 37.5607846], [126.9629386, 37.5602672], [126.9626775, 37.5598621], [126.9621729, 37.5594482], [126.9618798, 37.5592094], [126.9583305, 37.5562896], [126.9579971, 37.5559605], [126.9567324, 37.5534301], [126.954485, 37.5490174], [126.953322, 37.5469911], [126.9508356, 37.5436373], [126.9498244, 37.5424113], [126.9494811, 37.5421114], [126.9459969, 37.5396061], [126.9443071, 37.5383608], [126.9435775, 37.5376951], [126.9429499, 37.5370485], [126.9340637, 37.528047], [126.9336024, 37.5276237], [126.9331035, 37.5271962], [126.932549, 37.5268372]]}}, {"type": "Feature", "properties": {"line_ref": "5", "line_name": "서울 지하철 5호선", "colour": "#794698"}, "geometry": {"type": "LineString", "coordinates": [[126.992118, 37.5724631], [126.9920225, 37.5724678], [126.9908072, 37.5725275], [126.9887271, 37.5725144]]}}, {"type": "Feature", "properties": {"line_ref": "5", "line_name": "서울 지하철 5호선", "colour": "#794698"}, "geometry": {"type": "LineString", "coordinates": [[127.0795354, 37.5571224], [127.0722806, 37.5600068], [127.0705533, 37.5606064], [127.0648416, 37.5614211], [127.0645907, 37.5614569], [127.0608678, 37.5620225], [127.0588401, 37.5623797], [127.0584705, 37.5625541], [127.0573676, 37.5633449], [127.0526477, 37.5667984], [127.0518583, 37.567376], [127.0497367, 37.5689556], [127.0494609, 37.5690945], [127.0491991, 37.5691964], [127.0489384, 37.5692632], [127.0486559, 37.5692837], [127.0483881, 37.569237], [127.048111, 37.5691484], [127.0473576, 37.5687961], [127.0467889, 37.5684475], [127.0429225, 37.5660844], [127.0417, 37.5653727], [127.0397401, 37.5638977], [127.0369505, 37.5618095], [127.0362693, 37.5612996], [127.0357909, 37.5610151], [127.0299795, 37.5575595], [127.0263708, 37.5557968], [127.0250159, 37.5551394], [127.024075, 37.554724], [127.0234891, 37.554498], [127.0231665, 37.5544072], [127.0227049, 37.5543283], [127.0218776, 37.5542428], [127.021383, 37.5542233], [127.0210451, 37.5542445], [127.0202557, 37.5544039], [127.0193392, 37.554589], [127.0184433, 37.555027], [127.0180399, 37.5553366], [127.0176709, 37.5556735], [127.0172417, 37.5563751], [127.0171291, 37.5568429], [127.0167696, 37.5578593], [127.0162976, 37.5587098], [127.0155734, 37.5593817], [127.0149136, 37.5597878], [127.0136945, 37.5602418], [127.0121692, 37.5608446], [127.0117236, 37.5610665], [127.0112132, 37.5613532], [127.0107481, 37.561713], [127.0104428, 37.5619748], [127.0098195, 37.5625769], [127.0094306, 37.5629264], [127.0090954, 37.5632122], [127.00863, 37.5635338], [127.0079087, 37.5639283], [127.007422, 37.5641583], [127.0072575, 37.564204], [127.0063895, 37.5644824], [127.0055339, 37.5646546], [127.0046219, 37.5647439], [127.0011163, 37.56451], [127.000486, 37.5644611], [127.0002526, 37.5644803], [126.9999522, 37.5645653], [126.9995284, 37.5646971], [126.9990349, 37.5649778], [126.9987827, 37.5651351], [126.9982409, 37.5657347], [126.9981363, 37.5661131], [126.9980713, 37.5669307], [126.9979188, 37.5684863], [126.9978671, 37.5689178], [126.997795, 37.5693497], [126.9977504, 37.5698296], [126.9977333, 37.5700069], [126.9976599, 37.5702055], [126.9975392, 37.5703866], [126.9973985, 37.5705584], [126.9971629, 37.5707722], [126.9969096, 37.5709428], [126.9966395, 37.5711055], [126.9960768, 37.571361], [126.995519, 37.5715797], [126.99488, 37.5717862], [126.9940479, 37.5720615], [126.993269, 37.5722759], [126.9931759, 37.5723015], [126.9926491, 37.5724036], [126.992118, 37.5724631]]}}, {"type": "Feature", "properties": {"line_ref": "5", "line_name": "서울 지하철 5호선", "colour": "#794698"}, "geometry": {"type": "LineString", "coordinates": [[127.1325963, 37.535768], [127.1271586, 37.5374569], [127.1258618, 37.5378078], [127.1234109, 37.5385722], [127.1226904, 37.5388259], [127.122049, 37.5390861], [127.1217339, 37.539253], [127.1205309, 37.5400304], [127.1196431, 37.5405897], [127.1181786, 37.5416722], [127.1175617, 37.5419742], [127.1080345, 37.544522], [127.106806, 37.544454], [127.1062106, 37.5445135], [127.1050787, 37.5447985], [127.103505, 37.5452672], [127.0938268, 37.5486306], [127.0931429, 37.5488773], [127.091909, 37.5493324], [127.0913397, 37.5496741], [127.0904875, 37.5504063], [127.0902836, 37.5506976], [127.089766, 37.5516758], [127.0895018, 37.5522414], [127.0893502, 37.552537], [127.0885885, 37.553394], [127.0861477, 37.5545465], [127.0795354, 37.5571224]]}}, {"type": "Feature", "properties": {"line_ref": "5", "line_name": "서울 지하철 5호선", "colour": "#794698"}, "geometry": {"type": "LineString", "coordinates": [[127.1353632, 37.5348863], [127.1325963, 37.535768]]}}, {"type": "Feature", "properties": {"line_ref": "5", "line_name": "서울 지하철 5호선", "colour": "#794698"}, "geometry": {"type": "LineString", "coordinates": [[127.144188, 37.5526462], [127.1441072, 37.5519222], [127.1439882, 37.5508125], [127.1433739, 37.5471314], [127.1432093, 37.546366], [127.1429834, 37.5456477], [127.1402269, 37.5383373], [127.1396855, 37.5367975], [127.1394369, 37.5361954], [127.1393416, 37.5360117], [127.1391266, 37.5357014], [127.1389435, 37.5354513], [127.1387446, 37.5352737], [127.1385112, 37.5350991], [127.1382161, 37.5349133], [127.1379481, 37.534791], [127.1374665, 37.5346811], [127.137152, 37.5346223], [127.1367845, 37.5346187], [127.1364872, 37.5346201], [127.1361392, 37.5346822], [127.1353632, 37.5348863]]}}, {"type": "Feature", "properties": {"line_ref": "5", "line_name": "서울 지하철 5호선", "colour": "#794698"}, "geometry": {"type": "LineString", "coordinates": [[127.1469166, 37.555477], [127.1466825, 37.555431], [127.1463655, 37.5553489], [127.1459946, 37.5552273], [127.1457725, 37.5551208], [127.1456368, 37.5550422], [127.1453658, 37.5548541], [127.145146, 37.554674], [127.1448188, 37.5543364], [127.144558, 37.5539488], [127.1443642, 37.5535534], [127.1442729, 37.5532101], [127.144188, 37.5526462]]}}, {"type": "Feature", "properties": {"line_ref": "5", "line_name": "서울 지하철 5호선", "colour": "#794698"}, "geometry": {"type": "LineString", "coordinates": [[127.1626397, 37.5561765], [127.1588014, 37.5556571], [127.1537952, 37.554957], [127.1526611, 37.5548059], [127.1520956, 37.5546939], [127.1518688, 37.5546723], [127.1516396, 37.55468], [127.1514291, 37.5547167], [127.1500635, 37.5550618], [127.1487735, 37.5554112], [127.148303, 37.5555053], [127.1478677, 37.5555434], [127.1475587, 37.5555378], [127.1472382, 37.5555159], [127.1469166, 37.555477]]}}, {"type": "Feature", "properties": {"line_ref": "5", "line_name": "서울 지하철 5호선", "colour": "#794698"}, "geometry": {"type": "LineString", "coordinates": [[127.1680427, 37.5568602], [127.1662879, 37.5566528], [127.1648999, 37.5564522], [127.1626397, 37.5561765]]}}, {"type": "Feature", "properties": {"line_ref": "5", "line_name": "서울 지하철 5호선", "colour": "#794698"}, "geometry": {"type": "LineString", "coordinates": [[127.1701753, 37.557039], [127.1692481, 37.5569786], [127.1680427, 37.5568602]]}}, {"type": "Feature", "properties": {"line_ref": "5", "line_name": "서울 지하철 5호선", "colour": "#794698"}, "geometry": {"type": "LineString", "coordinates": [[127.1765392, 37.5575768], [127.1761414, 37.5574904], [127.1752198, 37.5572903], [127.1746857, 37.5571788], [127.1743023, 37.5571086], [127.1731756, 37.557044], [127.1722899, 37.5570217], [127.1712014, 37.5570127], [127.1701753, 37.557039]]}}, {"type": "Feature", "properties": {"line_ref": "5", "line_name": "서울 지하철 5호선", "colour": "#794698"}, "geometry": {"type": "LineString", "coordinates": [[127.1818329, 37.5588416], [127.1809053, 37.5586264], [127.1800967, 37.5584133], [127.1797569, 37.5583407], [127.1765392, 37.5575768]]}}, {"type": "Feature", "properties": {"line_ref": "5", "line_name": "서울 지하철 5호선", "colour": "#794698"}, "geometry": {"type": "LineString", "coordinates": [[127.1818329, 37.5588416], [127.1864802, 37.5599052], [127.1871536, 37.5600293], [127.1877045, 37.5602162], [127.1882086, 37.5606094], [127.1888408, 37.5614731], [127.1892819, 37.5618646], [127.1897982, 37.5621563], [127.1902457, 37.562366], [127.1905758, 37.5624921]]}}, {"type": "Feature", "properties": {"line_ref": "5", "line_name": "서울 지하철 5호선", "colour": "#794698"}, "geometry": {"type": "LineString", "coordinates": [[127.1905758, 37.5624921], [127.1928227, 37.5629465], [127.1945118, 37.5634464], [127.1954909, 37.563698], [127.1963382, 37.5637404], [127.1972067, 37.5637338], [127.1978649, 37.5636421], [127.1983911, 37.5635013], [127.1986426, 37.5633133], [127.1989032, 37.5629942], [127.1995888, 37.5622189], [127.2006252, 37.5610849], [127.2025612, 37.5593593], [127.2039399, 37.5581706], [127.2050693, 37.557158], [127.2055403, 37.5567406], [127.2057232, 37.5564857], [127.205939, 37.5559597], [127.2060156, 37.5555778], [127.2059995, 37.5552248], [127.205833, 37.5547925], [127.205695, 37.5546337], [127.20476, 37.5534144], [127.2044619, 37.5530257], [127.2044144, 37.5529641], [127.2043013, 37.5528169], [127.204272, 37.5527798]]}}, {"type": "Feature", "properties": {"line_ref": "5", "line_name": "서울 지하철 5호선", "colour": "#794698"}, "geometry": {"type": "LineString", "coordinates": [[127.204272, 37.5527798], [127.2038842, 37.5522962], [127.203806, 37.5522037], [127.2035359, 37.5518939], [127.2033407, 37.5516686], [127.2030187, 37.5512968], [127.2016578, 37.54982], [127.2014693, 37.549481], [127.2013303, 37.5492384], [127.2012409, 37.5490797], [127.2010642, 37.548168], [127.2011356, 37.5471362], [127.201247, 37.5465483], [127.2015505, 37.5456629], [127.2021453, 37.5446331], [127.202734, 37.5439449], [127.2034515, 37.5433515], [127.2038953, 37.5431146], [127.2055273, 37.5423085], [127.2068686, 37.5416674], [127.2069843, 37.5416107], [127.2085017, 37.5408674], [127.209043, 37.5406101], [127.2103544, 37.5399759], [127.2109988, 37.5396552], [127.2116263, 37.5393482], [127.2120164, 37.5391896], [127.2124081, 37.5390998], [127.2132407, 37.5391054], [127.2139993, 37.5392786], [127.2146524, 37.539577], [127.2164124, 37.5403727], [127.2168574, 37.5405425], [127.2173068, 37.5406685], [127.2174652, 37.5406804], [127.2178524, 37.540687], [127.2180832, 37.5406662], [127.2183336, 37.5406208], [127.2189793, 37.540497], [127.2203914, 37.5402442], [127.2215252, 37.5400412], [127.2236752, 37.5396413]]}}, {"type": "Feature", "properties": {"line_ref": "6", "line_name": "서울 지하철 6호선", "colour": "#7C4932"}, "geometry": {"type": "LineString", "coordinates": [[127.1034084, 37.61279], [127.1038923, 37.6126381], [127.1046462, 37.6124026]]}}, {"type": "Feature", "properties": {"line_ref": "6", "line_name": "서울 지하철 6호선", "colour": "#7C4932"}, "geometry": {"type": "LineString", "coordinates": [[127.1034084, 37.61279], [127.1029592, 37.6129893]]}}, {"type": "Feature", "properties": {"line_ref": "6", "line_name": "서울 지하철 6호선", "colour": "#7C4932"}, "geometry": {"type": "LineString", "coordinates": [[127.1024516, 37.6131478], [127.1026525, 37.6130818], [127.1027306, 37.6130583], [127.1029592, 37.6129893]]}}, {"type": "Feature", "properties": {"line_ref": "6", "line_name": "서울 지하철 6호선", "colour": "#7C4932"}, "geometry": {"type": "LineString", "coordinates": [[127.1020161, 37.6133435], [127.1023526, 37.6132002], [127.1024516, 37.6131478]]}}, {"type": "Feature", "properties": {"line_ref": "6", "line_name": "서울 지하철 6호선", "colour": "#7C4932"}, "geometry": {"type": "LineString", "coordinates": [[127.1020161, 37.6133435], [127.1019867, 37.613353], [127.1019302, 37.6133713], [127.1018324, 37.6134031]]}}, {"type": "Feature", "properties": {"line_ref": "6", "line_name": "서울 지하철 6호선", "colour": "#7C4932"}, "geometry": {"type": "LineString", "coordinates": [[127.1018324, 37.6134031], [127.1010962, 37.6136347]]}}, {"type": "Feature", "properties": {"line_ref": "6", "line_name": "서울 지하철 6호선", "colour": "#7C4932"}, "geometry": {"type": "LineString", "coordinates": [[127.1010962, 37.6136347], [127.1004023, 37.6138578]]}}, {"type": "Feature", "properties": {"line_ref": "6", "line_name": "서울 지하철 6호선", "colour": "#7C4932"}, "geometry": {"type": "LineString", "coordinates": [[127.1004023, 37.6138578], [127.1003116, 37.6138884]]}}, {"type": "Feature", "properties": {"line_ref": "6", "line_name": "서울 지하철 6호선", "colour": "#7C4932"}, "geometry": {"type": "LineString", "coordinates": [[127.1003116, 37.6138884], [127.0990976, 37.6142696]]}}, {"type": "Feature", "properties": {"line_ref": "6", "line_name": "서울 지하철 6호선", "colour": "#7C4932"}, "geometry": {"type": "LineString", "coordinates": [[127.0990976, 37.6142696], [127.0986203, 37.6144232]]}}, {"type": "Feature", "properties": {"line_ref": "6", "line_name": "서울 지하철 6호선", "colour": "#7C4932"}, "geometry": {"type": "LineString", "coordinates": [[127.0986203, 37.6144232], [127.0977535, 37.6147104], [127.0974847, 37.6148053], [127.0973122, 37.6148638], [127.0970116, 37.6149992], [127.0962368, 37.6153235]]}}, {"type": "Feature", "properties": {"line_ref": "6", "line_name": "서울 지하철 6호선", "colour": "#7C4932"}, "geometry": {"type": "LineString", "coordinates": [[127.0911066, 37.617441], [127.0912309, 37.6173882], [127.095184, 37.6157081], [127.0958661, 37.6154589], [127.0962368, 37.6153235]]}}, {"type": "Feature", "properties": {"line_ref": "6", "line_name": "서울 지하철 6호선", "colour": "#7C4932"}, "geometry": {"type": "LineString", "coordinates": [[127.0911066, 37.617441], [127.089776, 37.6180431], [127.0863301, 37.6196024], [127.0854771, 37.6198956], [127.0850161, 37.6199614], [127.0837042, 37.6198074], [127.082245, 37.6195854], [127.080338, 37.6192221], [127.0786241, 37.618691], [127.077084, 37.618158], [127.0766914, 37.6180222], [127.0754132, 37.6175798], [127.0745049, 37.6172655], [127.0736325, 37.6169765], [127.0721519, 37.616475], [127.0701188, 37.6158653], [127.068539, 37.6155296], [127.0657575, 37.6149177], [127.0654227, 37.6148461], [127.0647145, 37.6146861], [127.06444, 37.6146136], [127.0632952, 37.614242], [127.0626166, 37.6139318], [127.0620829, 37.6136365], [127.0617862, 37.6134706], [127.061232, 37.6131608], [127.0608973, 37.6129736], [127.056461, 37.6105705], [127.048232, 37.606239], [127.0440531, 37.6040705], [127.0435093, 37.6037493], [127.0431516, 37.6034963], [127.0430679, 37.6034316], [127.0423311, 37.6028508], [127.0417786, 37.6023875], [127.041446, 37.6019498], [127.0409877, 37.6010861], [127.0403105, 37.5998813], [127.0397267, 37.5986049], [127.0395818, 37.5982479], [127.0389699, 37.5969568], [127.0370916, 37.5934183], [127.0363149, 37.5923908], [127.0361482, 37.5917777], [127.0360684, 37.590932], [127.0359489, 37.5901982], [127.0358591, 37.5897909], [127.0357839, 37.5895028], [127.0356929, 37.5892934], [127.0355639, 37.5891549], [127.0328897, 37.5865002], [127.0326886, 37.5864344], [127.0293358, 37.5863164]]}}, {"type": "Feature", "properties": {"line_ref": "6", "line_name": "서울 지하철 6호선", "colour": "#7C4932"}, "geometry": {"type": "LineString", "coordinates": [[127.0293358, 37.5863164], [127.0274448, 37.5862399], [127.0252776, 37.5862526], [127.0248297, 37.5862973], [127.0236629, 37.5864907], [127.0224291, 37.5863164], [127.0214515, 37.586091], [127.0210665, 37.5859678], [127.0205837, 37.5857553], [127.0193144, 37.5853009], [127.018792, 37.585108], [127.0179737, 37.5848208], [127.0173034, 37.5844098], [127.0162305, 37.5836234], [127.0157853, 37.583228], [127.0155412, 37.5828199], [127.015163, 37.5812129], [127.0151496, 37.5804371], [127.0152213, 37.5797824], [127.015336, 37.5786781], [127.0153749, 37.5778512], [127.0154647, 37.5768138], [127.0155787, 37.5758923], [127.0156753, 37.5748337], [127.0155605, 37.5733624], [127.0155658, 37.5731335], [127.0155731, 37.5730427], [127.0157059, 37.5713967], [127.0158094, 37.5702333], [127.0158259, 37.5700101], [127.015973, 37.5680265], [127.0161688, 37.5664054], [127.016193, 37.5653371], [127.0159636, 37.5640986], [127.0154621, 37.5631642], [127.0138085, 37.5603045], [127.0107293, 37.5550472], [127.0102763, 37.5542201], [127.0099313, 37.5535318], [127.0092217, 37.552374], [127.0086725, 37.5514036], [127.0081362, 37.5505543], [127.0076072, 37.5496543], [127.0072438, 37.5490207], [127.0069874, 37.5486632], [127.0067843, 37.5484771], [127.0065965, 37.5483064], [127.006335, 37.5481418], [127.0060533, 37.5479855], [127.005788, 37.5478578], [127.0055501, 37.5477664], [127.005289, 37.5476587], [127.0049264, 37.5475215], [127.0045842, 37.5473842], [127.0042538, 37.5471939], [127.003932, 37.5469947], [127.0035688, 37.5467138], [127.0032177, 37.5464205], [127.0029739, 37.5462077], [127.002629, 37.5458201], [127.0023752, 37.5454951], [127.0022391, 37.5452015], [127.0021081, 37.5448895], [127.0020031, 37.5445032], [127.0019237, 37.5443023], [127.0018523, 37.5440224], [127.0018035, 37.5437141], [127.0017779, 37.5434634], [127.0018364, 37.5429443], [127.0018907, 37.5425351], [127.0018987, 37.5422637], [127.0018924, 37.5420724], [127.0019094, 37.5417411], [127.0018495, 37.5411671], [127.0017184, 37.5399953], [127.0017117, 37.5398251]]}}, {"type": "Feature", "properties": {"line_ref": "6", "line_name": "서울 지하철 6호선", "colour": "#7C4932"}, "geometry": {"type": "LineString", "coordinates": [[127.0017117, 37.5398251], [127.0016554, 37.5386852], [127.0014194, 37.5380237], [127.0012611, 37.5377802], [127.0010143, 37.5374548], [127.0004994, 37.5368475], [127.0002595, 37.5365953], [126.9996692, 37.5360393], [126.9989826, 37.5354863], [126.9981794, 37.5349268], [126.9979205, 37.5348073], [126.9976468, 37.5347376], [126.9971386, 37.5346834], [126.9958846, 37.5346079], [126.9943732, 37.534526], [126.9892663, 37.5342027], [126.9882148, 37.5341432], [126.987614, 37.5343218], [126.9871267, 37.534558], [126.9865251, 37.5347706], [126.9856614, 37.5349642], [126.981681, 37.5348302], [126.9763458, 37.534625], [126.9759062, 37.5346441], [126.975606, 37.534687], [126.9754062, 37.5347765], [126.9745454, 37.5353088], [126.9739401, 37.5356256], [126.9735695, 37.5357955], [126.9710112, 37.5366232], [126.9664085, 37.5380184], [126.9642037, 37.5385692], [126.9614008, 37.539337], [126.9581698, 37.5406636], [126.9557818, 37.541789], [126.9543033, 37.5424513], [126.9515464, 37.5436862]]}}, {"type": "Feature", "properties": {"line_ref": "6", "line_name": "서울 지하철 6호선", "colour": "#7C4932"}, "geometry": {"type": "LineString", "coordinates": [[126.9515464, 37.5436862], [126.9423585, 37.5477226]]}}, {"type": "Feature", "properties": {"line_ref": "6", "line_name": "서울 지하철 6호선", "colour": "#7C4932"}, "geometry": {"type": "LineString", "coordinates": [[126.9423585, 37.5477226], [126.9406432, 37.5484648], [126.9404501, 37.5485371], [126.9402462, 37.5486009], [126.9400692, 37.5486306], [126.9399404, 37.5486349], [126.9397849, 37.5486477], [126.9395971, 37.5486434], [126.9392753, 37.5486221], [126.9389051, 37.5485583], [126.9386154, 37.5484733], [126.9380414, 37.5482819], [126.9374245, 37.548065], [126.9363034, 37.5476822], [126.9359064, 37.5475503], [126.935724, 37.5475078], [126.9355148, 37.5474738], [126.9352359, 37.5474525], [126.9349301, 37.547444], [126.9341241, 37.5474302], [126.9332757, 37.5474526], [126.9319904, 37.5474866], [126.9260408, 37.5476781], [126.924379, 37.5477321], [126.9229245, 37.547779], [126.918354, 37.5479523], [126.9141832, 37.5487859], [126.9138979, 37.5488945], [126.9136828, 37.5490417], [126.9135746, 37.549155], [126.9132551, 37.5495366], [126.9131322, 37.5499129], [126.9117156, 37.5542488], [126.9101778, 37.5560071], [126.9034141, 37.5635299], [126.9020568, 37.5649388], [126.9015634, 37.5653584], [126.9003832, 37.5661259], [126.8997449, 37.5668402], [126.8994659, 37.5677587], [126.8993318, 37.5701483], [126.8995517, 37.5726823], [126.8997824, 37.5737495], [126.9007373, 37.5755012], [126.9014789, 37.5761889], [126.9069814, 37.5813487], [126.909893, 37.5840984], [126.911501, 37.5856043], [126.9121152, 37.5862484], [126.9124559, 37.5867117], [126.9128461, 37.5874139], [126.9132449, 37.5891067], [126.9135885, 37.5905654], [126.9139935, 37.5922562], [126.91458, 37.5945299], [126.9148874, 37.5957166], [126.9152452, 37.5971339], [126.9152932, 37.597324], [126.9154803, 37.5980957], [126.9157018, 37.598774]]}}, {"type": "Feature", "properties": {"line_ref": "7", "line_name": "서울 지하철 7호선", "colour": "#6E7E31"}, "geometry": {"type": "LineString", "coordinates": [[127.0516492, 37.6985693], [127.0517262, 37.6987081], [127.0518581, 37.6988973], [127.051965, 37.6990392], [127.0520501, 37.6991388], [127.0521174, 37.6992176], [127.0521645, 37.6992729], [127.0522845, 37.6994135], [127.0523136, 37.6994476], [127.0524176, 37.6995542], [127.053075, 37.7001801]]}}, {"type": "Feature", "properties": {"line_ref": "7", "line_name": "서울 지하철 7호선", "colour": "#6E7E31"}, "geometry": {"type": "LineString", "coordinates": [[127.0516492, 37.6985693], [127.0514492, 37.6982999], [127.051264, 37.6980505]]}}, {"type": "Feature", "properties": {"line_ref": "7", "line_name": "서울 지하철 7호선", "colour": "#6E7E31"}, "geometry": {"type": "LineString", "coordinates": [[127.051264, 37.6980505], [127.0510364, 37.6976565], [127.0505685, 37.696852]]}}, {"type": "Feature", "properties": {"line_ref": "7", "line_name": "서울 지하철 7호선", "colour": "#6E7E31"}, "geometry": {"type": "LineString", "coordinates": [[127.0505685, 37.696852], [127.0502899, 37.6963834], [127.0501425, 37.6961588], [127.0500038, 37.6959548], [127.0498695, 37.6957902], [127.0496962, 37.6955982], [127.0495012, 37.6954336], [127.0493408, 37.6953222], [127.0491783, 37.695221], [127.0490353, 37.6951439], [127.0479476, 37.6946192], [127.0476344, 37.6944702], [127.0474336, 37.6943662], [127.0472122, 37.6942391], [127.0470479, 37.6941246], [127.04688, 37.6939907], [127.0467194, 37.6938386], [127.0465612, 37.6936614], [127.0464273, 37.6934631], [127.0463227, 37.6932811], [127.046229, 37.6930683], [127.0461719, 37.692861]]}}, {"type": "Feature", "properties": {"line_ref": "7", "line_name": "서울 지하철 7호선", "colour": "#6E7E31"}, "geometry": {"type": "LineString", "coordinates": [[127.0461719, 37.692861], [127.0461306, 37.6926213], [127.0461296, 37.6925826], [127.0461248, 37.6923868], [127.0461459, 37.6918922], [127.0461526, 37.6917966], [127.0462193, 37.690849], [127.0462571, 37.6903401], [127.0462715, 37.6902197], [127.0462726, 37.6902122], [127.0462819, 37.6901351], [127.0463205, 37.6899116], [127.0463718, 37.6896932], [127.0464296, 37.6894917], [127.0465173, 37.689258], [127.04662, 37.6890498], [127.0467403, 37.6888071]]}}, {"type": "Feature", "properties": {"line_ref": "7", "line_name": "서울 지하철 7호선", "colour": "#6E7E31"}, "geometry": {"type": "LineString", "coordinates": [[127.0467403, 37.6888071], [127.0467542, 37.688779], [127.0467933, 37.6887146], [127.0468845, 37.6885935], [127.0472496, 37.6881808]]}}, {"type": "Feature", "properties": {"line_ref": "7", "line_name": "서울 지하철 7호선", "colour": "#6E7E31"}, "geometry": {"type": "LineString", "coordinates": [[127.0472496, 37.6881808], [127.0475494, 37.6878733], [127.0517432, 37.6850878], [127.0524805, 37.6845379], [127.0548433, 37.6825882], [127.0550278, 37.6823903], [127.0551661, 37.682208], [127.0552787, 37.6820122], [127.0553457, 37.6817991], [127.0553435, 37.6815243], [127.0553223, 37.6795254], [127.0552608, 37.6779387], [127.0552337, 37.6770108], [127.0552878, 37.6760066], [127.0552762, 37.6756529], [127.0552596, 37.6752834]]}}, {"type": "Feature", "properties": {"line_ref": "7", "line_name": "서울 지하철 7호선", "colour": "#6E7E31"}, "geometry": {"type": "LineString", "coordinates": [[127.0552596, 37.6752834], [127.0552476, 37.6749237], [127.055264, 37.6746349], [127.0553082, 37.6742184], [127.055418, 37.6735968], [127.0565732, 37.6690664], [127.057338, 37.6662586], [127.0577568, 37.6647424], [127.0585776, 37.6612743], [127.059498, 37.6578969], [127.0601963, 37.6555075], [127.060254, 37.6552836], [127.0603817, 37.6547919], [127.0605157, 37.6543295], [127.0607422, 37.6535163], [127.0608621, 37.6530912], [127.0612403, 37.6514499], [127.0616285, 37.6501317], [127.0620297, 37.6491017], [127.0628452, 37.6475841], [127.0638548, 37.6455228], [127.064756, 37.643645], [127.0652489, 37.6425555], [127.0682067, 37.6359753], [127.0688053, 37.6346244], [127.0699666, 37.632012], [127.0707752, 37.6301604], [127.0713504, 37.6289385], [127.0729869, 37.6256062], [127.0750813, 37.6192552], [127.0754565, 37.6181175], [127.0755764, 37.6177648], [127.0756215, 37.617632], [127.0757409, 37.6172555]]}}, {"type": "Feature", "properties": {"line_ref": "7", "line_name": "서울 지하철 7호선", "colour": "#6E7E31"}, "geometry": {"type": "LineString", "coordinates": [[127.0757409, 37.6172555], [127.0761566, 37.6159443], [127.0762832, 37.6155449], [127.0774108, 37.6120434], [127.0775866, 37.6114362], [127.07945, 37.6016296], [127.07954, 37.6013545], [127.0796559, 37.6010438], [127.0797897, 37.6007928], [127.0799, 37.6006094], [127.0800244, 37.6004868], [127.0802695, 37.6002836], [127.0805671, 37.6000892], [127.0809589, 37.5998514], [127.0833143, 37.5985045], [127.0839869, 37.5981347], [127.0842261, 37.5979652], [127.0844531, 37.5977677], [127.0848311, 37.5974128], [127.0851253, 37.5970804], [127.0853147, 37.5968768], [127.0854981, 37.5963718], [127.0856306, 37.5958368], [127.0862469, 37.593437], [127.0872639, 37.5894772], [127.0875458, 37.5883794], [127.0880056, 37.5867717], [127.0882944, 37.5856295], [127.0884097, 37.5852296], [127.0885288, 37.584806], [127.0886809, 37.5842575], [127.0888074, 37.5833876], [127.0887979, 37.5828433], [127.0887283, 37.5824826], [127.08856, 37.5814236], [127.0883912, 37.5807153], [127.0883006, 37.5803397], [127.0866571, 37.5744489], [127.0864879, 37.5738974], [127.0863649, 37.5735673], [127.086237, 37.5732344], [127.0861612, 37.5729292], [127.0861383, 37.572745], [127.0861191, 37.5726064], [127.0861115, 37.5724431], [127.0861369, 37.5708604], [127.0861149, 37.5693743], [127.086086, 37.5692341], [127.0860268, 37.5690919], [127.08449, 37.5662958], [127.0795184, 37.5572237], [127.0794066, 37.5570229], [127.0791073, 37.5565221], [127.078565, 37.555517]]}}, {"type": "Feature", "properties": {"line_ref": "7", "line_name": "서울 지하철 7호선", "colour": "#6E7E31"}, "geometry": {"type": "LineString", "coordinates": [[127.078565, 37.555517], [127.0784811, 37.5553614], [127.077669, 37.5538176], [127.0775167, 37.5535567], [127.0766596, 37.5517916], [127.07608, 37.5504276], [127.0752431, 37.5489836], [127.0743859, 37.5476281], [127.0736407, 37.5463933], [127.0707105, 37.5401446], [127.0705665, 37.5398536], [127.0704861, 37.5396912], [127.0703169, 37.5393492], [127.0701478, 37.5389479]]}}, {"type": "Feature", "properties": {"line_ref": "7", "line_name": "서울 지하철 7호선", "colour": "#6E7E31"}, "geometry": {"type": "LineString", "coordinates": [[127.0701478, 37.5389479], [127.0664071, 37.5308705], [127.0663866, 37.5308105]]}}, {"type": "Feature", "properties": {"line_ref": "7", "line_name": "서울 지하철 7호선", "colour": "#6E7E31"}, "geometry": {"type": "LineString", "coordinates": [[127.0663866, 37.5308105], [127.0631041, 37.5236269], [127.06295, 37.5233078], [127.0627392, 37.5230147], [127.0626528, 37.5228904], [127.0624819, 37.5226588], [127.062356, 37.5225027], [127.0622465, 37.5223669], [127.0622112, 37.5223296]]}}, {"type": "Feature", "properties": {"line_ref": "7", "line_name": "서울 지하철 7호선", "colour": "#6E7E31"}, "geometry": {"type": "LineString", "coordinates": [[127.0622112, 37.5223296], [127.0621217, 37.5222077], [127.0619666, 37.5220421], [127.061748, 37.5218575], [127.0616249, 37.5217614], [127.0614984, 37.5216749], [127.0613449, 37.5215803], [127.0611299, 37.5214642], [127.0598815, 37.5210346], [127.0568865, 37.5200075], [127.0548387, 37.5196792], [127.0545717, 37.5196336], [127.0531731, 37.5194013], [127.0522995, 37.5192715], [127.0511186, 37.519053], [127.0505271, 37.5189452], [127.0500373, 37.5188573], [127.0486211, 37.5185862], [127.0476982, 37.5184197], [127.0413718, 37.5172088], [127.0413029, 37.5171958], [127.0412071, 37.5171691], [127.0353603, 37.5154101], [127.0307332, 37.5139701], [127.0214771, 37.5111305], [127.0158934, 37.5094529], [127.011619, 37.5081855], [127.0101559, 37.5077303], [127.0100037, 37.5076701], [127.0098731, 37.5075945], [127.0097185, 37.5074868], [127.0095531, 37.5073407], [127.0093943, 37.5071616], [127.0078374, 37.5050959], [127.0077508, 37.504996], [127.007585, 37.5048434], [127.0073975, 37.5047147], [127.0072312, 37.5046198], [127.0070871, 37.5045533], [127.0069006, 37.5044613], [127.0067138, 37.5043682], [127.0053083, 37.5038331], [127.0049702, 37.5037391], [127.0046671, 37.503628], [127.0044595, 37.5035309], [127.0040524, 37.5032844], [127.0036361, 37.5029565], [127.0031074, 37.5024532], [127.002907, 37.5021872], [127.0026974, 37.5017556], [127.002581, 37.5014611], [127.0024863, 37.5011977], [127.0023854, 37.500747], [127.0017974, 37.4954586], [127.0013803, 37.4944501], [127.0009014, 37.493554], [127.0001332, 37.4924453], [126.9999024, 37.4921384], [126.9997232, 37.491857], [126.9995758, 37.4916198], [126.9993438, 37.4911972], [126.999091, 37.4907481], [126.998785, 37.4902582], [126.9985043, 37.4899262], [126.9980392, 37.4894617], [126.9975569, 37.4890926], [126.9970725, 37.4888522], [126.9965999, 37.4886575], [126.995073, 37.4881481], [126.9947945, 37.4880631], [126.9946768, 37.4880272], [126.9942346, 37.4878899], [126.9921169, 37.4872377], [126.9912897, 37.4869728], [126.9900308, 37.4865696], [126.9898774, 37.4865205]]}}, {"type": "Feature", "properties": {"line_ref": "7", "line_name": "서울 지하철 7호선", "colour": "#6E7E31"}, "geometry": {"type": "LineString", "coordinates": [[126.9898774, 37.4865205], [126.9896073, 37.486434], [126.9886923, 37.4862118], [126.9886172, 37.4861934], [126.9884344, 37.4861576], [126.9882028, 37.4861189], [126.9879524, 37.4860812], [126.9834471, 37.4855158], [126.9821981, 37.4854105], [126.9819566, 37.4853378], [126.9816864, 37.4852624], [126.9759482, 37.483375], [126.9757016, 37.4833093], [126.9754381, 37.4832591], [126.9752427, 37.4832314], [126.9750429, 37.4832202], [126.9745057, 37.4832367], [126.9743471, 37.4832509], [126.974233, 37.4832611], [126.9739586, 37.4832965], [126.9736862, 37.4833614], [126.9734061, 37.4834595], [126.9728845, 37.4836909], [126.9727899, 37.4837398], [126.9727022, 37.4837926], [126.9726082, 37.4838567], [126.9725541, 37.4839027], [126.9725298, 37.4839234], [126.9724595, 37.4839952], [126.9723981, 37.4840673], [126.9723264, 37.4841306], [126.9722484, 37.4841891], [126.9721642, 37.4842412], [126.972066, 37.4842906], [126.9718787, 37.4843794], [126.9700513, 37.48508], [126.9699796, 37.4851105], [126.9699001, 37.4851442], [126.9698706, 37.4851602], [126.9697595, 37.4852205], [126.9696128, 37.4853172], [126.9694198, 37.4854745], [126.9665941, 37.4877782], [126.9662509, 37.488063], [126.9650013, 37.4888107], [126.9644621, 37.489058], [126.95727, 37.4924365], [126.9568721, 37.4926759], [126.9566449, 37.4928361], [126.9565776, 37.4928836], [126.9563589, 37.4930711], [126.956247, 37.4931864], [126.954829, 37.4948979], [126.9547446, 37.4950008], [126.9541388, 37.4956558], [126.9533971, 37.4965515], [126.9519246, 37.4982963], [126.9516502, 37.498622], [126.9476896, 37.5032145], [126.9464484, 37.504656], [126.9463897, 37.5047209], [126.9462088, 37.504798], [126.9458946, 37.5049078], [126.9450838, 37.5051441], [126.9449019, 37.5051767], [126.9447352, 37.5052051], [126.944546, 37.5052215], [126.9443963, 37.5052344], [126.944196, 37.5052405], [126.9440775, 37.5052379], [126.9439589, 37.5052353], [126.9421632, 37.5052198], [126.9415789, 37.5051924], [126.9408521, 37.5051241], [126.9407085, 37.5051109], [126.9405564, 37.5051018], [126.9400704, 37.5050929], [126.9396761, 37.5050915], [126.9396107, 37.5050897], [126.9395414, 37.5050849], [126.9394774, 37.5050778], [126.9394142, 37.5050687], [126.9393557, 37.5050558], [126.9392865, 37.5050356], [126.9391954, 37.5049927], [126.9319299, 37.5005211], [126.931142, 37.5000334], [126.9309165, 37.4999276], [126.9307301, 37.4998536], [126.9305181, 37.4998146], [126.9302436, 37.4997683], [126.9300595, 37.4997536], [126.9293831, 37.4997534], [126.9282087, 37.49972], [126.9208061, 37.4999579], [126.9203299, 37.4999711], [126.919781, 37.4999833], [126.9188187, 37.499997], [126.9172744, 37.5000195], [126.914537, 37.5000639], [126.9142971, 37.5000678], [126.9129719, 37.5000893]]}}, {"type": "Feature", "properties": {"line_ref": "7", "line_name": "서울 지하철 7호선", "colour": "#6E7E31"}, "geometry": {"type": "LineString", "coordinates": [[126.9129719, 37.5000893], [126.9089367, 37.5001548], [126.9060188, 37.5002214], [126.9059528, 37.5002159], [126.9058885, 37.5002069], [126.9058309, 37.5001937], [126.9057739, 37.5001753], [126.9057316, 37.5001499], [126.9056962, 37.5001201], [126.90566, 37.5000827], [126.9056124, 37.5000257], [126.9038624, 37.4974509], [126.9037869, 37.4973683], [126.9037203, 37.497311], [126.9033936, 37.4970548], [126.9033398, 37.4970126], [126.9032812, 37.4969666], [126.8962526, 37.4925164], [126.8954577, 37.492013], [126.8925038, 37.4901932], [126.8891251, 37.4880254], [126.8889073, 37.4878613], [126.8888373, 37.4878086], [126.8885702, 37.4875879], [126.8883252, 37.4873455], [126.8880925, 37.4870859], [126.8866733, 37.485404], [126.886334, 37.4850019], [126.8862211, 37.4848064], [126.8861305, 37.4846064], [126.8860497, 37.4843979], [126.8859839, 37.4841671], [126.8853586, 37.4814119], [126.8853368, 37.4813534], [126.8853098, 37.4813014], [126.8852739, 37.4812526], [126.8852331, 37.4812096], [126.885183, 37.4811688], [126.8851302, 37.4811411], [126.885062, 37.4811172], [126.8816142, 37.4801015], [126.8784965, 37.4791962], [126.8678664, 37.4760892], [126.8677626, 37.4760589], [126.8667054, 37.4757499], [126.8664434, 37.4756768], [126.8663333, 37.4756609], [126.8662142, 37.4756521], [126.8660957, 37.4756567], [126.8659876, 37.4756769], [126.8658829, 37.4757087], [126.8657489, 37.4757806], [126.8654935, 37.4758946], [126.8654308, 37.4759226], [126.8653842, 37.4759413], [126.8624765, 37.4770932], [126.8619033, 37.4772915], [126.8563945, 37.4788781]]}}, {"type": "Feature", "properties": {"line_ref": "7", "line_name": "서울 지하철 7호선", "colour": "#6E7E31"}, "geometry": {"type": "LineString", "coordinates": [[126.8563945, 37.4788781], [126.8548548, 37.4793216], [126.8544452, 37.4794392], [126.8538115, 37.479621], [126.8483695, 37.4811694], [126.8466825, 37.48165], [126.8463438, 37.4817454], [126.8454099, 37.4820103], [126.8427459, 37.4827782], [126.842486, 37.4828625], [126.8421892, 37.4829976], [126.8419015, 37.4831736], [126.841605, 37.4833793], [126.8411437, 37.483705], [126.8404738, 37.4841583], [126.840354, 37.4842591], [126.8402395, 37.484377], [126.8400306, 37.4846488], [126.8398305, 37.4849429], [126.8389512, 37.4863535], [126.8383491, 37.4873173], [126.8382043, 37.4874989], [126.8380248, 37.4876764], [126.8379071, 37.4877673], [126.8377968, 37.4878525], [126.8377223, 37.4878919], [126.8374794, 37.4880204], [126.8368049, 37.488331], [126.8363741, 37.4885345], [126.8360587, 37.4886835], [126.8355819, 37.4889124], [126.8343975, 37.4894204], [126.8334865, 37.489718], [126.8324576, 37.4900225], [126.8297648, 37.4906227], [126.8264678, 37.4913711]]}}, {"type": "Feature", "properties": {"line_ref": "7", "line_name": "서울 지하철 7호선", "colour": "#6E7E31"}, "geometry": {"type": "LineString", "coordinates": [[126.8264678, 37.4913711], [126.8255786, 37.491713], [126.8243408, 37.4919838], [126.8239979, 37.4920683], [126.8233469, 37.4922462], [126.8221638, 37.4925674]]}}, {"type": "Feature", "properties": {"line_ref": "7", "line_name": "서울 지하철 7호선", "colour": "#6E7E31"}, "geometry": {"type": "LineString", "coordinates": [[126.8221638, 37.4925674], [126.8220486, 37.492595], [126.8210241, 37.4928877], [126.8205611, 37.4930483], [126.8199896, 37.4932442], [126.8191451, 37.4935675], [126.8184351, 37.4939901], [126.8176218, 37.4946696], [126.8169897, 37.4953111], [126.8164826, 37.4960924], [126.8161776, 37.4967397], [126.8160195, 37.4976377], [126.8159938, 37.4982878], [126.8163687, 37.5028592], [126.8163135, 37.5036142], [126.8161371, 37.5041652], [126.815902, 37.5045908], [126.8155786, 37.5049261], [126.8152148, 37.5052234], [126.8147958, 37.5055208], [126.8143404, 37.5057605], [126.813861, 37.5059044], [126.8132403, 37.5059913], [126.8113774, 37.5062561]]}}, {"type": "Feature", "properties": {"line_ref": "7", "line_name": "서울 지하철 7호선", "colour": "#6E7E31"}, "geometry": {"type": "LineString", "coordinates": [[126.8113774, 37.5062561], [126.8089027, 37.5065835], [126.8084259, 37.5066331], [126.8082974, 37.5066465], [126.8072261, 37.5067579], [126.807053, 37.5067669], [126.8056927, 37.5068377], [126.8056239, 37.5068374], [126.8050819, 37.5068352], [126.8046388, 37.5068162], [126.8043703, 37.5068047], [126.8036413, 37.5067205], [126.7972534, 37.5054654], [126.7871771, 37.5037437], [126.7862904, 37.5035877], [126.7861066, 37.503533], [126.7823398, 37.5027849], [126.7805497, 37.5025417], [126.7803167, 37.5025316], [126.7797419, 37.5025953], [126.7762185, 37.5030595], [126.7631827, 37.5047828], [126.7614255, 37.5050151], [126.7602817, 37.5051604], [126.7583143, 37.5054013], [126.7552639, 37.5057746], [126.7546445, 37.5058262], [126.7531662, 37.5058462], [126.7525412, 37.5058546], [126.7521291, 37.5058483], [126.7518331, 37.5058438], [126.7510971, 37.5058325], [126.7501944, 37.5058812], [126.7495238, 37.5059535], [126.7469207, 37.5062769], [126.7458508, 37.5063985], [126.7447993, 37.506473], [126.7442707, 37.5064918], [126.7423065, 37.5065175], [126.7406955, 37.5065666], [126.7333717, 37.5069197], [126.7313177, 37.5070361], [126.7305886, 37.5070696], [126.7221238, 37.5074582], [126.7210601, 37.5075066], [126.7198593, 37.5075712]]}}, {"type": "Feature", "properties": {"line_ref": "7", "line_name": "서울 지하철 7호선", "colour": "#6E7E31"}, "geometry": {"type": "LineString", "coordinates": [[126.7198593, 37.5075712], [126.7185437, 37.5076453], [126.7167402, 37.5077468], [126.7091496, 37.5082617], [126.7036796, 37.5086158], [126.7014838, 37.5087766], [126.6964022, 37.5091758], [126.6954859, 37.5093166], [126.6946946, 37.5093272], [126.6935946, 37.5091824], [126.6930545, 37.5090996], [126.6920231, 37.5087699], [126.6913364, 37.5085209], [126.6905021, 37.5081048], [126.6897698, 37.5077131], [126.6887225, 37.5072442], [126.6868062, 37.5066548], [126.6855564, 37.5063296], [126.684337, 37.5060532], [126.6836091, 37.5059223], [126.6827113, 37.5059124], [126.6810566, 37.5060722], [126.6765428, 37.5062652], [126.6754711, 37.506311], [126.674894, 37.5063302], [126.6731764, 37.5063954]]}}, {"type": "Feature", "properties": {"line_ref": "8", "line_name": "서울 지하철 8호선", "colour": "#D11D70"}, "geometry": {"type": "LineString", "coordinates": [[127.1280243, 37.6418028], [127.1286651, 37.6412401], [127.1308619, 37.6392006], [127.1316863, 37.6386592], [127.1324677, 37.6382153], [127.1333774, 37.6377636], [127.1355049, 37.6368406], [127.1377794, 37.6360013], [127.1442338, 37.633248], [127.1450243, 37.6328782], [127.1460412, 37.632268], [127.1473663, 37.6311999], [127.1485993, 37.6302122], [127.149366, 37.6295878], [127.1497065, 37.6292559], [127.1500021, 37.6288292], [127.1501271, 37.6285531], [127.1501945, 37.628151], [127.1502256, 37.6276209], [127.1501746, 37.626968], [127.1499577, 37.6254695], [127.1498257, 37.6249089], [127.1496187, 37.6237479], [127.1495292, 37.623011], [127.1494206, 37.6218447], [127.1493006, 37.6209992], [127.1491841, 37.6205845], [127.1490604, 37.620388], [127.1488976, 37.6201895], [127.1486723, 37.619939], [127.1483667, 37.6196353], [127.1480606, 37.6194083], [127.1478169, 37.6192536], [127.1458359, 37.6183287], [127.1439528, 37.6174009], [127.1422789, 37.6167011], [127.1412318, 37.6162619], [127.1401946, 37.6158063], [127.1394915, 37.6154189], [127.1389526, 37.615137], [127.1384685, 37.6146972], [127.1382339, 37.6143436], [127.1381135, 37.6138459], [127.1379611, 37.6128511], [127.1379103, 37.6117868], [127.1378998, 37.6115161], [127.1379413, 37.611106], [127.1380106, 37.6106532], [127.1381349, 37.6101744], [127.1382742, 37.609773], [127.1384385, 37.6092708], [127.1388264, 37.6080912], [127.1390088, 37.6075585], [127.140469, 37.603096], [127.1410186, 37.6016366], [127.1412657, 37.6010499], [127.1413209, 37.6009316], [127.1421341, 37.5997224], [127.1424607, 37.5992301], [127.1426363, 37.5989728], [127.1427515, 37.5986523], [127.1427885, 37.5983915], [127.1427688, 37.5981037], [127.1426711, 37.5978538], [127.142498, 37.5975253], [127.1421868, 37.5971631], [127.1408404, 37.595938], [127.1402403, 37.5953859], [127.1393856, 37.5946163], [127.1390375, 37.594207], [127.1386183, 37.59375], [127.1383248, 37.5933233], [127.1380799, 37.5928645], [127.1378928, 37.5923856], [127.1378545, 37.5921135], [127.1378642, 37.587952], [127.1378478, 37.5864905], [127.1379387, 37.5796446], [127.138111, 37.5777757], [127.1382596, 37.5767478], [127.1396609, 37.5667388], [127.1397878, 37.5661584], [127.140348, 37.5626811], [127.1404593, 37.5619826], [127.1405388, 37.5613158], [127.1406427, 37.5605856], [127.1407463, 37.5599629], [127.1407565, 37.5595913], [127.1407023, 37.5592571], [127.1406175, 37.5589251], [127.14048, 37.5586788], [127.1403075, 37.5583989], [127.1400904, 37.5581764], [127.1397577, 37.5579272], [127.1395371, 37.5578119], [127.1393149, 37.5577027], [127.1387041, 37.5574595], [127.1380683, 37.5572723], [127.1375829, 37.5571537], [127.1370853, 37.5570134], [127.1365133, 37.5568968], [127.1362289, 37.5568647], [127.1357574, 37.5568213], [127.1351642, 37.5568203], [127.1348774, 37.5568226], [127.1346448, 37.556845], [127.1343993, 37.5568673], [127.1339969, 37.5569216], [127.1334526, 37.5569868], [127.1328773, 37.5571044], [127.1325075, 37.5571403], [127.1321519, 37.557145], [127.1318273, 37.5571302], [127.1315064, 37.5570873], [127.1312474, 37.5570388], [127.1309892, 37.5569578], [127.1307605, 37.5568619], [127.1305235, 37.5567299], [127.1303209, 37.5566134], [127.1300074, 37.5563639], [127.1297648, 37.5561323], [127.1296249, 37.5559058], [127.129504, 37.5556188], [127.1292743, 37.5550082], [127.1290205, 37.5543956], [127.1287742, 37.5537566]]}}, {"type": "Feature", "properties": {"line_ref": "8", "line_name": "서울 지하철 8호선", "colour": "#D11D70"}, "geometry": {"type": "LineString", "coordinates": [[127.1287742, 37.5537566], [127.1279895, 37.5515467], [127.1277752, 37.5509429], [127.1270746, 37.5490025]]}}, {"type": "Feature", "properties": {"line_ref": "8", "line_name": "서울 지하철 8호선", "colour": "#D11D70"}, "geometry": {"type": "LineString", "coordinates": [[127.1270746, 37.5490025], [127.1258426, 37.5454805], [127.12481, 37.5426438], [127.124058, 37.540577], [127.1234467, 37.5387604], [127.1232037, 37.5380736], [127.1225405, 37.5362573], [127.1213661, 37.5330449], [127.1207206, 37.5310608], [127.120598, 37.5306815], [127.1204451, 37.5302699], [127.120319, 37.530021], [127.1190451, 37.5277799], [127.1185527, 37.5269496], [127.1180512, 37.5262582], [127.1176701, 37.5257774], [127.1174525, 37.5254906], [127.1163776, 37.5240568], [127.1158371, 37.5231971], [127.1155326, 37.5225865], [127.1152522, 37.522068], [127.1150055, 37.5215517], [127.1147293, 37.520751], [127.1145757, 37.5202029], [127.114447, 37.519862], [127.1141428, 37.5191889], [127.1138827, 37.5187551], [127.1135126, 37.5183452], [127.1132859, 37.5180876], [127.1130965, 37.5179], [127.1129134, 37.5177366], [127.1126502, 37.5175496], [127.1124393, 37.5174564], [127.1058499, 37.5152138], [127.1034964, 37.5143195]]}}, {"type": "Feature", "properties": {"line_ref": "8", "line_name": "서울 지하철 8호선", "colour": "#D11D70"}, "geometry": {"type": "LineString", "coordinates": [[127.1034964, 37.5143195], [127.1029668, 37.5141311], [127.1024887, 37.5139272], [127.1021817, 37.5137748], [127.1019517, 37.5136248], [127.1017942, 37.513515], [127.101689, 37.5134012], [127.1015994, 37.5132326], [127.1015108, 37.5130093], [127.1014499, 37.5128388], [127.1014185, 37.5126883], [127.1013938, 37.512335], [127.1014014, 37.5120292], [127.1014371, 37.5116539], [127.1014864, 37.5113512], [127.1015345, 37.5111999], [127.1016038, 37.5110343], [127.1019675, 37.5105134], [127.1021587, 37.5102496], [127.1023798, 37.5099513], [127.1025836, 37.5097293], [127.1027954, 37.5095089], [127.1031633, 37.5091864], [127.1033985, 37.5090421], [127.1037429, 37.5087781], [127.1042513, 37.5083694], [127.1047973, 37.5078086], [127.1070931, 37.5053042], [127.1122514, 37.4996207], [127.1148144, 37.4967736], [127.1156916, 37.4957942], [127.1160337, 37.4954308], [127.1181478, 37.4931855], [127.1186788, 37.4924994], [127.1192439, 37.4918076], [127.1193923, 37.4916032], [127.1200347, 37.4906234], [127.1206543, 37.4895635], [127.121467, 37.4879375], [127.1218556, 37.4871573], [127.122484, 37.48585], [127.1242057, 37.4825294], [127.1260371, 37.4788927], [127.1267349, 37.4776075], [127.1268208, 37.4773887], [127.1268859, 37.4771831], [127.1269688, 37.4768594], [127.1270493, 37.4763608], [127.1270622, 37.4760003], [127.1270431, 37.4756843], [127.1269747, 37.4748221], [127.1267244, 37.4720723], [127.126696, 37.471696], [127.1266101, 37.4701567], [127.1265786, 37.4697475], [127.126501, 37.4687652], [127.126522, 37.4684454], [127.1265661, 37.4681845], [127.1266023, 37.4680487], [127.1266649, 37.4679233], [127.126745, 37.4678332], [127.1268418, 37.46774], [127.126922, 37.4676736], [127.1270337, 37.4676238], [127.1273937, 37.4675398], [127.1277612, 37.4674908], [127.1281188, 37.4673636], [127.1284962, 37.467191], [127.1290211, 37.4669552], [127.1304738, 37.4663153], [127.1337419, 37.4650289]]}}, {"type": "Feature", "properties": {"line_ref": "8", "line_name": "서울 지하철 8호선", "colour": "#D11D70"}, "geometry": {"type": "LineString", "coordinates": [[127.1368251, 37.4637797], [127.1337419, 37.4650289]]}}, {"type": "Feature", "properties": {"line_ref": "8", "line_name": "서울 지하철 8호선", "colour": "#D11D70"}, "geometry": {"type": "LineString", "coordinates": [[127.1370933, 37.4636741], [127.1369903, 37.4637146], [127.1368251, 37.4637797]]}}, {"type": "Feature", "properties": {"line_ref": "8", "line_name": "서울 지하철 8호선", "colour": "#D11D70"}, "geometry": {"type": "LineString", "coordinates": [[127.1398615, 37.4624325], [127.1397967, 37.4624724], [127.1389425, 37.4628911], [127.1383732, 37.4631567], [127.1370933, 37.4636741]]}}, {"type": "Feature", "properties": {"line_ref": "8", "line_name": "서울 지하철 8호선", "colour": "#D11D70"}, "geometry": {"type": "LineString", "coordinates": [[127.1400858, 37.4623052], [127.1398615, 37.4624325]]}}, {"type": "Feature", "properties": {"line_ref": "8", "line_name": "서울 지하철 8호선", "colour": "#D11D70"}, "geometry": {"type": "LineString", "coordinates": [[127.1413083, 37.4616095], [127.1408959, 37.4618531], [127.1408399, 37.4618862], [127.1400858, 37.4623052]]}}, {"type": "Feature", "properties": {"line_ref": "8", "line_name": "서울 지하철 8호선", "colour": "#D11D70"}, "geometry": {"type": "LineString", "coordinates": [[127.1414417, 37.4615307], [127.1413923, 37.4615599], [127.1413083, 37.4616095]]}}, {"type": "Feature", "properties": {"line_ref": "8", "line_name": "서울 지하철 8호선", "colour": "#D11D70"}, "geometry": {"type": "LineString", "coordinates": [[127.1444354, 37.459859], [127.1434423, 37.4604244], [127.1426456, 37.4608498], [127.1414417, 37.4615307]]}}, {"type": "Feature", "properties": {"line_ref": "8", "line_name": "서울 지하철 8호선", "colour": "#D11D70"}, "geometry": {"type": "LineString", "coordinates": [[127.1303157, 37.4340338], [127.1343613, 37.4347015], [127.1351784, 37.4348535], [127.1357556, 37.4350014], [127.1365988, 37.4352873], [127.13703, 37.4354794], [127.1376738, 37.4357698], [127.1383807, 37.4361642], [127.1406647, 37.4374574], [127.1439563, 37.4393219], [127.1458157, 37.4403098], [127.1462116, 37.440489], [127.1474063, 37.4409364], [127.1476254, 37.4410138], [127.1483602, 37.4412812], [127.1496271, 37.4416781], [127.1504797, 37.4419584], [127.1513204, 37.4422667], [127.1522379, 37.4426576], [127.1554676, 37.4442489], [127.1558467, 37.4444518], [127.1563784, 37.444795], [127.1567551, 37.4450934], [127.1569235, 37.4453638], [127.1573555, 37.4461426], [127.1577622, 37.4469179], [127.1578267, 37.4470468], [127.159804, 37.451584], [127.1606125, 37.4534003], [127.1606394, 37.4536712], [127.160603, 37.4538364], [127.1605316, 37.4539966], [127.160454, 37.4541064], [127.1600366, 37.4546023], [127.1593762, 37.4551115], [127.1589916, 37.4553526], [127.1584964, 37.4556481], [127.1579156, 37.4559153], [127.1574563, 37.456051], [127.1567103, 37.4562146], [127.1561244, 37.4563036], [127.150674, 37.456825], [127.1503576, 37.4568404], [127.1500646, 37.4568449], [127.1499078, 37.4568481], [127.1496918, 37.4568653], [127.1494863, 37.4569031], [127.1491629, 37.4570268], [127.1487598, 37.457209], [127.1484817, 37.4573301], [127.148219, 37.4574821], [127.1478505, 37.4577257], [127.14719, 37.458208], [127.1462564, 37.4587812], [127.1447499, 37.4596729], [127.1444354, 37.459859]]}}, {"type": "Feature", "properties": {"line_ref": "9", "line_name": "서울 지하철 9호선", "colour": "#A49D87"}, "geometry": {"type": "LineString", "coordinates": [[127.1481886, 37.5282982], [127.148069, 37.5280033], [127.1478502, 37.5274441], [127.1473192, 37.5259511]]}}, {"type": "Feature", "properties": {"line_ref": "9", "line_name": "서울 지하철 9호선", "colour": "#A49D87"}, "geometry": {"type": "LineString", "coordinates": [[127.1473192, 37.5259511], [127.1471711, 37.5255626], [127.1466583, 37.5242181], [127.1455264, 37.5214526], [127.1451294, 37.5205081], [127.1449256, 37.5200571], [127.1448, 37.51985], [127.1445951, 37.5196326], [127.1441853, 37.5192742], [127.1438364, 37.5190172], [127.1436796, 37.5189255], [127.1435094, 37.5188657], [127.1432689, 37.5187793], [127.1430122, 37.518712], [127.1425867, 37.518636], [127.1421557, 37.5186066], [127.1417177, 37.5186445], [127.1412805, 37.518713], [127.1409023, 37.5188232], [127.1388584, 37.5196784], [127.138351, 37.5198893], [127.1364015, 37.5206995], [127.135613, 37.520925], [127.1347386, 37.5209548], [127.1340519, 37.5208527], [127.1333653, 37.5205166], [127.1328449, 37.5200145], [127.130785, 37.516883], [127.1302583, 37.5161009], [127.1298623, 37.5155129], [127.1291435, 37.5148065], [127.1284032, 37.5144321], [127.1274054, 37.5142108], [127.1261823, 37.5142278], [127.1253562, 37.5143385], [127.1242189, 37.5147385], [127.1232211, 37.5153256], [127.1222019, 37.5163894], [127.1216977, 37.5168745], [127.1208501, 37.517334], [127.1201098, 37.5175297], [127.1192086, 37.5176403], [127.1183717, 37.5175978], [127.1176288, 37.5174638], [127.116698, 37.517017], [127.116242, 37.5167383], [127.1160224, 37.5164889], [127.1159497, 37.5164064], [127.1157405, 37.5161703], [127.1144342, 37.5139108], [127.1134311, 37.5125875]]}}, {"type": "Feature", "properties": {"line_ref": "9", "line_name": "서울 지하철 9호선", "colour": "#A49D87"}, "geometry": {"type": "LineString", "coordinates": [[127.1134311, 37.5125875], [127.1132353, 37.5121237], [127.1127297, 37.5113023], [127.1122321, 37.5104939], [127.1118727, 37.5100875]]}}, {"type": "Feature", "properties": {"line_ref": "9", "line_name": "서울 지하철 9호선", "colour": "#A49D87"}, "geometry": {"type": "LineString", "coordinates": [[127.1118727, 37.5100875], [127.1110627, 37.5085514], [127.1103412, 37.5076492], [127.1093595, 37.5066556], [127.1089706, 37.5063662], [127.1078736, 37.5056427], [127.107093, 37.5051938], [127.1068336, 37.5050813], [127.1056849, 37.5045831], [127.1052638, 37.5044299], [127.103287, 37.5037852], [127.1005404, 37.5029021], [127.1001434, 37.5028042], [127.0987728, 37.5025702], [127.0982391, 37.5025106], [127.0976463, 37.5024553], [127.0965654, 37.5024574], [127.0958251, 37.5024617], [127.095243, 37.5025021], [127.0949641, 37.5025297], [127.0941782, 37.5026489], [127.0935479, 37.5027766], [127.092998, 37.502917], [127.0924482, 37.5030638], [127.0907969, 37.5035341]]}}, {"type": "Feature", "properties": {"line_ref": "9", "line_name": "서울 지하철 9호선", "colour": "#A49D87"}, "geometry": {"type": "LineString", "coordinates": [[127.0853834, 37.5050708], [127.0859894, 37.5049385], [127.087233, 37.5045876], [127.0881164, 37.5043384], [127.0902246, 37.5037384], [127.0907969, 37.5035341]]}}, {"type": "Feature", "properties": {"line_ref": "9", "line_name": "서울 지하철 9호선", "colour": "#A49D87"}, "geometry": {"type": "LineString", "coordinates": [[127.0853834, 37.5050708], [127.0800805, 37.5065705], [127.0799062, 37.50663], [127.0797667, 37.5067279], [127.0796326, 37.5069152], [127.0791997, 37.5085212], [127.0789518, 37.5094096], [127.078783, 37.5097872], [127.0785183, 37.510097], [127.0781788, 37.5104012], [127.0776857, 37.5106974], [127.0772023, 37.5109638], [127.0767788, 37.5111636], [127.0758807, 37.5115875]]}}, {"type": "Feature", "properties": {"line_ref": "9", "line_name": "서울 지하철 9호선", "colour": "#A49D87"}, "geometry": {"type": "LineString", "coordinates": [[127.0758807, 37.5115875], [127.0752641, 37.5118924]]}}, {"type": "Feature", "properties": {"line_ref": "9", "line_name": "서울 지하철 9호선", "colour": "#A49D87"}, "geometry": {"type": "LineString", "coordinates": [[127.0752641, 37.5118924], [127.0748177, 37.5121214]]}}, {"type": "Feature", "properties": {"line_ref": "9", "line_name": "서울 지하철 9호선", "colour": "#A49D87"}, "geometry": {"type": "LineString", "coordinates": [[127.0748177, 37.5121214], [127.0739054, 37.5126443], [127.0729417, 37.5131967], [127.071629, 37.513949], [127.0706915, 37.5144863], [127.0697597, 37.5150204], [127.069327, 37.5152676], [127.069042, 37.5154075], [127.0688206, 37.5154709], [127.0685956, 37.5155086], [127.068377, 37.5155175], [127.0661425, 37.5152768], [127.0610305, 37.5143525], [127.060164, 37.5141958], [127.0555067, 37.5134372], [127.0549086, 37.5133397], [127.0546781, 37.5133076]]}}, {"type": "Feature", "properties": {"line_ref": "9", "line_name": "서울 지하철 9호선", "colour": "#A49D87"}, "geometry": {"type": "LineString", "coordinates": [[127.0546781, 37.5133076], [127.0544952, 37.5132925], [127.0542481, 37.5132763], [127.0540322, 37.5132632], [127.0536759, 37.5132063], [127.0534038, 37.5131562], [127.0531255, 37.5130876], [127.052333, 37.5128489], [127.0520564, 37.5127381], [127.051811, 37.5126481]]}}, {"type": "Feature", "properties": {"line_ref": "9", "line_name": "서울 지하철 9호선", "colour": "#A49D87"}, "geometry": {"type": "LineString", "coordinates": [[127.051811, 37.5126481], [127.0503563, 37.5121968], [127.0442348, 37.5103957], [127.0434174, 37.5101567], [127.0385222, 37.5087199], [127.0382851, 37.5086371], [127.0340958, 37.5074124], [127.033634, 37.5072719]]}}, {"type": "Feature", "properties": {"line_ref": "9", "line_name": "서울 지하철 9호선", "colour": "#A49D87"}, "geometry": {"type": "LineString", "coordinates": [[127.033634, 37.5072719], [127.0321498, 37.5068206], [127.0314198, 37.5066213], [127.0312153, 37.5065625], [127.0299981, 37.5061902], [127.0297861, 37.5061253], [127.0293556, 37.5059812]]}}, {"type": "Feature", "properties": {"line_ref": "9", "line_name": "서울 지하철 9호선", "colour": "#A49D87"}, "geometry": {"type": "LineString", "coordinates": [[127.0293556, 37.5059812], [127.0292397, 37.505942], [127.0288825, 37.5058214], [127.0276785, 37.5054523], [127.0261965, 37.5049992]]}}, {"type": "Feature", "properties": {"line_ref": "9", "line_name": "서울 지하철 9호선", "colour": "#A49D87"}, "geometry": {"type": "LineString", "coordinates": [[127.0261965, 37.5049992], [127.0257152, 37.5048821], [127.0253983, 37.5048252], [127.0250877, 37.5047724], [127.024777, 37.5047076], [127.024458, 37.5046143], [127.0236991, 37.5043862], [127.0234794, 37.5042874], [127.02329, 37.5041914], [127.0231429, 37.5041249], [127.0229894, 37.5040616], [127.0227282, 37.5039568]]}}, {"type": "Feature", "properties": {"line_ref": "9", "line_name": "서울 지하철 9호선", "colour": "#A49D87"}, "geometry": {"type": "LineString", "coordinates": [[127.0227282, 37.5039568], [127.0224742, 37.503883], [127.0218094, 37.5036765], [127.0214323, 37.5035631], [127.0211187, 37.503469], [127.020597, 37.5033284], [127.0201063, 37.5031961], [127.019831, 37.5031319], [127.0197901, 37.5031256], [127.019531, 37.5030826], [127.0189917, 37.5030515], [127.0180942, 37.5030651], [127.0176788, 37.5031347], [127.0172202, 37.5032749], [127.016879, 37.5034078], [127.0160077, 37.5038824]]}}, {"type": "Feature", "properties": {"line_ref": "9", "line_name": "서울 지하철 9호선", "colour": "#A49D87"}, "geometry": {"type": "LineString", "coordinates": [[127.0160077, 37.5038824], [127.0158018, 37.5040318], [127.0155998, 37.5041597], [127.0149023, 37.5044854], [127.0146659, 37.5045872], [127.0144666, 37.5046584], [127.014269, 37.5047074], [127.0139822, 37.5047846]]}}, {"type": "Feature", "properties": {"line_ref": "9", "line_name": "서울 지하철 9호선", "colour": "#A49D87"}, "geometry": {"type": "LineString", "coordinates": [[127.0139822, 37.5047846], [127.0099959, 37.5062349], [127.0093169, 37.506503], [127.0090341, 37.5065916], [127.0087316, 37.506657], [127.0084435, 37.5067079], [127.0081746, 37.5067424], [127.0078944, 37.5067699], [127.0076038, 37.5067916], [127.0073128, 37.5067942], [127.0070953, 37.5067861], [127.0068481, 37.506753], [127.0066359, 37.5067048], [127.0053952, 37.5063234]]}}, {"type": "Feature", "properties": {"line_ref": "9", "line_name": "서울 지하철 9호선", "colour": "#A49D87"}, "geometry": {"type": "LineString", "coordinates": [[127.0053952, 37.5063234], [127.0041164, 37.5059327], [127.0029811, 37.5055949]]}}, {"type": "Feature", "properties": {"line_ref": "9", "line_name": "서울 지하철 9호선", "colour": "#A49D87"}, "geometry": {"type": "LineString", "coordinates": [[127.0029811, 37.5055949], [127.0017365, 37.5052245], [127.0012857, 37.5050903], [126.9964101, 37.5036226], [126.9916455, 37.5023568], [126.9905033, 37.502098], [126.9867762, 37.5013134], [126.9848743, 37.5009419], [126.9844638, 37.5008597], [126.9840709, 37.5008136], [126.9837419, 37.5007993], [126.9834249, 37.5008121], [126.9831526, 37.5008429], [126.9828725, 37.500893], [126.9823063, 37.5010167], [126.9818357, 37.5011698], [126.9808209, 37.5016298], [126.9799061, 37.5021105]]}}, {"type": "Feature", "properties": {"line_ref": "9", "line_name": "서울 지하철 9호선", "colour": "#A49D87"}, "geometry": {"type": "LineString", "coordinates": [[126.9799061, 37.5021105], [126.9789018, 37.5026382], [126.9777278, 37.5032235], [126.9765705, 37.5037963]]}}, {"type": "Feature", "properties": {"line_ref": "9", "line_name": "서울 지하철 9호선", "colour": "#A49D87"}, "geometry": {"type": "LineString", "coordinates": [[126.9765705, 37.5037963], [126.9746847, 37.5047409], [126.9729788, 37.505405], [126.9725579, 37.5055286], [126.972106, 37.505604], [126.9715024, 37.5055975], [126.9707457, 37.5055887], [126.9702882, 37.5056402], [126.9698439, 37.5057457], [126.9689879, 37.5060244], [126.9673582, 37.5067083], [126.9654257, 37.5074684], [126.9648628, 37.5077802], [126.9639679, 37.5083985], [126.9633196, 37.5090351], [126.9617504, 37.5109261], [126.9612034, 37.511386], [126.9607111, 37.5116632], [126.9600181, 37.5119366], [126.9590079, 37.5121711], [126.9580173, 37.5124596], [126.9568061, 37.5129926], [126.9564129, 37.5131081], [126.9561853, 37.5131406], [126.955945, 37.5131512], [126.9552555, 37.5131437], [126.953572, 37.5129934], [126.9510301, 37.5127719], [126.9505226, 37.5127413], [126.9500168, 37.5127453], [126.9495528, 37.512805], [126.9477436, 37.5132282], [126.9471524, 37.5133529], [126.9453553, 37.513732], [126.9449892, 37.51379], [126.944559, 37.5137968], [126.9440925, 37.5137736]]}}, {"type": "Feature", "properties": {"line_ref": "9", "line_name": "서울 지하철 9호선", "colour": "#A49D87"}, "geometry": {"type": "LineString", "coordinates": [[126.9440925, 37.5137736], [126.9418661, 37.5136514], [126.9403233, 37.5135574], [126.9383663, 37.5134467], [126.9381257, 37.5134372], [126.9380611, 37.5134347]]}}, {"type": "Feature", "properties": {"line_ref": "9", "line_name": "서울 지하철 9호선", "colour": "#A49D87"}, "geometry": {"type": "LineString", "coordinates": [[126.9380611, 37.5134347], [126.9372419, 37.513401], [126.9363428, 37.5134095], [126.935712, 37.5134708], [126.9343186, 37.513797], [126.932973, 37.5142192], [126.9320058, 37.5146515], [126.931147, 37.5151066], [126.929588, 37.5161027], [126.9284475, 37.5173088], [126.9278558, 37.5179718], [126.9262559, 37.5196257], [126.9243765, 37.5215686], [126.9241547, 37.5217964], [126.9240456, 37.5219086], [126.9234614, 37.522501], [126.9213595, 37.5247769], [126.9195443, 37.5265685], [126.9187638, 37.5273386], [126.917637, 37.5284686], [126.9166775, 37.5293853], [126.9163965, 37.5296477], [126.9159887, 37.5298967], [126.9150369, 37.5303066], [126.9144802, 37.5304719], [126.9138271, 37.5306122], [126.9123258, 37.5309212], [126.9091861, 37.5314928], [126.9070631, 37.5319056], [126.9063231, 37.5320635], [126.9053075, 37.5323144], [126.9033034, 37.5332601], [126.9022597, 37.5337854], [126.901568, 37.534124], [126.9010354, 37.5344184], [126.8993076, 37.5352785], [126.8981997, 37.5358365], [126.8961933, 37.536841], [126.8943842, 37.5377172], [126.8939366, 37.5379426], [126.8932102, 37.5382772], [126.8922529, 37.5387364], [126.8909799, 37.5394344], [126.8904687, 37.5397277], [126.8895765, 37.5401753], [126.888745, 37.5405001], [126.8869586, 37.5412666], [126.8850488, 37.5421173], [126.884252, 37.5426906], [126.8836756, 37.5435362], [126.8832503, 37.5442465], [126.8832334, 37.5442747], [126.8829889, 37.544683], [126.8826616, 37.5452262], [126.8823745, 37.5455619], [126.8818604, 37.5460233], [126.8811551, 37.5464857], [126.8806573, 37.5467086], [126.8798386, 37.5470364], [126.8791573, 37.5471942], [126.8782514, 37.5472488], [126.8776313, 37.5471922], [126.8762381, 37.5471052], [126.8754336, 37.5470657], [126.8752072, 37.5470546], [126.8737858, 37.547], [126.8732474, 37.5470445], [126.872706, 37.5471354], [126.8716153, 37.5474077], [126.8711256, 37.5475805], [126.8707315, 37.5477702], [126.8701478, 37.5480917], [126.8697981, 37.5482959], [126.8689162, 37.5488221], [126.8666794, 37.5501914], [126.8658722, 37.5506318], [126.8654269, 37.5508599], [126.8647469, 37.5511761], [126.8646259, 37.5512383], [126.8644122, 37.5513479], [126.8641714, 37.5515504], [126.8639466, 37.5519519], [126.8638415, 37.5524948], [126.863706, 37.5532753], [126.8635427, 37.5540966], [126.8633324, 37.5554624], [126.8631643, 37.5563176], [126.8631021, 37.5565883], [126.8629631, 37.5568043], [126.862734, 37.557026], [126.8624283, 37.5572328], [126.8619738, 37.5574531], [126.861009, 37.5579715], [126.8597926, 37.5585985], [126.8579802, 37.5596066], [126.8572765, 37.5599905], [126.8564829, 37.5604416], [126.8560492, 37.5606862], [126.8550925, 37.561199], [126.8548411, 37.5613337], [126.8541068, 37.5616913], [126.8515818, 37.5630078], [126.8504985, 37.56357], [126.8498183, 37.5639306], [126.8483061, 37.5647715], [126.8463497, 37.5657956], [126.8451963, 37.5663842], [126.8449335, 37.566525], [126.8434972, 37.5673081], [126.8422645, 37.5679672], [126.8412226, 37.5685513], [126.8406985, 37.5688342], [126.840054, 37.5690797], [126.8394798, 37.5691793], [126.8386837, 37.569232], [126.8383785, 37.5692232], [126.8378098, 37.5691419], [126.8373771, 37.5690385], [126.8367612, 37.5688187], [126.8363506, 37.5686032], [126.8354463, 37.5680227], [126.8341404, 37.5670852], [126.8331726, 37.5667225], [126.8324419, 37.566622], [126.8316852, 37.5665894], [126.8308923, 37.5666062], [126.8290124, 37.5666311], [126.8277329, 37.5667609], [126.8211259, 37.5672904], [126.8167251, 37.5675612], [126.8161962, 37.5675685], [126.8151024, 37.5675719], [126.8146468, 37.5674844], [126.8140984, 37.5672702], [126.8136624, 37.5670052], [126.8132611, 37.5667125], [126.8127903, 37.5662842], [126.8118865, 37.5651459], [126.811003, 37.5641554], [126.8107673, 37.563911], [126.8103459, 37.5635207], [126.8102114, 37.5634168], [126.8099911, 37.5632578], [126.8090592, 37.5625485], [126.8081097, 37.5619967], [126.8077654, 37.5618917], [126.8068309, 37.5618078], [126.8062769, 37.5618083]]}}, {"type": "Feature", "properties": {"line_ref": "9", "line_name": "서울 지하철 9호선", "colour": "#A49D87"}, "geometry": {"type": "LineString", "coordinates": [[126.8062769, 37.5618083], [126.803679, 37.5618171], [126.801528, 37.5619114]]}}, {"type": "Feature", "properties": {"line_ref": "9", "line_name": "서울 지하철 9호선", "colour": "#A49D87"}, "geometry": {"type": "LineString", "coordinates": [[126.801528, 37.5619114], [126.7996677, 37.562034], [126.7987347, 37.5621317], [126.7972159, 37.5624501], [126.7963576, 37.562644], [126.7951045, 37.5632258], [126.7941864, 37.5640119], [126.7915771, 37.5662435], [126.7893369, 37.5682504], [126.7864187, 37.5707131], [126.7843848, 37.5722664], [126.7839402, 37.5727716], [126.7837598, 37.572999], [126.7836263, 37.573255], [126.7835115, 37.5738334], [126.7835395, 37.5743289], [126.783674, 37.5748566], [126.7838542, 37.5751544], [126.7841239, 37.5754501], [126.7844195, 37.5756732]]}}, {"type": "Feature", "properties": {"line_ref": "9", "line_name": "서울 지하철 9호선", "colour": "#A49D87"}, "geometry": {"type": "LineString", "coordinates": [[126.7844195, 37.5756732], [126.7847453, 37.5758413], [126.7851804, 37.5760205], [126.7855424, 37.5761201], [126.785833, 37.5761833], [126.7861425, 37.5762271], [126.7903819, 37.5767164], [126.7912217, 37.5768425], [126.7919229, 37.5769731], [126.7926605, 37.5771703], [126.7941635, 37.5775866]]}}, {"type": "Feature", "properties": {"line_ref": "9", "line_name": "서울 지하철 9호선", "colour": "#A49D87"}, "geometry": {"type": "LineString", "coordinates": [[126.7941635, 37.5775866], [126.7950555, 37.5778246]]}}, {"type": "Feature", "properties": {"line_ref": "9", "line_name": "서울 지하철 9호선", "colour": "#A49D87"}, "geometry": {"type": "LineString", "coordinates": [[126.7950555, 37.5778246], [126.7955919, 37.5779309], [126.7969014, 37.5783101]]}}, {"type": "Feature", "properties": {"line_ref": "GTX-A", "line_name": "수도권 광역급행철도 A선", "colour": "#AB087D"}, "geometry": {"type": "LineString", "coordinates": [[127.1013215, 37.4870203], [127.1014157, 37.4869345], [127.1029461, 37.4855403], [127.103569, 37.4849728], [127.1043885, 37.4840979], [127.1052423, 37.4833976], [127.105863, 37.4827941], [127.1060183, 37.4826312], [127.1064888, 37.4820978], [127.1089416, 37.4786606], [127.1107982, 37.4760162], [127.1146525, 37.4701586], [127.1167721, 37.4665611], [127.1176769, 37.464462], [127.1181631, 37.4632546], [127.1187379, 37.4601618], [127.1187881, 37.459422], [127.11892, 37.4560432], [127.1188974, 37.4522942], [127.1187293, 37.4503383]]}}, {"type": "Feature", "properties": {"line_ref": "GTX-A", "line_name": "수도권 광역급행철도 A선", "colour": "#AB087D"}, "geometry": {"type": "LineString", "coordinates": [[127.1187293, 37.4503383], [127.1187974, 37.4464566], [127.118865, 37.4439358], [127.118773, 37.4404863], [127.1187255, 37.4377474], [127.1184368, 37.432335], [127.1182264, 37.4291018], [127.1179343, 37.426556], [127.1178511, 37.4251074], [127.1177376, 37.4237823], [127.1176047, 37.4217388], [127.1176089, 37.4211775], [127.1176554, 37.4170489], [127.1177001, 37.4162759], [127.1177338, 37.4159059], [127.1178167, 37.4152915], [127.1199272, 37.3996129], [127.1202169, 37.397714]]}}, {"type": "Feature", "properties": {"line_ref": "GTX-A", "line_name": "수도권 광역급행철도 A선", "colour": "#AB087D"}, "geometry": {"type": "LineString", "coordinates": [[127.1202169, 37.397714], [127.1205835, 37.395716], [127.1207281, 37.3949033], [127.1207882, 37.3942328], [127.1207928, 37.3938179], [127.1207718, 37.3933782], [127.1207034, 37.3927587], [127.1205875, 37.3921626], [127.1204842, 37.3917552], [127.1201912, 37.3909374], [127.119874, 37.3902797], [127.1194924, 37.3896043], [127.1190464, 37.3889651], [127.1187699, 37.3885761], [127.1183859, 37.3881044], [127.1180819, 37.3877671], [127.117594, 37.3873024], [127.1169823, 37.3867717], [127.1164785, 37.3863692], [127.1150631, 37.3851789]]}}, {"type": "Feature", "properties": {"line_ref": "GTX-A", "line_name": "수도권 광역급행철도 A선", "colour": "#AB087D"}, "geometry": {"type": "LineString", "coordinates": [[127.1150631, 37.3851789], [127.1141928, 37.3844067], [127.1113026, 37.3818421], [127.1093867, 37.3801307], [127.1082461, 37.379167], [127.106666, 37.3777262], [127.1062468, 37.3772811], [127.1058594, 37.3768542], [127.1055103, 37.3763976], [127.1050849, 37.3757839], [127.1044979, 37.3747974], [127.1041483, 37.3739533], [127.1038341, 37.3728124], [127.1036585, 37.3719104]]}}, {"type": "Feature", "properties": {"line_ref": "GTX-A", "line_name": "수도권 광역급행철도 A선", "colour": "#AB087D"}, "geometry": {"type": "LineString", "coordinates": [[127.1036585, 37.3719104], [127.1036004, 37.3710903], [127.1039602, 37.303776], [127.1039603, 37.3026555]]}}, {"type": "Feature", "properties": {"line_ref": "GTX-A", "line_name": "수도권 광역급행철도 A선", "colour": "#AB087D"}, "geometry": {"type": "LineString", "coordinates": [[127.1039603, 37.3026555], [127.1041738, 37.3013656], [127.1041963, 37.2984784], [127.1039763, 37.2971124]]}}, {"type": "Feature", "properties": {"line_ref": "GTX-A", "line_name": "수도권 광역급행철도 A선", "colour": "#AB087D"}, "geometry": {"type": "LineString", "coordinates": [[127.1039763, 37.2971124], [127.1042119, 37.2516228], [127.1035404, 37.2451941], [127.1031523, 37.2437626], [127.1022557, 37.2408573], [127.1013451, 37.2376725], [127.0998977, 37.2323383], [127.098238, 37.2271694], [127.097378, 37.2240997], [127.0965139, 37.2198428], [127.096084, 37.2173863], [127.0959834, 37.2167502], [127.0959447, 37.2162623], [127.0958125, 37.2131171], [127.0957376, 37.2097049], [127.0956937, 37.2086331], [127.0956715, 37.2074405], [127.0956693, 37.2073683], [127.0956663, 37.207273]]}}, {"type": "Feature", "properties": {"line_ref": "GTX-A", "line_name": "수도권 광역급행철도 A선", "colour": "#AB087D"}, "geometry": {"type": "LineString", "coordinates": [[127.0956663, 37.207273], [127.0957916, 37.2045131]]}}, {"type": "Feature", "properties": {"line_ref": "GTX-A", "line_name": "수도권 광역급행철도 A선", "colour": "#AB087D"}, "geometry": {"type": "LineString", "coordinates": [[127.0957916, 37.2045131], [127.0959966, 37.2025827], [127.0959846, 37.2006422], [127.0959804, 37.1994097], [127.0959773, 37.1984804]]}}, {"type": "Feature", "properties": {"line_ref": "I2", "line_name": "인천 도시철도 2호선", "colour": "#F4A462"}, "geometry": {"type": "LineString", "coordinates": [[126.7597453, 37.4399697], [126.7598689, 37.4405395]]}}, {"type": "Feature", "properties": {"line_ref": "I2", "line_name": "인천 도시철도 2호선", "colour": "#F4A462"}, "geometry": {"type": "LineString", "coordinates": [[126.7598689, 37.4405395], [126.7600029, 37.4410267], [126.7600515, 37.4412448], [126.7601046, 37.4414863], [126.7601007, 37.4416292], [126.7600901, 37.4418058], [126.7600678, 37.4420096], [126.7599842, 37.4422417], [126.7598717, 37.4424407], [126.7597275, 37.4426637], [126.7594963, 37.4429433], [126.7593132, 37.4431804]]}}, {"type": "Feature", "properties": {"line_ref": "I2", "line_name": "인천 도시철도 2호선", "colour": "#F4A462"}, "geometry": {"type": "LineString", "coordinates": [[126.7593132, 37.4431804], [126.7576834, 37.4450951], [126.7569507, 37.4461716], [126.7567543, 37.4465087], [126.7564308, 37.447064]]}}, {"type": "Feature", "properties": {"line_ref": "I2", "line_name": "인천 도시철도 2호선", "colour": "#F4A462"}, "geometry": {"type": "LineString", "coordinates": [[126.7564308, 37.447064], [126.756172, 37.44737], [126.7558549, 37.44764], [126.7555422, 37.447826], [126.7551897, 37.4480197], [126.7546466, 37.4481858], [126.7536, 37.4484257], [126.7533166, 37.4484748], [126.7524616, 37.4486499], [126.7522268, 37.4486988], [126.7503719, 37.4490675], [126.7497876, 37.4491658], [126.749533, 37.449202], [126.7491825, 37.4492367], [126.7488948, 37.4492213], [126.748672, 37.4491984], [126.7483675, 37.4491219], [126.7480074, 37.4490056], [126.7475143, 37.4487565], [126.7468037, 37.4483812], [126.745929, 37.4479324], [126.7456199, 37.4478091]]}}, {"type": "Feature", "properties": {"line_ref": "I2", "line_name": "인천 도시철도 2호선", "colour": "#F4A462"}, "geometry": {"type": "LineString", "coordinates": [[126.7456199, 37.4478091], [126.745535, 37.4477755], [126.7452813, 37.4476942], [126.7450113, 37.4476742], [126.7446837, 37.4476861], [126.7442335, 37.4476984], [126.7433384, 37.4477421], [126.739047, 37.4480858], [126.7374365, 37.4481478], [126.7361805, 37.4482208], [126.7358265, 37.4482397], [126.7346643, 37.4482965], [126.7343525, 37.4483246], [126.7342172, 37.4483585], [126.7341161, 37.4484279], [126.7340488, 37.4485279], [126.734004, 37.4486117], [126.733983, 37.448703], [126.7339792, 37.4488168], [126.7340388, 37.4490257], [126.734735, 37.4503092], [126.735046, 37.4509108], [126.7356429, 37.4519934], [126.7359699, 37.4525768], [126.7360209, 37.4527107], [126.7360168, 37.4528336], [126.7359802, 37.4529672], [126.7358889, 37.4530691], [126.7354925, 37.453427], [126.7349003, 37.4538723], [126.734342, 37.4542427], [126.7335096, 37.4547217], [126.7332841, 37.4548171], [126.7329872, 37.45489], [126.7314385, 37.4550189], [126.7271516, 37.4554021], [126.719497, 37.4559204], [126.7189279, 37.4559628], [126.7148176, 37.4563491], [126.7104385, 37.4568178], [126.7088807, 37.456994], [126.7087626, 37.4570019], [126.7086123, 37.4570081], [126.7084887, 37.4570013], [126.7036125, 37.4567607], [126.7029956, 37.4568033], [126.7021897, 37.4568699], [126.6917962, 37.4577633], [126.6876441, 37.4580111], [126.6828579, 37.4583128], [126.6803994, 37.4584824], [126.6790115, 37.4585489], [126.6786525, 37.4585805], [126.6784774, 37.4586003], [126.6783403, 37.4586365], [126.67818, 37.4587083], [126.6780686, 37.45879], [126.6779776, 37.458887], [126.6779053, 37.4589991], [126.6778489, 37.4592245], [126.6777423, 37.4606888], [126.6778968, 37.4625362], [126.6779369, 37.4630457], [126.6780319, 37.4633339], [126.678209, 37.4636819], [126.6788297, 37.4647217], [126.678869, 37.4647875], [126.678974, 37.464975], [126.679024, 37.4650951], [126.6791126, 37.4653525], [126.67916, 37.4655324], [126.679183, 37.4656267], [126.6793429, 37.4666135], [126.6794271, 37.4670671], [126.6795127, 37.4675313], [126.6799825, 37.4702792], [126.681182, 37.473922], [126.6813392, 37.4742896], [126.6813941, 37.4743915], [126.6814875, 37.4745651], [126.6816541, 37.4748079], [126.681799, 37.474946], [126.681983, 37.4750998], [126.6823403, 37.4753795], [126.6836336, 37.476418], [126.6849976, 37.4776956], [126.6852481, 37.4779231], [126.6854429, 37.4781522], [126.6855788, 37.4783742], [126.6863589, 37.4796209], [126.6864451, 37.4797861], [126.6865486, 37.4800136], [126.686566, 37.4801379], [126.6865591, 37.4802754], [126.6865162, 37.4806204], [126.6862999, 37.4818025], [126.6862826, 37.481969], [126.6862377, 37.4821658], [126.6861418, 37.4823521], [126.6859959, 37.4825125], [126.6858202, 37.4826773], [126.6836801, 37.4842181], [126.6806978, 37.4863625], [126.6793766, 37.487289], [126.6790984, 37.4874675], [126.6788182, 37.4876209], [126.6784887, 37.4877247], [126.6779301, 37.4877903], [126.6766735, 37.4878175], [126.676141, 37.487831], [126.6759709, 37.4878553], [126.6757151, 37.4879173], [126.6755524, 37.4879914], [126.6754327, 37.4880654], [126.6753341, 37.4881759], [126.6752619, 37.488295], [126.6751873, 37.4884664], [126.6751626, 37.4886586], [126.6753166, 37.4908575], [126.6753742, 37.4914801], [126.6755954, 37.4957513], [126.6757953, 37.4989993], [126.6758774, 37.5002545], [126.6763558, 37.5079719], [126.6764818, 37.5118858], [126.6765424, 37.5133456], [126.6766934, 37.5156481], [126.6768213, 37.5175985], [126.6768629, 37.5181878], [126.6770592, 37.5209715], [126.6770366, 37.5211946], [126.6769581, 37.5213361], [126.676799, 37.52148], [126.6765989, 37.5215861], [126.6763327, 37.5216864], [126.675809, 37.5218234], [126.6756456, 37.5218943], [126.675417, 37.522054], [126.6752821, 37.522247], [126.6752056, 37.5224822], [126.6752024, 37.5227264], [126.6752729, 37.5235553], [126.6753092, 37.5240597], [126.6753909, 37.5252722], [126.6754844, 37.5263923], [126.6758118, 37.5281415], [126.6759852, 37.5292221], [126.6766621, 37.540334], [126.6768777, 37.5441943], [126.676972, 37.5458484], [126.6770116, 37.5472269], [126.6770727, 37.55046], [126.6771415, 37.5518017], [126.6772895, 37.5543065]]}}, {"type": "Feature", "properties": {"line_ref": "I2", "line_name": "인천 도시철도 2호선", "colour": "#F4A462"}, "geometry": {"type": "LineString", "coordinates": [[126.6772895, 37.5543065], [126.6773642, 37.5563059], [126.6774764, 37.5596141], [126.6775306, 37.5608101], [126.6775493, 37.5614925], [126.6776007, 37.5641339], [126.6776098, 37.5647245], [126.6775784, 37.5650347], [126.6775474, 37.5652507], [126.6774699, 37.5655401], [126.6773219, 37.5658854], [126.6768497, 37.5666821], [126.6765391, 37.567206], [126.67616, 37.5678034], [126.675426, 37.5690532], [126.6751863, 37.5695019], [126.6749092, 37.5701752], [126.6746856, 37.5708146], [126.6745928, 37.5711848], [126.6744904, 37.5717807], [126.6744437, 37.5721026], [126.6744012, 37.5725958], [126.6744, 37.5729838], [126.6744168, 37.573587], [126.6744802, 37.5740821], [126.6746025, 37.5744993], [126.6746808, 37.5748432], [126.6749771, 37.5759498]]}}, {"type": "Feature", "properties": {"line_ref": "I2", "line_name": "인천 도시철도 2호선", "colour": "#F4A462"}, "geometry": {"type": "LineString", "coordinates": [[126.6749771, 37.5759498], [126.675095, 37.5764036], [126.6751284, 37.5766519], [126.6751964, 37.5772471], [126.6752321, 37.5778659], [126.6753559, 37.5800084], [126.6754035, 37.5805546], [126.6754631, 37.5809119], [126.6755333, 37.5811847], [126.6756423, 37.5815704], [126.6761811, 37.583316], [126.6762608, 37.5835991], [126.6762943, 37.5837592], [126.6762821, 37.5839297], [126.6762396, 37.5841693], [126.6758422, 37.5853735], [126.6755497, 37.5860394], [126.675126, 37.5873759], [126.675043, 37.5875877], [126.6749245, 37.5878045], [126.6742063, 37.5888524], [126.6735827, 37.5900185], [126.6732061, 37.5913839], [126.6731964, 37.5915733], [126.6730827, 37.5920845], [126.6730356, 37.5923435], [126.6728138, 37.5933389], [126.6727825, 37.5934867], [126.6727289, 37.5937226], [126.6726944, 37.5939016], [126.6726236, 37.594158], [126.6725664, 37.5943281], [126.6724962, 37.5944592], [126.6724147, 37.5945788], [126.6722881, 37.5947179], [126.6721313, 37.5948459], [126.6718871, 37.5949894], [126.6702943, 37.5956932], [126.6696966, 37.5959345], [126.6694577, 37.5960517], [126.6681618, 37.5969467], [126.6667014, 37.598078], [126.6666364, 37.5981229], [126.6664964, 37.5982192], [126.6663334, 37.5983199], [126.6662179, 37.5983731], [126.6660714, 37.5984413], [126.6656405, 37.5985916], [126.6628105, 37.5997184], [126.6619202, 37.6001756], [126.6613354, 37.6004756], [126.6593746, 37.6013786], [126.6584603, 37.6018241], [126.65816, 37.6019331], [126.6579379, 37.6020023], [126.6577241, 37.6020523], [126.6575283, 37.6020573], [126.657311, 37.6020367], [126.657208, 37.6020139], [126.6568158, 37.6018812], [126.6561676, 37.6016423]]}}, {"type": "Feature", "properties": {"line_ref": "I2", "line_name": "인천 도시철도 2호선", "colour": "#F4A462"}, "geometry": {"type": "LineString", "coordinates": [[126.6561676, 37.6016423], [126.6558947, 37.6015317], [126.6534442, 37.6006191], [126.6523222, 37.600105], [126.651403, 37.5993875], [126.6501981, 37.5986621], [126.648223, 37.5976608], [126.6476993, 37.5974174]]}}, {"type": "Feature", "properties": {"line_ref": "I2", "line_name": "인천 도시철도 2호선", "colour": "#F4A462"}, "geometry": {"type": "LineString", "coordinates": [[126.6476993, 37.5974174], [126.6471005, 37.5971331]]}}, {"type": "Feature", "properties": {"line_ref": "I2", "line_name": "인천 도시철도 2호선", "colour": "#F4A462"}, "geometry": {"type": "LineString", "coordinates": [[126.6471005, 37.5971331], [126.6455367, 37.5963827], [126.6443005, 37.5958615], [126.6428482, 37.5953474], [126.6419751, 37.5950667], [126.6384042, 37.5938605], [126.6375399, 37.5936757], [126.6368311, 37.5936313], [126.6358987, 37.5936212], [126.633767, 37.5939373], [126.6316353, 37.5943043], [126.6275257, 37.5950772]]}}, {"type": "Feature", "properties": {"line_ref": "Silim", "line_name": "서울 경전철 신림선", "colour": "#6789CA"}, "geometry": {"type": "LineString", "coordinates": [[126.9453084, 37.4688191], [126.9447434, 37.4693599], [126.9446929, 37.4694082], [126.9442678, 37.469815], [126.94357, 37.4704753], [126.9431411, 37.4707835], [126.9428099, 37.4709244], [126.9425008, 37.4710031], [126.9420079, 37.4710074], [126.9404956, 37.4708783], [126.9395604, 37.4707546], [126.937149, 37.4710128], [126.9351518, 37.4712956], [126.9345783, 37.4715066], [126.933929, 37.4718675], [126.9337423, 37.4720479], [126.9335994, 37.4722331], [126.9334854, 37.4724751], [126.933421, 37.472746], [126.9334127, 37.4728908], [126.9334266, 37.4730945], [126.9336243, 37.4734206], [126.9339056, 37.4736376], [126.9341938, 37.4738036], [126.9352679, 37.4743819], [126.9361062, 37.4749127], [126.9364898, 37.4751613], [126.9366854, 37.4753184], [126.9368723, 37.4754535], [126.9370604, 37.4756957], [126.9371021, 37.4760696], [126.9370088, 37.4764473], [126.9368523, 37.4767733], [126.9366395, 37.4769973], [126.9363753, 37.4771399], [126.9358967, 37.4773033], [126.9347741, 37.4776615], [126.9338237, 37.4779459], [126.9334815, 37.4780415], [126.933298, 37.478108], [126.9331002, 37.4781973], [126.9328654, 37.4783541], [126.9313309, 37.4795698], [126.9306083, 37.4802611], [126.9302999, 37.4806795], [126.9300283, 37.4812542], [126.9298974, 37.4821486], [126.9297244, 37.4837909], [126.9296508, 37.4848518], [126.9296426, 37.4851731], [126.9294898, 37.4858569], [126.9293904, 37.4861237], [126.9290437, 37.4870544], [126.9283116, 37.4887249], [126.927818, 37.4897299], [126.9275038, 37.4903793], [126.9270323, 37.4918207], [126.9269245, 37.4922437], [126.9266823, 37.4925846], [126.9263673, 37.492744], [126.925915, 37.492824], [126.9243222, 37.4930402], [126.9211254, 37.493474], [126.9194867, 37.4936762], [126.9189792, 37.4938846], [126.9187861, 37.4940957], [126.9184494, 37.4948671], [126.9182796, 37.4953052], [126.918039, 37.4959265], [126.9178577, 37.4964303], [126.9178147, 37.4966536], [126.9178471, 37.4968891], [126.9179117, 37.497034], [126.9180211, 37.4971784], [126.9184216, 37.4973374], [126.9191682, 37.4975107], [126.9196354, 37.4976455], [126.9199318, 37.497837], [126.920217, 37.4981779], [126.9202876, 37.4983043], [126.9203698, 37.4993838], [126.9203957, 37.4998949], [126.9204683, 37.5001424], [126.9205262, 37.5002844], [126.9205555, 37.5003601], [126.9207659, 37.5009033], [126.9216157, 37.5029563], [126.9222165, 37.5045769], [126.9225767, 37.5054316], [126.9227486, 37.5058604], [126.9227816, 37.5059414], [126.9228198, 37.5060352], [126.9233323, 37.5072936], [126.9248951, 37.5110601], [126.9252099, 37.5124971], [126.9252472, 37.5126673], [126.9253391, 37.5128859], [126.9254763, 37.5131742], [126.9258297, 37.5135407], [126.9260469, 37.5136937], [126.926737, 37.5141222], [126.9271732, 37.5143731], [126.9278622, 37.5147342], [126.9280659, 37.5148997], [126.9281829, 37.5150995], [126.9282803, 37.5153321], [126.9283488, 37.5156562], [126.9284048, 37.5159201], [126.9285262, 37.5161556], [126.9287654, 37.5165022], [126.9294459, 37.5172687]]}}, {"type": "Feature", "properties": {"line_ref": "U", "line_name": "의정부경전철", "colour": "#F0831E"}, "geometry": {"type": "LineString", "coordinates": [[127.0528932, 37.7271704], [127.0529647, 37.7271559], [127.0528734, 37.7268525], [127.0528649, 37.7268292], [127.0527875, 37.7268449], [127.0528932, 37.7271704]]}}, {"type": "Feature", "properties": {"line_ref": "U", "line_name": "의정부경전철", "colour": "#F0831E"}, "geometry": {"type": "LineString", "coordinates": [[127.0477374, 37.7249489], [127.0477314, 37.7249351], [127.0477039, 37.7248715], [127.0470888, 37.7250674], [127.0471197, 37.7251413], [127.0477374, 37.7249489]]}}, {"type": "Feature", "properties": {"line_ref": "U", "line_name": "의정부경전철", "colour": "#F0831E"}, "geometry": {"type": "LineString", "coordinates": [[127.0529344, 37.7269971], [127.0529156, 37.7269393], [127.0528719, 37.7268045]]}}, {"type": "Feature", "properties": {"line_ref": "U", "line_name": "의정부경전철", "colour": "#F0831E"}, "geometry": {"type": "LineString", "coordinates": [[127.0528719, 37.7268045], [127.0528145, 37.7266422], [127.0527257, 37.7263966], [127.0526652, 37.7261896], [127.0521775, 37.7246549], [127.0521104, 37.7244778], [127.0520474, 37.7243261], [127.0519871, 37.724237], [127.0518932, 37.7241299], [127.0517591, 37.7240164], [127.0516142, 37.7239241], [127.051456, 37.7238509], [127.0513098, 37.7238042], [127.0511368, 37.7237607], [127.0509826, 37.7237353], [127.0508163, 37.7237278], [127.0506687, 37.7237321], [127.0505185, 37.7237501], [127.050363, 37.723783], [127.0501471, 37.7238551], [127.049742, 37.7240248], [127.0487081, 37.7245086], [127.0484331, 37.7246157], [127.0477205, 37.7248535]]}}, {"type": "Feature", "properties": {"line_ref": "U", "line_name": "의정부경전철", "colour": "#F0831E"}, "geometry": {"type": "LineString", "coordinates": [[127.0477205, 37.7248535], [127.0471527, 37.7250332], [127.0465186, 37.7252216]]}}, {"type": "Feature", "properties": {"line_ref": "U", "line_name": "의정부경전철", "colour": "#F0831E"}, "geometry": {"type": "LineString", "coordinates": [[127.0465186, 37.7252216], [127.0461914, 37.7253199], [127.0460012, 37.7253664], [127.0456673, 37.7254075], [127.0447992, 37.7254432], [127.0445872, 37.7254501], [127.0444098, 37.7254766], [127.0443152, 37.7255049], [127.0441726, 37.7255574], [127.0440075, 37.7256544], [127.0439488, 37.7257054], [127.0438894, 37.7257638], [127.0438257, 37.725858], [127.0437775, 37.7259672], [127.0437456, 37.7260394], [127.0437349, 37.7261245], [127.0437244, 37.7262035], [127.0437017, 37.7286131]]}}, {"type": "Feature", "properties": {"line_ref": "U", "line_name": "의정부경전철", "colour": "#F0831E"}, "geometry": {"type": "LineString", "coordinates": [[127.0437017, 37.7286131], [127.043702, 37.7289028], [127.0437012, 37.7289501]]}}, {"type": "Feature", "properties": {"line_ref": "U", "line_name": "의정부경전철", "colour": "#F0831E"}, "geometry": {"type": "LineString", "coordinates": [[127.0437012, 37.7289501], [127.0436466, 37.7310692], [127.0433363, 37.7370677], [127.0433186, 37.737445], [127.0432999, 37.7377963], [127.043289, 37.7378906], [127.0432675, 37.7379766], [127.0432495, 37.7380324], [127.0432212, 37.7380853], [127.0431776, 37.7381467], [127.0431246, 37.7382045], [127.0430767, 37.7382456], [127.0430211, 37.7382836], [127.0429588, 37.7383167], [127.0428762, 37.7383476], [127.0427943, 37.7383697], [127.0426718, 37.7383914], [127.042546, 37.7383956], [127.0423615, 37.7383908]]}}, {"type": "Feature", "properties": {"line_ref": "U", "line_name": "의정부경전철", "colour": "#F0831E"}, "geometry": {"type": "LineString", "coordinates": [[127.0423615, 37.7383908], [127.0420162, 37.7383622], [127.0383291, 37.738234], [127.0370574, 37.7382011], [127.0361591, 37.7381759], [127.0358453, 37.7381672], [127.0356683, 37.7381748], [127.035546, 37.738202], [127.035385, 37.7382596], [127.0352089, 37.7383719], [127.0351316, 37.7384316], [127.0350306, 37.7385438], [127.0349618, 37.7386835], [127.0349361, 37.7388034], [127.0349249, 37.7390309]]}}, {"type": "Feature", "properties": {"line_ref": "U", "line_name": "의정부경전철", "colour": "#F0831E"}, "geometry": {"type": "LineString", "coordinates": [[127.0349249, 37.7390309], [127.0348982, 37.7393951], [127.034897, 37.739453]]}}, {"type": "Feature", "properties": {"line_ref": "U", "line_name": "의정부경전철", "colour": "#F0831E"}, "geometry": {"type": "LineString", "coordinates": [[127.034897, 37.739453], [127.0348529, 37.7403108], [127.0347418, 37.7421551], [127.0347368, 37.7426094], [127.0347482, 37.7427659], [127.0348063, 37.7429142], [127.0348638, 37.7429866], [127.0349301, 37.743051], [127.0350497, 37.7431266], [127.0351892, 37.7431777], [127.0354014, 37.7432046], [127.0369093, 37.7432569], [127.0374127, 37.7432726], [127.0447798, 37.7435313], [127.0464062, 37.7435592], [127.047, 37.7435764], [127.0494761, 37.7436668]]}}, {"type": "Feature", "properties": {"line_ref": "U", "line_name": "의정부경전철", "colour": "#F0831E"}, "geometry": {"type": "LineString", "coordinates": [[127.0494761, 37.7436668], [127.0498713, 37.7436756], [127.0499543, 37.7436775]]}}, {"type": "Feature", "properties": {"line_ref": "U", "line_name": "의정부경전철", "colour": "#F0831E"}, "geometry": {"type": "LineString", "coordinates": [[127.0499543, 37.7436775], [127.0511407, 37.743715], [127.0513491, 37.7437426], [127.0514794, 37.7437744], [127.0516218, 37.7438183], [127.0517682, 37.7438865], [127.0519462, 37.7440052], [127.0528766, 37.7446227], [127.0530089, 37.7446825], [127.0531598, 37.7447406], [127.0533211, 37.7447718], [127.0535417, 37.7447857], [127.0536586, 37.7447889], [127.0556314, 37.7445941], [127.0557812, 37.744587], [127.0559422, 37.7446077], [127.0561218, 37.7446578], [127.0563, 37.7447177], [127.0564678, 37.7448041], [127.0566631, 37.7449476], [127.0571834, 37.7453477], [127.0579225, 37.7459282], [127.0590995, 37.7468497], [127.0598147, 37.747338], [127.0604098, 37.7476787], [127.0607303, 37.7478493], [127.0612601, 37.7480859], [127.0619941, 37.7483779], [127.0621161, 37.7484244], [127.0623004, 37.7484818], [127.0635495, 37.7487718], [127.0639796, 37.7488705], [127.0645083, 37.7489929], [127.0664836, 37.7494741], [127.0713512, 37.7506413]]}}, {"type": "Feature", "properties": {"line_ref": "U", "line_name": "의정부경전철", "colour": "#F0831E"}, "geometry": {"type": "LineString", "coordinates": [[127.0713512, 37.7506413], [127.071814, 37.7507504], [127.071903, 37.7507702]]}}, {"type": "Feature", "properties": {"line_ref": "U", "line_name": "의정부경전철", "colour": "#F0831E"}, "geometry": {"type": "LineString", "coordinates": [[127.071903, 37.7507702], [127.072573, 37.7509295], [127.0729203, 37.7510383], [127.0734066, 37.7512438], [127.0737501, 37.7514345], [127.0739487, 37.7515586], [127.0741592, 37.7517208], [127.074895, 37.7523862], [127.0750951, 37.7525572], [127.0761688, 37.7534746], [127.0764249, 37.7536418], [127.0765668, 37.7537042], [127.0768075, 37.7537935], [127.0773992, 37.753989], [127.0774945, 37.7540199], [127.0777099, 37.7540971], [127.0779033, 37.7541503], [127.0780743, 37.7541753], [127.078217, 37.7541799], [127.0784347, 37.754166], [127.0786612, 37.7541107], [127.0788656, 37.7540381], [127.081573, 37.7530644], [127.0821311, 37.7528609], [127.0823649, 37.7527537], [127.0826043, 37.7526127], [127.0827482, 37.7524774], [127.0828409, 37.7523818], [127.0829791, 37.7521439], [127.0831183, 37.7518759], [127.0834108, 37.751261], [127.0838985, 37.7503452], [127.0841438, 37.749855], [127.084204, 37.7496672], [127.0842336, 37.74954], [127.0842509, 37.7493759], [127.0842395, 37.7492111], [127.0841594, 37.7488868], [127.0841109, 37.7487637], [127.0840328, 37.7485886], [127.0837893, 37.7480699], [127.0836813, 37.7478143], [127.0836398, 37.7476942], [127.083613, 37.7476175], [127.0836011, 37.7475238], [127.0835994, 37.7473344], [127.0836309, 37.7470959], [127.0836992, 37.7468687], [127.0849487, 37.743407], [127.0852351, 37.7425371], [127.085767, 37.7410764], [127.0858366, 37.740884], [127.0860731, 37.7402365], [127.0864882, 37.7390436], [127.0867611, 37.7383502], [127.0869606, 37.737865], [127.0873011, 37.7371073], [127.0878058, 37.7359976], [127.0879735, 37.735667], [127.0882164, 37.7352169], [127.0883489, 37.734973], [127.0884832, 37.7346463], [127.088861, 37.7336857], [127.0889389, 37.7334804]]}}, {"type": "Feature", "properties": {"line_ref": "W", "line_name": "우이신설선", "colour": "#BACC50"}, "geometry": {"type": "LineString", "coordinates": [[127.023263, 37.575654], [127.023244, 37.5758603], [127.0232404, 37.5760583]]}}, {"type": "Feature", "properties": {"line_ref": "W", "line_name": "우이신설선", "colour": "#BACC50"}, "geometry": {"type": "LineString", "coordinates": [[127.0232404, 37.5760583], [127.0232083, 37.5766818], [127.023188, 37.5781307], [127.0230895, 37.5784575], [127.0195389, 37.5850853], [127.0185141, 37.5869661], [127.0182546, 37.5874119], [127.0182132, 37.5876688], [127.01818, 37.5887562], [127.0181661, 37.5888262], [127.0181416, 37.5888963], [127.0180741, 37.5889706], [127.0180013, 37.5890406], [127.0172208, 37.5896294], [127.0171712, 37.5896666], [127.0171248, 37.5897321], [127.0170695, 37.5898268], [127.017033, 37.5899354], [127.0169553, 37.5902733], [127.0165891, 37.5923894], [127.0165497, 37.5925932], [127.0164878, 37.5928696], [127.0163929, 37.5933885], [127.0158709, 37.5953191], [127.0158256, 37.5954847], [127.015759, 37.5956502], [127.0153827, 37.5963308], [127.0152901, 37.5964845], [127.0151779, 37.5966706], [127.0148918, 37.5971253], [127.014797, 37.597291], [127.014704, 37.597461], [127.0145896, 37.597682], [127.0144787, 37.5979204], [127.0144042, 37.5981782], [127.014347, 37.5984026], [127.0142952, 37.5986483], [127.0136761, 37.6017546], [127.0136052, 37.6020745], [127.0134067, 37.6027635], [127.0132507, 37.6031876], [127.0131884, 37.6033085], [127.0131176, 37.6034269], [127.0130006, 37.6035563], [127.0127708, 37.6037226], [127.0125099, 37.6039], [127.0122131, 37.6041055], [127.011963, 37.6042575], [127.0118365, 37.6043844], [127.0117226, 37.6045364], [127.011638, 37.6047748], [127.0115732, 37.6049175], [127.0112778, 37.6056146], [127.0105593, 37.6070416], [127.0103161, 37.607529], [127.0101748, 37.6078252], [127.0098798, 37.6085]]}}, {"type": "Feature", "properties": {"line_ref": "W", "line_name": "우이신설선", "colour": "#BACC50"}, "geometry": {"type": "LineString", "coordinates": [[127.0098798, 37.6085], [127.0097073, 37.6089682], [127.0096385, 37.6092532], [127.0095732, 37.609523], [127.0095185, 37.6098013], [127.0094708, 37.6100252], [127.0093998, 37.610193], [127.0093296, 37.6103673], [127.0091842, 37.610583], [127.0090663, 37.6107852], [127.0089232, 37.6109836], [127.0087727, 37.6112104], [127.0083344, 37.6120218], [127.0082655, 37.6121207], [127.0081339, 37.6123427], [127.0079974, 37.6125431], [127.0078971, 37.6127249], [127.0078683, 37.6128313], [127.0078752, 37.6129616], [127.0079256, 37.6130847], [127.0080113, 37.6131666], [127.008125, 37.6132483], [127.0083972, 37.6134511], [127.0085531, 37.6135622], [127.008649, 37.6136568], [127.0087368, 37.6138523], [127.0087763, 37.6140316], [127.0087802, 37.6140949], [127.0088603, 37.6150208], [127.0089125, 37.6158448], [127.0088924, 37.6161188], [127.0088807, 37.6163893], [127.0088442, 37.6165606], [127.0087572, 37.6167855], [127.0086559, 37.6169938], [127.0085475, 37.6172673], [127.0085065, 37.6174579], [127.0084893, 37.6176884], [127.0085112, 37.6180102], [127.0085487, 37.6182273], [127.0086101, 37.6184239], [127.0086978, 37.618587], [127.0087699, 37.6186689], [127.0088541, 37.6187421], [127.0090183, 37.6188469], [127.0093078, 37.6190029], [127.0094828, 37.6190844], [127.0116598, 37.6200064], [127.0119689, 37.620084], [127.0121935, 37.6201199], [127.0123933, 37.6201416], [127.0126677, 37.6201867], [127.0130977, 37.6201776], [127.0137405, 37.6201309]]}}, {"type": "Feature", "properties": {"line_ref": "W", "line_name": "우이신설선", "colour": "#BACC50"}, "geometry": {"type": "LineString", "coordinates": [[127.0137405, 37.6201309], [127.0152226, 37.620094], [127.0175942, 37.6199515], [127.0179776, 37.6199151], [127.0184348, 37.6198917], [127.0188407, 37.6198531], [127.0193095, 37.6198101], [127.0198265, 37.6197349], [127.020196, 37.6196724], [127.0203006, 37.6196673], [127.0204402, 37.6196792], [127.0205877, 37.6197408], [127.0207003, 37.6198492], [127.0207204, 37.6199501], [127.0207191, 37.6200765], [127.0207084, 37.6202316], [127.0206896, 37.620378], [127.020514, 37.621174], [127.0204076, 37.6215385], [127.0203296, 37.621734], [127.020208, 37.6219212], [127.0201146, 37.6220587], [127.0199657, 37.6222344], [127.0197356, 37.6225135], [127.019508, 37.622738], [127.0191742, 37.6230967], [127.0189751, 37.62331], [127.018838, 37.6234719], [127.0187009, 37.6236593], [127.0185697, 37.6238813], [127.0185073, 37.6240544], [127.0184626, 37.6242288], [127.0184241, 37.624469], [127.0182994, 37.6261218], [127.0182423, 37.6265919], [127.0182242, 37.6269761], [127.0181824, 37.6276249], [127.018129, 37.6280863], [127.0179966, 37.6295143], [127.0178177, 37.631254], [127.0176506, 37.6330354], [127.0175414, 37.6340617], [127.0173037, 37.6356321], [127.0172544, 37.6361547], [127.0171621, 37.6370635], [127.0171105, 37.6376921], [127.0170794, 37.6382294], [127.0170482, 37.6387583], [127.0169897, 37.6396475], [127.0169366, 37.6403157], [127.0169025, 37.6406886], [127.0168142, 37.6411628], [127.01675, 37.6414472], [127.0166858, 37.6416637], [127.0165811, 37.6420937], [127.0164537, 37.6425943], [127.0162789, 37.6431992], [127.0157651, 37.6448853], [127.0155472, 37.6454551], [127.0151513, 37.6463701], [127.0142202, 37.6482309], [127.0136969, 37.649379], [127.0134118, 37.6500046], [127.0127818, 37.6513014], [127.0126638, 37.6515902], [127.0125399, 37.6520952], [127.012519, 37.6522655], [127.012519, 37.6524991], [127.0125619, 37.6528389], [127.0129736, 37.6546899], [127.0132691, 37.6559701]]}}, {"type": "Feature", "properties": {"line_ref": "W", "line_name": "우이신설선", "colour": "#BACC50"}, "geometry": {"type": "LineString", "coordinates": [[127.0132691, 37.6559701], [127.0133518, 37.6563837], [127.0137152, 37.6583175], [127.0138654, 37.6590692], [127.0138762, 37.659256], [127.0138601, 37.6594217], [127.0132405, 37.6615917], [127.0130903, 37.6620906], [127.0129776, 37.6623073], [127.0125904, 37.6630792], [127.0124238, 37.6633908]]}}, {"type": "Feature", "properties": {"line_ref": "경강", "line_name": "수도권 전철 경강선", "colour": "#0B318F"}, "geometry": {"type": "LineString", "coordinates": [[127.1115664, 37.3947577], [127.1124031, 37.3947482], [127.116508, 37.394721], [127.1171489, 37.3947241], [127.120088, 37.394744], [127.1206192, 37.394745], [127.1234835, 37.3947507], [127.1267229, 37.3947039], [127.1276046, 37.3946908], [127.1286692, 37.394681], [127.1291083, 37.3946969], [127.1297942, 37.3947554], [127.1313177, 37.3949429], [127.1327339, 37.3951645], [127.1343648, 37.3955209], [127.1344505, 37.3955396], [127.1388452, 37.3966153], [127.1455226, 37.3983012], [127.1545134, 37.4003809], [127.1658216, 37.4028866], [127.1675108, 37.4031552], [127.1722267, 37.4039051], [127.172688, 37.4039477], [127.173203, 37.4039818], [127.1743081, 37.4040074], [127.1755741, 37.4040414], [127.1797047, 37.4042034], [127.1821723, 37.4042801], [127.184522, 37.4044335], [127.186657, 37.4045358], [127.1890924, 37.4048426], [127.1917639, 37.4051835], [127.1929119, 37.4053113], [127.1941886, 37.4054136], [127.1955619, 37.4054988], [127.1965812, 37.4056352], [127.1974717, 37.4058568], [127.1986304, 37.4062914], [127.1997809, 37.4068238], [127.2011533, 37.407453]]}}, {"type": "Feature", "properties": {"line_ref": "경강", "line_name": "수도권 전철 경강선", "colour": "#0B318F"}, "geometry": {"type": "LineString", "coordinates": [[127.2011533, 37.407453], [127.2017806, 37.4077989], [127.2024287, 37.4081518]]}}, {"type": "Feature", "properties": {"line_ref": "경강", "line_name": "수도권 전철 경강선", "colour": "#0B318F"}, "geometry": {"type": "LineString", "coordinates": [[127.2024287, 37.4081518], [127.2033703, 37.4086667], [127.2048192, 37.4095051]]}}, {"type": "Feature", "properties": {"line_ref": "경강", "line_name": "수도권 전철 경강선", "colour": "#0B318F"}, "geometry": {"type": "LineString", "coordinates": [[127.2048192, 37.4095051], [127.2054639, 37.4099037], [127.2056176, 37.4099987]]}}, {"type": "Feature", "properties": {"line_ref": "경강", "line_name": "수도권 전철 경강선", "colour": "#0B318F"}, "geometry": {"type": "LineString", "coordinates": [[127.2056176, 37.4099987], [127.2101531, 37.4128406], [127.2109042, 37.4131133], [127.2119341, 37.4133349], [127.2131584, 37.4134614], [127.2140167, 37.4134955], [127.2149823, 37.4134614], [127.215626, 37.4133932], [127.2167633, 37.4131716], [127.2181795, 37.4128308], [127.2195528, 37.4124899], [127.2210119, 37.4120979], [127.2225139, 37.4116377], [127.2246597, 37.4109219], [127.2370622, 37.4058256], [127.2446497, 37.4026402], [127.2477583, 37.4013217], [127.2483542, 37.4010803], [127.2495534, 37.4005948]]}}, {"type": "Feature", "properties": {"line_ref": "경강", "line_name": "수도권 전철 경강선", "colour": "#0B318F"}, "geometry": {"type": "LineString", "coordinates": [[127.2495534, 37.4005948], [127.2510765, 37.3998921]]}}, {"type": "Feature", "properties": {"line_ref": "경강", "line_name": "수도권 전철 경강선", "colour": "#0B318F"}, "geometry": {"type": "LineString", "coordinates": [[127.2510765, 37.3998921], [127.2519297, 37.3995092], [127.2532951, 37.3989152], [127.256719, 37.3974293], [127.2593144, 37.3963029], [127.2604728, 37.3958221]]}}, {"type": "Feature", "properties": {"line_ref": "경강", "line_name": "수도권 전철 경강선", "colour": "#0B318F"}, "geometry": {"type": "LineString", "coordinates": [[127.2604728, 37.3958221], [127.2609126, 37.3956315]]}}, {"type": "Feature", "properties": {"line_ref": "경강", "line_name": "수도권 전철 경강선", "colour": "#0B318F"}, "geometry": {"type": "LineString", "coordinates": [[127.2609126, 37.3956315], [127.2645674, 37.3942272], [127.2727427, 37.3906898], [127.2767767, 37.3885246], [127.2787294, 37.3873312], [127.2820553, 37.3849102], [127.2824416, 37.3845692], [127.2828707, 37.3839554], [127.2838148, 37.3827278], [127.2841367, 37.3822845], [127.284523, 37.3819434], [127.2848663, 37.3816365], [127.2912177, 37.3772033], [127.2923121, 37.3766576], [127.293385, 37.3761972], [127.2945759, 37.3757624], [127.298515, 37.3740173], [127.2993968, 37.3736305]]}}, {"type": "Feature", "properties": {"line_ref": "경강", "line_name": "수도권 전철 경강선", "colour": "#0B318F"}, "geometry": {"type": "LineString", "coordinates": [[127.2993968, 37.3736305], [127.30047, 37.3731656], [127.3019518, 37.3725194]]}}, {"type": "Feature", "properties": {"line_ref": "경강", "line_name": "수도권 전철 경강선", "colour": "#0B318F"}, "geometry": {"type": "LineString", "coordinates": [[127.3019518, 37.3725194], [127.3084123, 37.3697399], [127.3139606, 37.3673404], [127.3165833, 37.3662107], [127.3186389, 37.3653267], [127.3214472, 37.3641035]]}}, {"type": "Feature", "properties": {"line_ref": "경강", "line_name": "수도권 전철 경강선", "colour": "#0B318F"}, "geometry": {"type": "LineString", "coordinates": [[127.3214472, 37.3641035], [127.3243528, 37.362854]]}}, {"type": "Feature", "properties": {"line_ref": "경강", "line_name": "수도권 전철 경강선", "colour": "#0B318F"}, "geometry": {"type": "LineString", "coordinates": [[127.3243528, 37.362854], [127.3265428, 37.3617608], [127.3275911, 37.361146], [127.3292612, 37.3598977]]}}, {"type": "Feature", "properties": {"line_ref": "경강", "line_name": "수도권 전철 경강선", "colour": "#0B318F"}, "geometry": {"type": "LineString", "coordinates": [[127.3292612, 37.3598977], [127.3299783, 37.3592941]]}}, {"type": "Feature", "properties": {"line_ref": "경강", "line_name": "수도권 전철 경강선", "colour": "#0B318F"}, "geometry": {"type": "LineString", "coordinates": [[127.3299783, 37.3592941], [127.3353883, 37.3547745], [127.3363919, 37.3540298], [127.3372032, 37.3535239], [127.3379584, 37.353128], [127.3386562, 37.3528132], [127.3396791, 37.3524073], [127.3403787, 37.3521837], [127.3424584, 37.3515944], [127.3435486, 37.3512851]]}}, {"type": "Feature", "properties": {"line_ref": "경강", "line_name": "수도권 전철 경강선", "colour": "#0B318F"}, "geometry": {"type": "LineString", "coordinates": [[127.3435486, 37.3512851], [127.3462861, 37.350519], [127.3483991, 37.3499348]]}}, {"type": "Feature", "properties": {"line_ref": "경강", "line_name": "수도권 전철 경강선", "colour": "#0B318F"}, "geometry": {"type": "LineString", "coordinates": [[127.3483991, 37.3499348], [127.3488912, 37.34979]]}}, {"type": "Feature", "properties": {"line_ref": "경강", "line_name": "수도권 전철 경강선", "colour": "#0B318F"}, "geometry": {"type": "LineString", "coordinates": [[127.3488912, 37.34979], [127.3495243, 37.3496102], [127.3512653, 37.3491338], [127.3540808, 37.3485022], [127.3565264, 37.3480228]]}}, {"type": "Feature", "properties": {"line_ref": "경강", "line_name": "수도권 전철 경강선", "colour": "#0B318F"}, "geometry": {"type": "LineString", "coordinates": [[127.3565264, 37.3480228], [127.3611232, 37.3470757]]}}, {"type": "Feature", "properties": {"line_ref": "경강", "line_name": "수도권 전철 경강선", "colour": "#0B318F"}, "geometry": {"type": "LineString", "coordinates": [[127.3611232, 37.3470757], [127.3633521, 37.346625]]}}, {"type": "Feature", "properties": {"line_ref": "경강", "line_name": "수도권 전철 경강선", "colour": "#0B318F"}, "geometry": {"type": "LineString", "coordinates": [[127.3633521, 37.346625], [127.3644877, 37.346349], [127.3660147, 37.3460239], [127.3674323, 37.345707], [127.3696357, 37.3449613], [127.371558, 37.3439871], [127.3803663, 37.3383233], [127.3889756, 37.33282], [127.3921984, 37.3307031], [127.3945016, 37.3292851], [127.3968279, 37.3278281], [127.3985767, 37.3266081], [127.3995455, 37.3258818], [127.4001608, 37.3253141], [127.4006391, 37.3249031], [127.4018536, 37.3233713], [127.4019992, 37.3230759], [127.4035889, 37.319546], [127.4043267, 37.3180532]]}}, {"type": "Feature", "properties": {"line_ref": "경강", "line_name": "수도권 전철 경강선", "colour": "#0B318F"}, "geometry": {"type": "LineString", "coordinates": [[127.4043267, 37.3180532], [127.4045967, 37.3173589], [127.405275, 37.3156754], [127.4057191, 37.3145732], [127.4085389, 37.3073471]]}}, {"type": "Feature", "properties": {"line_ref": "경강", "line_name": "수도권 전철 경강선", "colour": "#0B318F"}, "geometry": {"type": "LineString", "coordinates": [[127.4085389, 37.3073471], [127.4085745, 37.3072537]]}}, {"type": "Feature", "properties": {"line_ref": "경강", "line_name": "수도권 전철 경강선", "colour": "#0B318F"}, "geometry": {"type": "LineString", "coordinates": [[127.4085745, 37.3072537], [127.4093684, 37.3052649]]}}, {"type": "Feature", "properties": {"line_ref": "경강", "line_name": "수도권 전철 경강선", "colour": "#0B318F"}, "geometry": {"type": "LineString", "coordinates": [[127.4093684, 37.3052649], [127.4096459, 37.3045675]]}}, {"type": "Feature", "properties": {"line_ref": "경강", "line_name": "수도권 전철 경강선", "colour": "#0B318F"}, "geometry": {"type": "LineString", "coordinates": [[127.4096459, 37.3045675], [127.4099772, 37.3037313]]}}, {"type": "Feature", "properties": {"line_ref": "경강", "line_name": "수도권 전철 경강선", "colour": "#0B318F"}, "geometry": {"type": "LineString", "coordinates": [[127.4099772, 37.3037313], [127.4104392, 37.3026251]]}}, {"type": "Feature", "properties": {"line_ref": "경강", "line_name": "수도권 전철 경강선", "colour": "#0B318F"}, "geometry": {"type": "LineString", "coordinates": [[127.4104392, 37.3026251], [127.410723, 37.3019866]]}}, {"type": "Feature", "properties": {"line_ref": "경강", "line_name": "수도권 전철 경강선", "colour": "#0B318F"}, "geometry": {"type": "LineString", "coordinates": [[127.410723, 37.3019866], [127.4117153, 37.2998529]]}}, {"type": "Feature", "properties": {"line_ref": "경강", "line_name": "수도권 전철 경강선", "colour": "#0B318F"}, "geometry": {"type": "LineString", "coordinates": [[127.4117153, 37.2998529], [127.413098, 37.2965188], [127.4132428, 37.2960639], [127.413326, 37.2957359], [127.4134168, 37.2951781], [127.4134596, 37.294505], [127.4135008, 37.293744], [127.4134904, 37.2930102], [127.4134541, 37.2924689], [127.4118552, 37.2800811], [127.4117886, 37.2791672], [127.4118142, 37.2782418], [127.4119133, 37.2773505], [127.4120488, 37.2763299], [127.4122385, 37.2755283], [127.4125461, 37.2747234], [127.4132149, 37.2735749], [127.4138176, 37.2727851], [127.4144177, 37.2721515], [127.4158963, 37.2707414], [127.4200689, 37.2673977], [127.4209789, 37.2668205], [127.4219854, 37.266303], [127.4234623, 37.2656612], [127.4252338, 37.2650265], [127.4266591, 37.264598], [127.4278339, 37.2643715], [127.4288921, 37.2642593], [127.4299206, 37.2642089]]}}, {"type": "Feature", "properties": {"line_ref": "경강", "line_name": "수도권 전철 경강선", "colour": "#0B318F"}, "geometry": {"type": "LineString", "coordinates": [[127.4299206, 37.2642089], [127.4313537, 37.2642125], [127.4331168, 37.2642106]]}}, {"type": "Feature", "properties": {"line_ref": "경강", "line_name": "수도권 전철 경강선", "colour": "#0B318F"}, "geometry": {"type": "LineString", "coordinates": [[127.4331168, 37.2642106], [127.4335314, 37.2642126]]}}, {"type": "Feature", "properties": {"line_ref": "경강", "line_name": "수도권 전철 경강선", "colour": "#0B318F"}, "geometry": {"type": "LineString", "coordinates": [[127.4335314, 37.2642126], [127.4356639, 37.2642009], [127.4405788, 37.2642348], [127.4413277, 37.2642504], [127.4421828, 37.264255], [127.4430947, 37.2642599], [127.4453714, 37.2642727]]}}, {"type": "Feature", "properties": {"line_ref": "경강", "line_name": "수도권 전철 경강선", "colour": "#0B318F"}, "geometry": {"type": "LineString", "coordinates": [[127.4453714, 37.2642727], [127.4457256, 37.2642683], [127.4492617, 37.2642955], [127.4509997, 37.264237], [127.4520783, 37.2641579], [127.4534467, 37.2640115], [127.4545865, 37.2638534], [127.4621862, 37.2624166]]}}, {"type": "Feature", "properties": {"line_ref": "경강", "line_name": "수도권 전철 경강선", "colour": "#0B318F"}, "geometry": {"type": "LineString", "coordinates": [[127.4621862, 37.2624166], [127.4636589, 37.2621312], [127.4646847, 37.2618908], [127.4656262, 37.26162], [127.4665092, 37.2613375]]}}, {"type": "Feature", "properties": {"line_ref": "경강", "line_name": "수도권 전철 경강선", "colour": "#0B318F"}, "geometry": {"type": "LineString", "coordinates": [[127.4665092, 37.2613375], [127.4675282, 37.2609854], [127.468812, 37.2604324]]}}, {"type": "Feature", "properties": {"line_ref": "경강", "line_name": "수도권 전철 경강선", "colour": "#0B318F"}, "geometry": {"type": "LineString", "coordinates": [[127.468812, 37.2604324], [127.4695379, 37.2601096], [127.4703349, 37.2596947], [127.472283, 37.2586552], [127.4728189, 37.2583833], [127.4736097, 37.258032], [127.4743907, 37.2577612], [127.4749844, 37.2575748], [127.4756791, 37.2574036], [127.476176, 37.257331], [127.4767034, 37.2572802]]}}, {"type": "Feature", "properties": {"line_ref": "경강", "line_name": "수도권 전철 경강선", "colour": "#0B318F"}, "geometry": {"type": "LineString", "coordinates": [[127.4767034, 37.2572802], [127.4772479, 37.2572539]]}}, {"type": "Feature", "properties": {"line_ref": "경강", "line_name": "수도권 전철 경강선", "colour": "#0B318F"}, "geometry": {"type": "LineString", "coordinates": [[127.4772479, 37.2572539], [127.477825, 37.2572496], [127.478432, 37.2572652], [127.4792536, 37.2573407], [127.4801305, 37.257513]]}}, {"type": "Feature", "properties": {"line_ref": "경강", "line_name": "수도권 전철 경강선", "colour": "#0B318F"}, "geometry": {"type": "LineString", "coordinates": [[127.4801305, 37.257513], [127.4822163, 37.2580746]]}}, {"type": "Feature", "properties": {"line_ref": "경강", "line_name": "수도권 전철 경강선", "colour": "#0B318F"}, "geometry": {"type": "LineString", "coordinates": [[127.4822163, 37.2580746], [127.4845824, 37.2587546]]}}, {"type": "Feature", "properties": {"line_ref": "경강", "line_name": "수도권 전철 경강선", "colour": "#0B318F"}, "geometry": {"type": "LineString", "coordinates": [[127.4845824, 37.2587546], [127.4857677, 37.2590992], [127.4864348, 37.2592909], [127.4874025, 37.2595713]]}}, {"type": "Feature", "properties": {"line_ref": "경강", "line_name": "수도권 전철 경강선", "colour": "#0B318F"}, "geometry": {"type": "LineString", "coordinates": [[127.4874025, 37.2595713], [127.4895457, 37.2601976], [127.4903138, 37.2604283]]}}, {"type": "Feature", "properties": {"line_ref": "경강", "line_name": "수도권 전철 경강선", "colour": "#0B318F"}, "geometry": {"type": "LineString", "coordinates": [[127.4903138, 37.2604283], [127.4915265, 37.2607821], [127.4931052, 37.2612442]]}}, {"type": "Feature", "properties": {"line_ref": "경강", "line_name": "수도권 전철 경강선", "colour": "#0B318F"}, "geometry": {"type": "LineString", "coordinates": [[127.4931052, 37.2612442], [127.494599, 37.2616794], [127.4956823, 37.2619875]]}}, {"type": "Feature", "properties": {"line_ref": "경강", "line_name": "수도권 전철 경강선", "colour": "#0B318F"}, "geometry": {"type": "LineString", "coordinates": [[127.4956823, 37.2619875], [127.5001626, 37.2632932]]}}, {"type": "Feature", "properties": {"line_ref": "경강", "line_name": "수도권 전철 경강선", "colour": "#0B318F"}, "geometry": {"type": "LineString", "coordinates": [[127.5001626, 37.2632932], [127.5032569, 37.2641761]]}}, {"type": "Feature", "properties": {"line_ref": "경강", "line_name": "수도권 전철 경강선", "colour": "#0B318F"}, "geometry": {"type": "LineString", "coordinates": [[127.5032569, 37.2641761], [127.5039117, 37.2643581]]}}, {"type": "Feature", "properties": {"line_ref": "경강", "line_name": "수도권 전철 경강선", "colour": "#0B318F"}, "geometry": {"type": "LineString", "coordinates": [[127.5039117, 37.2643581], [127.5043354, 37.2644725]]}}, {"type": "Feature", "properties": {"line_ref": "경강", "line_name": "수도권 전철 경강선", "colour": "#0B318F"}, "geometry": {"type": "LineString", "coordinates": [[127.5043354, 37.2644725], [127.5056414, 37.2648095], [127.5068983, 37.2651568], [127.5095092, 37.2661381]]}}, {"type": "Feature", "properties": {"line_ref": "경강", "line_name": "수도권 전철 경강선", "colour": "#0B318F"}, "geometry": {"type": "LineString", "coordinates": [[127.5095092, 37.2661381], [127.5117074, 37.2669393], [127.5126554, 37.2674142]]}}, {"type": "Feature", "properties": {"line_ref": "경강", "line_name": "수도권 전철 경강선", "colour": "#0B318F"}, "geometry": {"type": "LineString", "coordinates": [[127.5126554, 37.2674142], [127.5137156, 37.2678095], [127.5182461, 37.269729]]}}, {"type": "Feature", "properties": {"line_ref": "경강", "line_name": "수도권 전철 경강선", "colour": "#0B318F"}, "geometry": {"type": "LineString", "coordinates": [[127.5182461, 37.269729], [127.5189322, 37.2700415]]}}, {"type": "Feature", "properties": {"line_ref": "경강", "line_name": "수도권 전철 경강선", "colour": "#0B318F"}, "geometry": {"type": "LineString", "coordinates": [[127.5189322, 37.2700415], [127.5203932, 37.2707229], [127.5215007, 37.2713443], [127.5226623, 37.2720743], [127.5245793, 37.2734315]]}}, {"type": "Feature", "properties": {"line_ref": "경강", "line_name": "수도권 전철 경강선", "colour": "#0B318F"}, "geometry": {"type": "LineString", "coordinates": [[127.5245793, 37.2734315], [127.5253641, 37.2740111]]}}, {"type": "Feature", "properties": {"line_ref": "경강", "line_name": "수도권 전철 경강선", "colour": "#0B318F"}, "geometry": {"type": "LineString", "coordinates": [[127.5253641, 37.2740111], [127.5257286, 37.2742644], [127.5272642, 37.2754429], [127.5288005, 37.2766383]]}}, {"type": "Feature", "properties": {"line_ref": "경강", "line_name": "수도권 전철 경강선", "colour": "#0B318F"}, "geometry": {"type": "LineString", "coordinates": [[127.5288005, 37.2766383], [127.5289562, 37.2767556]]}}, {"type": "Feature", "properties": {"line_ref": "경강", "line_name": "수도권 전철 경강선", "colour": "#0B318F"}, "geometry": {"type": "LineString", "coordinates": [[127.5289562, 37.2767556], [127.529925, 37.2775046], [127.5329536, 37.279807], [127.5351875, 37.2815558], [127.5381905, 37.2838846], [127.540064, 37.2853129], [127.5426817, 37.2873309], [127.5446664, 37.2888879], [127.546501, 37.2901214], [127.5473379, 37.2906335], [127.5490733, 37.291487], [127.5499343, 37.2918668], [127.5509884, 37.2922936], [127.5523133, 37.2927428], [127.5531584, 37.292998], [127.5541392, 37.2932415]]}}, {"type": "Feature", "properties": {"line_ref": "경강", "line_name": "수도권 전철 경강선", "colour": "#0B318F"}, "geometry": {"type": "LineString", "coordinates": [[127.5541392, 37.2932415], [127.5550101, 37.2934306], [127.5561892, 37.2936282], [127.5576912, 37.2938021], [127.5588181, 37.2938774], [127.5595265, 37.2939059], [127.5604463, 37.29392], [127.5624893, 37.2938681]]}}, {"type": "Feature", "properties": {"line_ref": "경강", "line_name": "수도권 전철 경강선", "colour": "#0B318F"}, "geometry": {"type": "LineString", "coordinates": [[127.5624893, 37.2938681], [127.5698531, 37.293658], [127.5706498, 37.2936415], [127.5714536, 37.2936249]]}}, {"type": "Feature", "properties": {"line_ref": "경강", "line_name": "수도권 전철 경강선", "colour": "#0B318F"}, "geometry": {"type": "LineString", "coordinates": [[127.5714536, 37.2936249], [127.5722378, 37.2936068]]}}, {"type": "Feature", "properties": {"line_ref": "경강", "line_name": "수도권 전철 경강선", "colour": "#0B318F"}, "geometry": {"type": "LineString", "coordinates": [[127.5722378, 37.2936068], [127.5799643, 37.2933904], [127.580829, 37.2933758]]}}, {"type": "Feature", "properties": {"line_ref": "경강", "line_name": "수도권 전철 경강선", "colour": "#0B318F"}, "geometry": {"type": "LineString", "coordinates": [[127.580829, 37.2933758], [127.5810943, 37.2933621]]}}, {"type": "Feature", "properties": {"line_ref": "경강", "line_name": "수도권 전철 경강선", "colour": "#0B318F"}, "geometry": {"type": "LineString", "coordinates": [[127.5810943, 37.2933621], [127.5821906, 37.2933051], [127.5833385, 37.2932538], [127.5843363, 37.2931813], [127.5856022, 37.293034], [127.5867771, 37.2928569], [127.5887071, 37.2925454]]}}, {"type": "Feature", "properties": {"line_ref": "경강", "line_name": "수도권 전철 경강선", "colour": "#0B318F"}, "geometry": {"type": "LineString", "coordinates": [[127.5887071, 37.2925454], [127.5892094, 37.2924487]]}}, {"type": "Feature", "properties": {"line_ref": "경강", "line_name": "수도권 전철 경강선", "colour": "#0B318F"}, "geometry": {"type": "LineString", "coordinates": [[127.5892094, 37.2924487], [127.5906087, 37.2922122]]}}, {"type": "Feature", "properties": {"line_ref": "경강", "line_name": "수도권 전철 경강선", "colour": "#0B318F"}, "geometry": {"type": "LineString", "coordinates": [[127.5906087, 37.2922122], [127.6062818, 37.2895961]]}}, {"type": "Feature", "properties": {"line_ref": "경강", "line_name": "수도권 전철 경강선", "colour": "#0B318F"}, "geometry": {"type": "LineString", "coordinates": [[127.6062818, 37.2895961], [127.6073541, 37.289405], [127.6085923, 37.2891543], [127.6095131, 37.2888899], [127.6103673, 37.2885502], [127.6112864, 37.2880618], [127.6120277, 37.2875875], [127.6128286, 37.287039], [127.6144833, 37.2858194], [127.6156161, 37.2851604]]}}, {"type": "Feature", "properties": {"line_ref": "경강", "line_name": "수도권 전철 경강선", "colour": "#0B318F"}, "geometry": {"type": "LineString", "coordinates": [[127.6156161, 37.2851604], [127.6161759, 37.2848938], [127.6168311, 37.2846205], [127.6174979, 37.284391], [127.6183759, 37.2841717], [127.618908, 37.2840786], [127.6194225, 37.283992], [127.6201023, 37.2839068]]}}, {"type": "Feature", "properties": {"line_ref": "경강", "line_name": "수도권 전철 경강선", "colour": "#0B318F"}, "geometry": {"type": "LineString", "coordinates": [[127.6201023, 37.2839068], [127.6228577, 37.2835741], [127.6236839, 37.2834737], [127.624453, 37.2834023]]}}, {"type": "Feature", "properties": {"line_ref": "경강", "line_name": "수도권 전철 경강선", "colour": "#0B318F"}, "geometry": {"type": "LineString", "coordinates": [[127.624453, 37.2834023], [127.6251881, 37.28327]]}}, {"type": "Feature", "properties": {"line_ref": "경강", "line_name": "수도권 전철 경강선", "colour": "#0B318F"}, "geometry": {"type": "LineString", "coordinates": [[127.6251881, 37.28327], [127.6290136, 37.282823], [127.6294514, 37.2827545]]}}, {"type": "Feature", "properties": {"line_ref": "경의·중앙", "line_name": "경의·중앙선", "colour": "#6AC2B3"}, "geometry": {"type": "LineString", "coordinates": [[126.7879859, 37.8536263], [126.7879571, 37.8529295], [126.7879369, 37.852471], [126.7879275, 37.8520623], [126.7879063, 37.8515303], [126.7879009, 37.8514329]]}}, {"type": "Feature", "properties": {"line_ref": "경의·중앙", "line_name": "경의·중앙선", "colour": "#6AC2B3"}, "geometry": {"type": "LineString", "coordinates": [[126.7879009, 37.8514329], [126.787884, 37.8510408], [126.7878773, 37.8506792]]}}, {"type": "Feature", "properties": {"line_ref": "경의·중앙", "line_name": "경의·중앙선", "colour": "#6AC2B3"}, "geometry": {"type": "LineString", "coordinates": [[126.7878773, 37.8506792], [126.7878838, 37.8500616], [126.787869, 37.8497396], [126.7878254, 37.849067], [126.7877791, 37.8482292]]}}, {"type": "Feature", "properties": {"line_ref": "경의·중앙", "line_name": "경의·중앙선", "colour": "#6AC2B3"}, "geometry": {"type": "LineString", "coordinates": [[126.7877791, 37.8482292], [126.7877646, 37.8477464]]}}, {"type": "Feature", "properties": {"line_ref": "경의·중앙", "line_name": "경의·중앙선", "colour": "#6AC2B3"}, "geometry": {"type": "LineString", "coordinates": [[126.7877646, 37.8477464], [126.7877619, 37.8474563], [126.7877324, 37.8466938], [126.787711, 37.8459482], [126.7876761, 37.844976], [126.7876654, 37.8441563], [126.7876689, 37.8426285], [126.7876528, 37.8415906], [126.7876662, 37.8406152], [126.7876689, 37.8396006], [126.7876609, 37.8386495], [126.7876635, 37.8374188], [126.7876528, 37.8361563], [126.7877219, 37.8345294], [126.7877633, 37.8330902], [126.7877949, 37.8325931], [126.7878196, 37.8321801], [126.7878444, 37.8319405], [126.7879527, 37.8313839], [126.7880825, 37.8307828], [126.7883596, 37.8298486]]}}, {"type": "Feature", "properties": {"line_ref": "경의·중앙", "line_name": "경의·중앙선", "colour": "#6AC2B3"}, "geometry": {"type": "LineString", "coordinates": [[126.7883596, 37.8298486], [126.7884128, 37.8296832]]}}, {"type": "Feature", "properties": {"line_ref": "경의·중앙", "line_name": "경의·중앙선", "colour": "#6AC2B3"}, "geometry": {"type": "LineString", "coordinates": [[126.7884128, 37.8296832], [126.7884344, 37.8296016], [126.7887203, 37.8285892], [126.7889296, 37.827907], [126.7890476, 37.8274961], [126.7892299, 37.826852], [126.7894204, 37.8262122], [126.7895277, 37.8257969], [126.7896886, 37.8252228], [126.7899273, 37.8243478], [126.7900453, 37.8239346], [126.7902358, 37.8232842], [126.7904315, 37.8226147], [126.7905818, 37.821996], [126.790791, 37.8213074], [126.790976, 37.8206252], [126.7912443, 37.8197162], [126.7914589, 37.8189598], [126.7914943, 37.8187979], [126.7916359, 37.8181505], [126.7917269, 37.8177979], [126.791829, 37.8172584], [126.7921589, 37.8161078], [126.7924379, 37.8151014], [126.7926805, 37.814238], [126.7927115, 37.8141277]]}}, {"type": "Feature", "properties": {"line_ref": "경의·중앙", "line_name": "경의·중앙선", "colour": "#6AC2B3"}, "geometry": {"type": "LineString", "coordinates": [[126.7927115, 37.8141277], [126.7928, 37.81383], [126.792973, 37.813189]]}}, {"type": "Feature", "properties": {"line_ref": "경의·중앙", "line_name": "경의·중앙선", "colour": "#6AC2B3"}, "geometry": {"type": "LineString", "coordinates": [[126.792973, 37.813189], [126.7930337, 37.8129726], [126.7930435, 37.8129377], [126.793044, 37.8129358], [126.7932935, 37.8120839], [126.7934257, 37.8116129], [126.7935671, 37.8111092]]}}, {"type": "Feature", "properties": {"line_ref": "경의·중앙", "line_name": "경의·중앙선", "colour": "#6AC2B3"}, "geometry": {"type": "LineString", "coordinates": [[126.7935671, 37.8111092], [126.7937843, 37.8103421], [126.7940606, 37.8093737], [126.7943583, 37.8083141], [126.7946185, 37.8074537], [126.7948545, 37.8065658], [126.7950503, 37.8058601], [126.7952461, 37.8051926], [126.7953293, 37.8048069], [126.7953856, 37.8044212], [126.7953932, 37.804295], [126.7953946, 37.8042135], [126.7954002, 37.8038799], [126.7953839, 37.8035681], [126.7953372, 37.8032268], [126.7952671, 37.8028966], [126.7951714, 37.80257], [126.795001, 37.8021032], [126.7948235, 37.8016641]]}}, {"type": "Feature", "properties": {"line_ref": "경의·중앙", "line_name": "경의·중앙선", "colour": "#6AC2B3"}, "geometry": {"type": "LineString", "coordinates": [[126.7948235, 37.8016641], [126.7941463, 37.8000221]]}}, {"type": "Feature", "properties": {"line_ref": "경의·중앙", "line_name": "경의·중앙선", "colour": "#6AC2B3"}, "geometry": {"type": "LineString", "coordinates": [[126.7941463, 37.8000221], [126.7941057, 37.7999237], [126.7937984, 37.7992029], [126.7935322, 37.7985092], [126.7933688, 37.7981014], [126.7930045, 37.7972674], [126.792297, 37.7955006], [126.7921896, 37.7952323], [126.7919585, 37.7946787], [126.7915872, 37.7937525], [126.7913373, 37.793103], [126.7911622, 37.7926158], [126.7910034, 37.7922062], [126.7909264, 37.7920217], [126.7908533, 37.7918488], [126.7907959, 37.7917129], [126.7906561, 37.791414], [126.7904509, 37.7909581], [126.7903164, 37.7906504], [126.7901226, 37.7901676], [126.7895674, 37.7887453], [126.7891919, 37.7877745], [126.7881954, 37.7855145], [126.7880103, 37.7849595], [126.787939, 37.784655]]}}, {"type": "Feature", "properties": {"line_ref": "경의·중앙", "line_name": "경의·중앙선", "colour": "#6AC2B3"}, "geometry": {"type": "LineString", "coordinates": [[126.787939, 37.784655], [126.7878638, 37.7843192], [126.7878353, 37.7841554], [126.7877987, 37.7838517], [126.7877864, 37.7833662], [126.7878395, 37.7826914]]}}, {"type": "Feature", "properties": {"line_ref": "경의·중앙", "line_name": "경의·중앙선", "colour": "#6AC2B3"}, "geometry": {"type": "LineString", "coordinates": [[126.7878395, 37.7826914], [126.7879855, 37.781581], [126.7881033, 37.7806797], [126.7882266, 37.7796326], [126.7882974, 37.7790713], [126.7883575, 37.778555], [126.7886213, 37.7766289], [126.7886531, 37.77631], [126.7886903, 37.7758596], [126.788701, 37.7755281], [126.7886957, 37.7752427], [126.7886798, 37.774998], [126.7886479, 37.774756], [126.7886072, 37.7745266], [126.7885683, 37.774342], [126.7885081, 37.7741224], [126.7884161, 37.7738622], [126.7883135, 37.773602], [126.7882144, 37.7733908], [126.7880763, 37.773125], [126.787933, 37.7728845], [126.7877419, 37.7725977], [126.7875525, 37.7723571], [126.7872924, 37.7720718], [126.7868571, 37.7716731], [126.7865315, 37.7714073], [126.786213, 37.7711821], [126.7859422, 37.7710157], [126.7856679, 37.7708688], [126.7853122, 37.7706912], [126.7851016, 37.7705932], [126.7847707, 37.7704506], [126.7843354, 37.7702785], [126.7834683, 37.7699582], [126.782918, 37.7697511], [126.7824083, 37.7695511], [126.7818403, 37.7693222], [126.7813545, 37.7691245], [126.7809186, 37.7689271], [126.7801609, 37.7685941], [126.7795225, 37.7683122], [126.7789615, 37.7680646], [126.7782393, 37.7677493], [126.7761498, 37.766837], [126.7757014, 37.7666369]]}}, {"type": "Feature", "properties": {"line_ref": "경의·중앙", "line_name": "경의·중앙선", "colour": "#6AC2B3"}, "geometry": {"type": "LineString", "coordinates": [[126.7757014, 37.7666369], [126.7737312, 37.765834], [126.7735243, 37.7657424]]}}, {"type": "Feature", "properties": {"line_ref": "경의·중앙", "line_name": "경의·중앙선", "colour": "#6AC2B3"}, "geometry": {"type": "LineString", "coordinates": [[126.7735243, 37.7657424], [126.7709095, 37.7646051], [126.7705081, 37.764427], [126.7693806, 37.7639245], [126.7686376, 37.7635915], [126.7680529, 37.7633159], [126.7676667, 37.7630954], [126.7673609, 37.7629194], [126.7671249, 37.762754], [126.7668915, 37.7625695], [126.7666555, 37.7623702], [126.7664034, 37.7621391], [126.7661942, 37.7619185], [126.7659903, 37.7616874], [126.7658052, 37.761452], [126.7656363, 37.7612082], [126.7654941, 37.7609855], [126.7653144, 37.7606293], [126.7651508, 37.7602327], [126.7650181, 37.7597834], [126.7649658, 37.7595109]]}}, {"type": "Feature", "properties": {"line_ref": "경의·중앙", "line_name": "경의·중앙선", "colour": "#6AC2B3"}, "geometry": {"type": "LineString", "coordinates": [[126.7649658, 37.7595109], [126.7649443, 37.7593646], [126.7648827, 37.7588344], [126.7648199, 37.7581282]]}}, {"type": "Feature", "properties": {"line_ref": "경의·중앙", "line_name": "경의·중앙선", "colour": "#6AC2B3"}, "geometry": {"type": "LineString", "coordinates": [[126.7648199, 37.7581282], [126.764778, 37.7576575], [126.7646788, 37.7565718], [126.764601, 37.7556875], [126.7645715, 37.7551891], [126.7645206, 37.7545742], [126.7645018, 37.7541076], [126.7645152, 37.7537641], [126.7645527, 37.7534311], [126.7646037, 37.753166], [126.7646734, 37.7528882], [126.764778, 37.7525595], [126.7649014, 37.7522435], [126.7649819, 37.7520698], [126.7650652, 37.751909], [126.7651927, 37.751685], [126.7655436, 37.7510675], [126.7657991, 37.7506152], [126.7662625, 37.7498534], [126.7666935, 37.7491413], [126.7669142, 37.7487685]]}}, {"type": "Feature", "properties": {"line_ref": "경의·중앙", "line_name": "경의·중앙선", "colour": "#6AC2B3"}, "geometry": {"type": "LineString", "coordinates": [[126.7669142, 37.7487685], [126.7685333, 37.7460343]]}}, {"type": "Feature", "properties": {"line_ref": "경의·중앙", "line_name": "경의·중앙선", "colour": "#6AC2B3"}, "geometry": {"type": "LineString", "coordinates": [[126.7685333, 37.7460343], [126.7707419, 37.7423532], [126.7710321, 37.7418745], [126.7718732, 37.7404022], [126.7719899, 37.7401826], [126.7720803, 37.7399843], [126.772145, 37.739821], [126.7722914, 37.739352], [126.7723222, 37.7392046], [126.772352, 37.739033], [126.7723801, 37.7388463], [126.7724038, 37.7386223], [126.7724187, 37.7380315], [126.7724163, 37.7378759], [126.7724016, 37.7376829], [126.7723801, 37.7375196], [126.7723587, 37.7374125], [126.7722702, 37.7371219], [126.7719976, 37.7364109], [126.7716891, 37.7357343], [126.7713609, 37.7349604]]}}, {"type": "Feature", "properties": {"line_ref": "경의·중앙", "line_name": "경의·중앙선", "colour": "#6AC2B3"}, "geometry": {"type": "LineString", "coordinates": [[126.7713609, 37.7349604], [126.7712894, 37.7348025], [126.7711678, 37.734534]]}}, {"type": "Feature", "properties": {"line_ref": "경의·중앙", "line_name": "경의·중앙선", "colour": "#6AC2B3"}, "geometry": {"type": "LineString", "coordinates": [[126.7711678, 37.734534], [126.7689705, 37.7295963], [126.7688695, 37.7293626], [126.7685092, 37.7286049], [126.7680749, 37.7276074], [126.7676684, 37.7266247], [126.7667245, 37.7245774], [126.7665138, 37.7241214], [126.7656418, 37.7221486], [126.7653003, 37.7213913], [126.7651593, 37.7210778]]}}, {"type": "Feature", "properties": {"line_ref": "경의·중앙", "line_name": "경의·중앙선", "colour": "#6AC2B3"}, "geometry": {"type": "LineString", "coordinates": [[126.7651593, 37.7210778], [126.7650878, 37.720911]]}}, {"type": "Feature", "properties": {"line_ref": "경의·중앙", "line_name": "경의·중앙선", "colour": "#6AC2B3"}, "geometry": {"type": "LineString", "coordinates": [[126.7650878, 37.720911], [126.7648363, 37.7203365], [126.7642207, 37.7189624], [126.7639434, 37.7183287], [126.7635506, 37.7175123], [126.7631793, 37.7166129], [126.7627368, 37.7156637], [126.7625843, 37.7153384], [126.7619474, 37.7139789], [126.761735, 37.7134728], [126.7615637, 37.7129988], [126.7614313, 37.7125489], [126.7613347, 37.7121076], [126.7612596, 37.7116789], [126.7612104, 37.7112273], [126.7611796, 37.7107739], [126.7611693, 37.7088879], [126.7611592, 37.7062007], [126.7611324, 37.7032213], [126.7611967, 37.7007702], [126.7611902, 37.6999619], [126.7611669, 37.6990308], [126.7611342, 37.6980793], [126.7611202, 37.6972793], [126.761102, 37.6962383], [126.7610555, 37.6948675], [126.7610484, 37.6931171], [126.7610501, 37.692969]]}}, {"type": "Feature", "properties": {"line_ref": "경의·중앙", "line_name": "경의·중앙선", "colour": "#6AC2B3"}, "geometry": {"type": "LineString", "coordinates": [[126.7610501, 37.692969], [126.7610431, 37.6921662], [126.76101, 37.6906906], [126.76101, 37.690212], [126.761024, 37.6897223], [126.7610543, 37.689216], [126.761094, 37.6885878], [126.7611524, 37.6882293], [126.7612108, 37.6879873], [126.7612925, 37.6877415], [126.7613399, 37.6876047]]}}, {"type": "Feature", "properties": {"line_ref": "경의·중앙", "line_name": "경의·중앙선", "colour": "#6AC2B3"}, "geometry": {"type": "LineString", "coordinates": [[126.7613399, 37.6876047], [126.7614653, 37.6873202], [126.761629, 37.6870062]]}}, {"type": "Feature", "properties": {"line_ref": "경의·중앙", "line_name": "경의·중앙선", "colour": "#6AC2B3"}, "geometry": {"type": "LineString", "coordinates": [[126.761629, 37.6870062], [126.7617907, 37.686741], [126.7619784, 37.6864693], [126.7622306, 37.6861233], [126.7625417, 37.68579], [126.7629548, 37.6854483], [126.7633705, 37.6851278], [126.7638238, 37.6848412], [126.7644675, 37.6844889], [126.7649155, 37.6842681], [126.7655362, 37.6839934], [126.7657333, 37.6839065]]}}, {"type": "Feature", "properties": {"line_ref": "경의·중앙", "line_name": "경의·중앙선", "colour": "#6AC2B3"}, "geometry": {"type": "LineString", "coordinates": [[126.7657333, 37.6839065], [126.7675735, 37.683124], [126.7688333, 37.6825745], [126.7699182, 37.6821094]]}}, {"type": "Feature", "properties": {"line_ref": "경의·중앙", "line_name": "경의·중앙선", "colour": "#6AC2B3"}, "geometry": {"type": "LineString", "coordinates": [[126.7699182, 37.6821094], [126.771551, 37.6814098], [126.7726362, 37.6809443], [126.7738566, 37.6803839], [126.7743796, 37.6801589], [126.7751843, 37.6798129]]}}, {"type": "Feature", "properties": {"line_ref": "경의·중앙", "line_name": "경의·중앙선", "colour": "#6AC2B3"}, "geometry": {"type": "LineString", "coordinates": [[126.7751843, 37.6798129], [126.7753882, 37.6797258]]}}, {"type": "Feature", "properties": {"line_ref": "경의·중앙", "line_name": "경의·중앙선", "colour": "#6AC2B3"}, "geometry": {"type": "LineString", "coordinates": [[126.7753882, 37.6797258], [126.7771316, 37.6789871], [126.7785183, 37.67838], [126.7821987, 37.6768073], [126.7826039, 37.6766112], [126.7829561, 37.6764207], [126.7832321, 37.6762512], [126.7835577, 37.6760356], [126.7838657, 37.6757961], [126.7840939, 37.6756112], [126.784301, 37.6754053], [126.7844673, 37.6752246], [126.784562, 37.6751112]]}}, {"type": "Feature", "properties": {"line_ref": "경의·중앙", "line_name": "경의·중앙선", "colour": "#6AC2B3"}, "geometry": {"type": "LineString", "coordinates": [[126.784562, 37.6751112], [126.7846637, 37.6749977], [126.7848478, 37.674775], [126.7850531, 37.6744949], [126.7853043, 37.6741335], [126.7858607, 37.6730437], [126.7867036, 37.6716106], [126.7867933, 37.6714556], [126.7874856, 37.6703532], [126.7879917, 37.66951], [126.7886093, 37.6684426], [126.7897926, 37.6663823]]}}, {"type": "Feature", "properties": {"line_ref": "경의·중앙", "line_name": "경의·중앙선", "colour": "#6AC2B3"}, "geometry": {"type": "LineString", "coordinates": [[126.7897926, 37.6663823], [126.7905089, 37.6651286], [126.7925538, 37.6616186], [126.7928001, 37.6612049], [126.7929939, 37.6608677], [126.7930116, 37.6608375], [126.7930333, 37.6608005], [126.7931456, 37.660609]]}}, {"type": "Feature", "properties": {"line_ref": "경의·중앙", "line_name": "경의·중앙선", "colour": "#6AC2B3"}, "geometry": {"type": "LineString", "coordinates": [[126.7931456, 37.660609], [126.793778, 37.6595514], [126.7940942, 37.6590097], [126.7949216, 37.6575978], [126.7950654, 37.6573524], [126.7964094, 37.6549681]]}}, {"type": "Feature", "properties": {"line_ref": "경의·중앙", "line_name": "경의·중앙선", "colour": "#6AC2B3"}, "geometry": {"type": "LineString", "coordinates": [[126.7964094, 37.6549681], [126.7965126, 37.6547912], [126.7973652, 37.6533306], [126.8013676, 37.646546], [126.8021084, 37.645275]]}}, {"type": "Feature", "properties": {"line_ref": "경의·중앙", "line_name": "경의·중앙선", "colour": "#6AC2B3"}, "geometry": {"type": "LineString", "coordinates": [[126.8021084, 37.645275], [126.8021797, 37.6451532], [126.8023266, 37.6449042]]}}, {"type": "Feature", "properties": {"line_ref": "경의·중앙", "line_name": "경의·중앙선", "colour": "#6AC2B3"}, "geometry": {"type": "LineString", "coordinates": [[126.8023266, 37.6449042], [126.8051953, 37.6399713], [126.8070239, 37.6368251], [126.8071416, 37.636622], [126.8073012, 37.6363705], [126.8079356, 37.6354763], [126.8080415, 37.6353116], [126.8081381, 37.635155], [126.8083975, 37.6346991], [126.8087374, 37.634125]]}}, {"type": "Feature", "properties": {"line_ref": "경의·중앙", "line_name": "경의·중앙선", "colour": "#6AC2B3"}, "geometry": {"type": "LineString", "coordinates": [[126.8087374, 37.634125], [126.8103746, 37.6313327], [126.8108009, 37.6306014]]}}, {"type": "Feature", "properties": {"line_ref": "경의·중앙", "line_name": "경의·중앙선", "colour": "#6AC2B3"}, "geometry": {"type": "LineString", "coordinates": [[126.8108009, 37.6306014], [126.8109785, 37.6302933]]}}, {"type": "Feature", "properties": {"line_ref": "경의·중앙", "line_name": "경의·중앙선", "colour": "#6AC2B3"}, "geometry": {"type": "LineString", "coordinates": [[126.8109785, 37.6302933], [126.8110542, 37.6301464], [126.8113482, 37.6295493], [126.8115607, 37.6291669]]}}, {"type": "Feature", "properties": {"line_ref": "경의·중앙", "line_name": "경의·중앙선", "colour": "#6AC2B3"}, "geometry": {"type": "LineString", "coordinates": [[126.8115607, 37.6291669], [126.8140631, 37.6248789], [126.8141955, 37.6246576], [126.8143229, 37.6244563], [126.8144372, 37.6242783], [126.8146116, 37.6240468], [126.8147927, 37.6238221], [126.8149602, 37.6236463], [126.8151751, 37.6234244], [126.8154524, 37.6231715], [126.8168224, 37.6220306]]}}, {"type": "Feature", "properties": {"line_ref": "경의·중앙", "line_name": "경의·중앙선", "colour": "#6AC2B3"}, "geometry": {"type": "LineString", "coordinates": [[126.8168224, 37.6220306], [126.8173353, 37.6216407]]}}, {"type": "Feature", "properties": {"line_ref": "경의·중앙", "line_name": "경의·중앙선", "colour": "#6AC2B3"}, "geometry": {"type": "LineString", "coordinates": [[126.8173353, 37.6216407], [126.8173866, 37.6216021], [126.8181921, 37.6210544], [126.8184873, 37.6208261], [126.8187852, 37.6205835]]}}, {"type": "Feature", "properties": {"line_ref": "경의·중앙", "line_name": "경의·중앙선", "colour": "#6AC2B3"}, "geometry": {"type": "LineString", "coordinates": [[126.8199546, 37.619634], [126.8187852, 37.6205835]]}}, {"type": "Feature", "properties": {"line_ref": "경의·중앙", "line_name": "경의·중앙선", "colour": "#6AC2B3"}, "geometry": {"type": "LineString", "coordinates": [[126.8199546, 37.619634], [126.8213369, 37.6185073], [126.821738, 37.6181807], [126.8222891, 37.6176545], [126.8224217, 37.6175267], [126.8229095, 37.6171075], [126.8233238, 37.6167803], [126.8237015, 37.6164721]]}}, {"type": "Feature", "properties": {"line_ref": "경의·중앙", "line_name": "경의·중앙선", "colour": "#6AC2B3"}, "geometry": {"type": "LineString", "coordinates": [[126.8237015, 37.6164721], [126.8237206, 37.6164563]]}}, {"type": "Feature", "properties": {"line_ref": "경의·중앙", "line_name": "경의·중앙선", "colour": "#6AC2B3"}, "geometry": {"type": "LineString", "coordinates": [[126.8237206, 37.6164563], [126.8242184, 37.6160869]]}}, {"type": "Feature", "properties": {"line_ref": "경의·중앙", "line_name": "경의·중앙선", "colour": "#6AC2B3"}, "geometry": {"type": "LineString", "coordinates": [[126.8242184, 37.6160869], [126.8246523, 37.6157597], [126.8255359, 37.6150301], [126.827112, 37.6137642], [126.8273681, 37.6135813], [126.8275843, 37.6134299], [126.8278161, 37.6132891], [126.8280898, 37.6131343], [126.8283953, 37.6129835], [126.8287235, 37.6128338], [126.8290396, 37.6127087], [126.8293819, 37.6125946], [126.8298011, 37.6124783], [126.8302569, 37.6123765], [126.8305922, 37.6123224], [126.8309597, 37.6122758], [126.8312024, 37.6122576], [126.8315584, 37.6122378], [126.8320053, 37.6122341], [126.8341932, 37.6122614], [126.8436763, 37.61238], [126.8446915, 37.6124295], [126.8455504, 37.6124835], [126.8466696, 37.6125245], [126.847689, 37.6125374], [126.8492861, 37.6125813], [126.8502015, 37.6126035], [126.8508366, 37.6125887], [126.8513409, 37.6125332], [126.8518033, 37.6124408], [126.8523683, 37.6122743], [126.852826, 37.6120856], [126.853335, 37.6118082], [126.8538624, 37.6114413], [126.8539858, 37.6113457]]}}, {"type": "Feature", "properties": {"line_ref": "경의·중앙", "line_name": "경의·중앙선", "colour": "#6AC2B3"}, "geometry": {"type": "LineString", "coordinates": [[126.8539858, 37.6113457], [126.8552116, 37.6103789], [126.8556112, 37.6100814], [126.8560753, 37.6097691]]}}, {"type": "Feature", "properties": {"line_ref": "경의·중앙", "line_name": "경의·중앙선", "colour": "#6AC2B3"}, "geometry": {"type": "LineString", "coordinates": [[126.8560753, 37.6097691], [126.8564628, 37.6095248], [126.8568451, 37.609308], [126.8572715, 37.6090934]]}}, {"type": "Feature", "properties": {"line_ref": "경의·중앙", "line_name": "경의·중앙선", "colour": "#6AC2B3"}, "geometry": {"type": "LineString", "coordinates": [[126.8572715, 37.6090934], [126.8576336, 37.6089255], [126.8588943, 37.6084092]]}}, {"type": "Feature", "properties": {"line_ref": "경의·중앙", "line_name": "경의·중앙선", "colour": "#6AC2B3"}, "geometry": {"type": "LineString", "coordinates": [[126.8588943, 37.6084092], [126.8592617, 37.6082689], [126.8594361, 37.6081946], [126.8604834, 37.6077777], [126.8612665, 37.607459], [126.8624692, 37.6069839], [126.8629098, 37.6067932], [126.8633166, 37.6066008], [126.8637143, 37.6063889], [126.8640123, 37.6062093], [126.8643071, 37.6060228], [126.8645837, 37.6058379], [126.8650975, 37.6054596], [126.8657204, 37.6049856], [126.8661172, 37.6046647], [126.8663674, 37.6044511], [126.8676922, 37.6033463], [126.8684275, 37.6027111], [126.8689497, 37.6022601], [126.8691374, 37.6020979], [126.8703377, 37.6010273], [126.8723872, 37.5992606], [126.8726421, 37.5990409], [126.8729113, 37.5988209], [126.8740143, 37.5979294], [126.8742385, 37.5977386], [126.8757906, 37.596396], [126.8807625, 37.5921124], [126.8820661, 37.5909879]]}}, {"type": "Feature", "properties": {"line_ref": "경의·중앙", "line_name": "경의·중앙선", "colour": "#6AC2B3"}, "geometry": {"type": "LineString", "coordinates": [[126.8820661, 37.5909879], [126.8861038, 37.5875193], [126.8869545, 37.5867813], [126.8870713, 37.586685], [126.8878229, 37.5860497], [126.887904, 37.5859811], [126.8887353, 37.5852785], [126.8890265, 37.5850579], [126.8893072, 37.5848594], [126.8897672, 37.5845504], [126.8904634, 37.584076], [126.8908552, 37.5838074], [126.8939639, 37.5817214], [126.8950443, 37.5809978], [126.8955005, 37.5806886]]}}, {"type": "Feature", "properties": {"line_ref": "경의·중앙", "line_name": "경의·중앙선", "colour": "#6AC2B3"}, "geometry": {"type": "LineString", "coordinates": [[126.8955005, 37.5806886], [126.8963173, 37.580135], [126.8964061, 37.5800748], [126.8980268, 37.578983], [126.8985742, 37.5786142], [126.8993055, 37.5781215], [126.899434, 37.5780349], [126.900855, 37.5770829], [126.9011226, 37.5769036], [126.9013864, 37.5767284], [126.9021402, 37.5762276]]}}, {"type": "Feature", "properties": {"line_ref": "경의·중앙", "line_name": "경의·중앙선", "colour": "#6AC2B3"}, "geometry": {"type": "LineString", "coordinates": [[126.9021402, 37.5762276], [126.9025532, 37.5759277]]}}, {"type": "Feature", "properties": {"line_ref": "경의·중앙", "line_name": "경의·중앙선", "colour": "#6AC2B3"}, "geometry": {"type": "LineString", "coordinates": [[126.9025532, 37.5759277], [126.9026476, 37.5758582], [126.9027853, 37.5757569], [126.903054, 37.5755592], [126.904032, 37.5748151], [126.9051921, 37.5739927]]}}, {"type": "Feature", "properties": {"line_ref": "경의·중앙", "line_name": "경의·중앙선", "colour": "#6AC2B3"}, "geometry": {"type": "LineString", "coordinates": [[126.9051921, 37.5739927], [126.9067691, 37.5728193], [126.9082311, 37.5717004], [126.9088221, 37.5713189], [126.9094308, 37.5710154], [126.9114884, 37.5700846], [126.9149963, 37.5685271]]}}, {"type": "Feature", "properties": {"line_ref": "경의·중앙", "line_name": "경의·중앙선", "colour": "#6AC2B3"}, "geometry": {"type": "LineString", "coordinates": [[126.9149963, 37.5685271], [126.9155556, 37.5682788], [126.9161351, 37.5680215], [126.9181543, 37.5671793], [126.9185384, 37.5670128], [126.9188376, 37.5668409], [126.9191177, 37.5666396], [126.9193645, 37.5664163], [126.9195659, 37.5661975], [126.9212307, 37.5640962], [126.9237682, 37.5609147], [126.9249793, 37.5593848], [126.9255601, 37.5586356], [126.9259288, 37.5582196], [126.9262451, 37.557918], [126.9264621, 37.557739], [126.9267525, 37.5575409], [126.9271637, 37.5573063], [126.9275472, 37.5571216], [126.9278516, 37.5569799], [126.929721, 37.5561099], [126.9301044, 37.5559198], [126.9301173, 37.5559127], [126.9304526, 37.5557281], [126.9307699, 37.5555315], [126.9310257, 37.5553654], [126.931306, 37.5551675], [126.9320808, 37.5546126], [126.9325085, 37.5543062], [126.9331017, 37.5538814], [126.9336139, 37.5535146], [126.9337407, 37.5534191], [126.935758, 37.5519834], [126.93698, 37.5511107], [126.9371926, 37.5509269], [126.9375226, 37.5506544], [126.9377652, 37.5503606], [126.938241, 37.5496863], [126.9391342, 37.5485742], [126.939358, 37.5483079], [126.9396076, 37.5480582], [126.9399327, 37.5477707], [126.9402865, 37.5475002], [126.9404067, 37.5474148], [126.9405134, 37.5473462], [126.9406528, 37.5472638], [126.9407866, 37.5471872], [126.9409733, 37.5470912], [126.941285, 37.5469477], [126.9415103, 37.5468579], [126.9420018, 37.5466728], [126.9422771, 37.5465809], [126.9433449, 37.5462804], [126.9442082, 37.5460368], [126.9444791, 37.5459464], [126.9447661, 37.5458497], [126.9450786, 37.5457348], [126.945375, 37.5456136], [126.9456598, 37.5454961], [126.9459232, 37.5453743], [126.9500242, 37.5435262], [126.9533741, 37.5419764], [126.9540419, 37.5416674], [126.9545607, 37.5414287], [126.9550287, 37.5412015], [126.9554653, 37.5409527], [126.9563109, 37.540441], [126.956634, 37.5402577], [126.9568639, 37.5401404], [126.9572035, 37.5399947], [126.9576203, 37.5398359], [126.9582, 37.5396628], [126.9600686, 37.5392194], [126.9635452, 37.5383603], [126.963941, 37.5382625]]}}, {"type": "Feature", "properties": {"line_ref": "경의·중앙", "line_name": "경의·중앙선", "colour": "#6AC2B3"}, "geometry": {"type": "LineString", "coordinates": [[126.963941, 37.5382625], [126.9649067, 37.5380239], [126.9654836, 37.5378723], [126.9662198, 37.5376254], [126.9667365, 37.5373812], [126.9671293, 37.5371389], [126.9673957, 37.536922], [126.967445, 37.5368758]]}}, {"type": "Feature", "properties": {"line_ref": "경의·중앙", "line_name": "경의·중앙선", "colour": "#6AC2B3"}, "geometry": {"type": "LineString", "coordinates": [[126.967445, 37.5368758], [126.9683565, 37.5358862]]}}, {"type": "Feature", "properties": {"line_ref": "경의·중앙", "line_name": "경의·중앙선", "colour": "#6AC2B3"}, "geometry": {"type": "LineString", "coordinates": [[126.9683565, 37.5358862], [126.9686763, 37.5354703], [126.9688325, 37.5352582]]}}, {"type": "Feature", "properties": {"line_ref": "경의·중앙", "line_name": "경의·중앙선", "colour": "#6AC2B3"}, "geometry": {"type": "LineString", "coordinates": [[126.9688325, 37.5352582], [126.9688995, 37.53516]]}}, {"type": "Feature", "properties": {"line_ref": "경의·중앙", "line_name": "경의·중앙선", "colour": "#6AC2B3"}, "geometry": {"type": "LineString", "coordinates": [[126.9688995, 37.53516], [126.9689967, 37.5350018], [126.9691001, 37.5348025]]}}, {"type": "Feature", "properties": {"line_ref": "경의·중앙", "line_name": "경의·중앙선", "colour": "#6AC2B3"}, "geometry": {"type": "LineString", "coordinates": [[126.9691001, 37.5348025], [126.969146, 37.5346661], [126.9691973, 37.5345222], [126.9692336, 37.5343713], [126.9692618, 37.5342121], [126.9692777, 37.5340496], [126.9692875, 37.5338614], [126.9692729, 37.5336242], [126.9692312, 37.5333949], [126.9692232, 37.5333672], [126.96915, 37.5331259], [126.9690914, 37.5329582], [126.9690478, 37.5328512]]}}, {"type": "Feature", "properties": {"line_ref": "경의·중앙", "line_name": "경의·중앙선", "colour": "#6AC2B3"}, "geometry": {"type": "LineString", "coordinates": [[126.9690478, 37.5328512], [126.968973, 37.5327021], [126.9688317, 37.5324957], [126.9686248, 37.5322466], [126.9684392, 37.5320474], [126.9682568, 37.5318903], [126.9681214, 37.5317841], [126.9679328, 37.5316531], [126.9678066, 37.5315633]]}}, {"type": "Feature", "properties": {"line_ref": "경의·중앙", "line_name": "경의·중앙선", "colour": "#6AC2B3"}, "geometry": {"type": "LineString", "coordinates": [[126.9678066, 37.5315633], [126.9676414, 37.5314469], [126.9673444, 37.5312068], [126.9672215, 37.5310948]]}}, {"type": "Feature", "properties": {"line_ref": "경의·중앙", "line_name": "경의·중앙선", "colour": "#6AC2B3"}, "geometry": {"type": "LineString", "coordinates": [[126.9672215, 37.5310948], [126.9664636, 37.5305439]]}}, {"type": "Feature", "properties": {"line_ref": "경의·중앙", "line_name": "경의·중앙선", "colour": "#6AC2B3"}, "geometry": {"type": "LineString", "coordinates": [[126.9664636, 37.5305439], [126.964905, 37.5294275], [126.9636297, 37.5285081]]}}, {"type": "Feature", "properties": {"line_ref": "경의·중앙", "line_name": "경의·중앙선", "colour": "#6AC2B3"}, "geometry": {"type": "LineString", "coordinates": [[126.9636297, 37.5285081], [126.9635296, 37.5284315], [126.9634781, 37.5284003]]}}, {"type": "Feature", "properties": {"line_ref": "경의·중앙", "line_name": "경의·중앙선", "colour": "#6AC2B3"}, "geometry": {"type": "LineString", "coordinates": [[126.9634781, 37.5284003], [126.9634266, 37.528369], [126.9633041, 37.5283021], [126.9631175, 37.5281984]]}}, {"type": "Feature", "properties": {"line_ref": "경의·중앙", "line_name": "경의·중앙선", "colour": "#6AC2B3"}, "geometry": {"type": "LineString", "coordinates": [[126.9631175, 37.5281984], [126.9629165, 37.5281125]]}}, {"type": "Feature", "properties": {"line_ref": "경의·중앙", "line_name": "경의·중앙선", "colour": "#6AC2B3"}, "geometry": {"type": "LineString", "coordinates": [[126.9629165, 37.5281125], [126.9627006, 37.5279874], [126.9624202, 37.5277968], [126.9622844, 37.5277045], [126.9621119, 37.5275891], [126.9618587, 37.5274104], [126.9616676, 37.5272538], [126.9614765, 37.5270803], [126.9613108, 37.5268825], [126.9612569, 37.5268073], [126.9612052, 37.5267445], [126.9611753, 37.526699], [126.9610446, 37.5264891], [126.9609966, 37.5263968], [126.9609488, 37.5263042], [126.9609309, 37.526264], [126.9608376, 37.5260144], [126.9607792, 37.5257533], [126.9607654, 37.5255056], [126.9607623, 37.5253146], [126.9607826, 37.5251139], [126.9608003, 37.5250349], [126.960854, 37.5247584], [126.9609162, 37.5245179], [126.9609621, 37.5243869], [126.961012, 37.5242443], [126.9610552, 37.5241235], [126.9611393, 37.5239487], [126.9612947, 37.5236842], [126.9614406, 37.5235027], [126.9615634, 37.5233415], [126.9617504, 37.5231579], [126.9618073, 37.523109]]}}, {"type": "Feature", "properties": {"line_ref": "경의·중앙", "line_name": "경의·중앙선", "colour": "#6AC2B3"}, "geometry": {"type": "LineString", "coordinates": [[126.9618073, 37.523109], [126.9618491, 37.5230654], [126.9620759, 37.5228874], [126.9623505, 37.5227113]]}}, {"type": "Feature", "properties": {"line_ref": "경의·중앙", "line_name": "경의·중앙선", "colour": "#6AC2B3"}, "geometry": {"type": "LineString", "coordinates": [[126.9623505, 37.5227113], [126.9625783, 37.5226006], [126.9627589, 37.5225266], [126.9629914, 37.5224284], [126.9631843, 37.5223634], [126.9636373, 37.5222602], [126.9639156, 37.5222083], [126.9641848, 37.5221631], [126.9644369, 37.5221371], [126.9646801, 37.5221225], [126.9654258, 37.5221204], [126.9657826, 37.5221496], [126.9660212, 37.522163], [126.9662626, 37.5222012], [126.9675323, 37.5224215], [126.9688932, 37.5226759], [126.9693831, 37.5227639], [126.9697498, 37.5228201], [126.9701195, 37.5228629], [126.9704553, 37.5228873], [126.9708266, 37.5228971], [126.9711371, 37.522894], [126.9714027, 37.5228777], [126.9717758, 37.5228328], [126.9718672, 37.5228169], [126.9722568, 37.5227489], [126.9724858, 37.5227006], [126.9727204, 37.5226454], [126.9729416, 37.5225851], [126.9734408, 37.5224385], [126.9739881, 37.5222635], [126.9755627, 37.5217599], [126.9761107, 37.5215869], [126.9767083, 37.5213886], [126.9771759, 37.5212355], [126.9778019, 37.5210388], [126.980168, 37.5202907], [126.9822209, 37.5196754], [126.9824041, 37.5196263], [126.9825391, 37.5195949], [126.9827425, 37.5195577], [126.9830087, 37.5195157], [126.9832877, 37.5194875], [126.9835586, 37.5194704], [126.9836712, 37.5194646], [126.9839743, 37.5194546], [126.9840722, 37.519454], [126.984364, 37.5194614], [126.9846974, 37.5194726], [126.9851995, 37.5194872], [126.9855471, 37.5194933], [126.9857443, 37.5194968], [126.9868297, 37.5195404], [126.9892394, 37.5196341], [126.9898117, 37.5196563], [126.9906939, 37.5196901], [126.991511, 37.5197175], [126.9921818, 37.5197353], [126.9923567, 37.5197385], [126.9928033, 37.5197543], [126.9931203, 37.5197723], [126.9934653, 37.5197947], [126.9937581, 37.5198237], [126.9942351, 37.5198986], [126.9944068, 37.5199323], [126.9947005, 37.5200053], [126.9949394, 37.5200783], [126.9951871, 37.5201709], [126.999397, 37.521879], [126.9998842, 37.5220874], [127.0002098, 37.5222474], [127.0004584, 37.5223884], [127.0006385, 37.5225053], [127.0008114, 37.5226305], [127.0012397, 37.5229968], [127.0013902, 37.52314], [127.0014893, 37.5232411], [127.0015441, 37.5233], [127.0016662, 37.5234446], [127.0017883, 37.5236186], [127.002413, 37.5246614], [127.0025013, 37.524796], [127.0028279, 37.5252538], [127.0029621, 37.5254191], [127.0031484, 37.525621], [127.0033372, 37.5258082], [127.0035461, 37.5259991], [127.0038131, 37.5262163], [127.0066902, 37.5282974], [127.0069799, 37.5284772], [127.007232, 37.5286239], [127.0074613, 37.5287516], [127.0077644, 37.5288952], [127.0080691, 37.5290218], [127.0099115, 37.529707], [127.0101412, 37.5298013], [127.0102799, 37.5298631], [127.0104271, 37.5299359], [127.0105329, 37.5299929], [127.0106333, 37.5300523], [127.0108125, 37.5301648], [127.0110151, 37.5303039], [127.0112082, 37.530455], [127.0113758, 37.530606], [127.0115305, 37.5307562], [127.0117197, 37.5309596], [127.0119154, 37.5311924], [127.012114, 37.5314708], [127.0130135, 37.5329581], [127.013787, 37.5342109], [127.0162591, 37.5382222], [127.0164978, 37.5385944], [127.0166963, 37.5388772], [127.0169001, 37.5391388], [127.0171133, 37.5393568], [127.0173247, 37.5395406]]}}, {"type": "Feature", "properties": {"line_ref": "경의·중앙", "line_name": "경의·중앙선", "colour": "#6AC2B3"}, "geometry": {"type": "LineString", "coordinates": [[127.0173247, 37.5395406], [127.0175382, 37.5397203], [127.0177475, 37.5398823], [127.0180037, 37.540058], [127.0187021, 37.5405023], [127.019613, 37.5410818], [127.0197518, 37.5411701], [127.0204816, 37.5416343]]}}, {"type": "Feature", "properties": {"line_ref": "경의·중앙", "line_name": "경의·중앙선", "colour": "#6AC2B3"}, "geometry": {"type": "LineString", "coordinates": [[127.0204816, 37.5416343], [127.0210792, 37.5420195], [127.0213516, 37.5422081], [127.0215996, 37.5423789], [127.0218679, 37.5425707], [127.0237786, 37.5439939], [127.023986, 37.5441422], [127.0242609, 37.5443106], [127.0245719, 37.5444766], [127.02495, 37.5446426], [127.0253667, 37.5447908], [127.0257945, 37.5449158], [127.0277263, 37.5455143], [127.028251, 37.5457039], [127.0286207, 37.5458541], [127.0288434, 37.5459458], [127.0290455, 37.5460429], [127.029599, 37.5463085], [127.0300847, 37.5465457], [127.0316944, 37.5473318], [127.032027, 37.547503], [127.0324011, 37.5477093], [127.0326372, 37.5478571], [127.032837, 37.5479975], [127.0330301, 37.5481421], [127.0332286, 37.5483165], [127.0334029, 37.5484902], [127.0336365, 37.5487483], [127.0338029, 37.5489588], [127.0339338, 37.5491496], [127.0341126, 37.5494105], [127.0347938, 37.5504137], [127.0349018, 37.5505539], [127.0349918, 37.5506686], [127.0350557, 37.5507335], [127.0352239, 37.5509131], [127.0355406, 37.551226], [127.0356486, 37.5513158], [127.035845, 37.5514617], [127.0361394, 37.5516597], [127.0373479, 37.5524089], [127.0378865, 37.5527554], [127.0381488, 37.5529504], [127.0384008, 37.5531647], [127.0385888, 37.5533609], [127.0386897, 37.5534689], [127.0389351, 37.5537777], [127.039019, 37.553893], [127.039104, 37.5540258], [127.0391823, 37.5541659], [127.0392607, 37.5543139], [127.0393309, 37.5544732], [127.0393905, 37.5546346], [127.039449, 37.55484], [127.0394742, 37.5549432], [127.0395117, 37.5551587], [127.0395302, 37.5553558], [127.0395373, 37.5554771], [127.03954, 37.5555851], [127.0395317, 37.5557868], [127.0395323, 37.5558377], [127.0395083, 37.5560242], [127.0394853, 37.5561969], [127.0394107, 37.5565837], [127.0392525, 37.557331], [127.0391336, 37.5579149], [127.0390177, 37.5585005], [127.0389711, 37.5587398], [127.038909, 37.5590493], [127.0388556, 37.5593149], [127.0388113, 37.5595357], [127.038767, 37.5597565], [127.0387227, 37.5599547], [127.0386785, 37.560153]]}}, {"type": "Feature", "properties": {"line_ref": "경의·중앙", "line_name": "경의·중앙선", "colour": "#6AC2B3"}, "geometry": {"type": "LineString", "coordinates": [[127.0386785, 37.560153], [127.0384326, 37.5613457], [127.0381624, 37.562709]]}}, {"type": "Feature", "properties": {"line_ref": "경의·중앙", "line_name": "경의·중앙선", "colour": "#6AC2B3"}, "geometry": {"type": "LineString", "coordinates": [[127.0381624, 37.562709], [127.0381453, 37.5627934], [127.0380921, 37.5631312], [127.0380469, 37.5633746], [127.0379149, 37.5640287], [127.0378378, 37.5644417]]}}, {"type": "Feature", "properties": {"line_ref": "경의·중앙", "line_name": "경의·중앙선", "colour": "#6AC2B3"}, "geometry": {"type": "LineString", "coordinates": [[127.0378378, 37.5644417], [127.0376877, 37.5652353], [127.0376374, 37.5655746]]}}, {"type": "Feature", "properties": {"line_ref": "경의·중앙", "line_name": "경의·중앙선", "colour": "#6AC2B3"}, "geometry": {"type": "LineString", "coordinates": [[127.0376374, 37.5655746], [127.0376321, 37.5656474], [127.0376245, 37.5657515]]}}, {"type": "Feature", "properties": {"line_ref": "경의·중앙", "line_name": "경의·중앙선", "colour": "#6AC2B3"}, "geometry": {"type": "LineString", "coordinates": [[127.0376245, 37.5657515], [127.0376342, 37.566105]]}}, {"type": "Feature", "properties": {"line_ref": "경의·중앙", "line_name": "경의·중앙선", "colour": "#6AC2B3"}, "geometry": {"type": "LineString", "coordinates": [[127.0376342, 37.566105], [127.0376359, 37.5661638], [127.0376652, 37.5663673], [127.0377306, 37.5666605], [127.037835, 37.5669718], [127.0379288, 37.567185], [127.0380067, 37.5673274], [127.0380987, 37.5674782], [127.038235, 37.5676802], [127.0383995, 37.567906], [127.0386013, 37.5681711], [127.0386851, 37.5682791], [127.0392134, 37.5689603]]}}, {"type": "Feature", "properties": {"line_ref": "경의·중앙", "line_name": "경의·중앙선", "colour": "#6AC2B3"}, "geometry": {"type": "LineString", "coordinates": [[127.0392134, 37.5689603], [127.0397491, 37.569651]]}}, {"type": "Feature", "properties": {"line_ref": "경의·중앙", "line_name": "경의·중앙선", "colour": "#6AC2B3"}, "geometry": {"type": "LineString", "coordinates": [[127.0397491, 37.569651], [127.0398006, 37.569717], [127.0398354, 37.5697616]]}}, {"type": "Feature", "properties": {"line_ref": "경의·중앙", "line_name": "경의·중앙선", "colour": "#6AC2B3"}, "geometry": {"type": "LineString", "coordinates": [[127.0398354, 37.5697616], [127.0399985, 37.5699753], [127.0400796, 37.5700816], [127.040333, 37.5704136], [127.0408413, 37.5710559], [127.0410539, 37.571344]]}}, {"type": "Feature", "properties": {"line_ref": "경의·중앙", "line_name": "경의·중앙선", "colour": "#6AC2B3"}, "geometry": {"type": "LineString", "coordinates": [[127.0410539, 37.571344], [127.04155, 37.5719948], [127.0417256, 37.5722232], [127.0417951, 37.5723132]]}}, {"type": "Feature", "properties": {"line_ref": "경의·중앙", "line_name": "경의·중앙선", "colour": "#6AC2B3"}, "geometry": {"type": "LineString", "coordinates": [[127.0417951, 37.5723132], [127.0419382, 37.5724989]]}}, {"type": "Feature", "properties": {"line_ref": "경의·중앙", "line_name": "경의·중앙선", "colour": "#6AC2B3"}, "geometry": {"type": "LineString", "coordinates": [[127.0419382, 37.5724989], [127.0422631, 37.5729145], [127.0422703, 37.5729237], [127.0423391, 37.5730117]]}}, {"type": "Feature", "properties": {"line_ref": "경의·중앙", "line_name": "경의·중앙선", "colour": "#6AC2B3"}, "geometry": {"type": "LineString", "coordinates": [[127.0423391, 37.5730117], [127.0432588, 37.5742246], [127.0443478, 37.5756489], [127.0444732, 37.5758128]]}}, {"type": "Feature", "properties": {"line_ref": "경의·중앙", "line_name": "경의·중앙선", "colour": "#6AC2B3"}, "geometry": {"type": "LineString", "coordinates": [[127.0444732, 37.5758128], [127.0444942, 37.57584], [127.0448857, 37.576348]]}}, {"type": "Feature", "properties": {"line_ref": "경의·중앙", "line_name": "경의·중앙선", "colour": "#6AC2B3"}, "geometry": {"type": "LineString", "coordinates": [[127.0448857, 37.576348], [127.0449909, 37.5764846]]}}, {"type": "Feature", "properties": {"line_ref": "경의·중앙", "line_name": "경의·중앙선", "colour": "#6AC2B3"}, "geometry": {"type": "LineString", "coordinates": [[127.0449909, 37.5764846], [127.0461116, 37.5779463]]}}, {"type": "Feature", "properties": {"line_ref": "경의·중앙", "line_name": "경의·중앙선", "colour": "#6AC2B3"}, "geometry": {"type": "LineString", "coordinates": [[127.0473498, 37.5795832], [127.0473115, 37.5795329], [127.0470511, 37.5791768], [127.0461116, 37.5779463]]}}, {"type": "Feature", "properties": {"line_ref": "경의·중앙", "line_name": "경의·중앙선", "colour": "#6AC2B3"}, "geometry": {"type": "LineString", "coordinates": [[127.0491577, 37.5819581], [127.0481704, 37.58067], [127.0481286, 37.5806164], [127.0480997, 37.5805794], [127.0476434, 37.5799689], [127.0473498, 37.5795832]]}}, {"type": "Feature", "properties": {"line_ref": "경의·중앙", "line_name": "경의·중앙선", "colour": "#6AC2B3"}, "geometry": {"type": "LineString", "coordinates": [[127.0494336, 37.5822714], [127.049177, 37.5819873], [127.0491577, 37.5819581]]}}, {"type": "Feature", "properties": {"line_ref": "경의·중앙", "line_name": "경의·중앙선", "colour": "#6AC2B3"}, "geometry": {"type": "LineString", "coordinates": [[127.0498588, 37.5827935], [127.049714, 37.5826077], [127.0494336, 37.5822714]]}}, {"type": "Feature", "properties": {"line_ref": "경의·중앙", "line_name": "경의·중앙선", "colour": "#6AC2B3"}, "geometry": {"type": "LineString", "coordinates": [[127.0504226, 37.5835104], [127.050311, 37.5833697], [127.0501481, 37.5831644], [127.0501126, 37.5831177], [127.04999, 37.5829564], [127.0498588, 37.5827935]]}}, {"type": "Feature", "properties": {"line_ref": "경의·중앙", "line_name": "경의·중앙선", "colour": "#6AC2B3"}, "geometry": {"type": "LineString", "coordinates": [[127.0506756, 37.5838337], [127.0504705, 37.5835716], [127.0504226, 37.5835104]]}}, {"type": "Feature", "properties": {"line_ref": "경의·중앙", "line_name": "경의·중앙선", "colour": "#6AC2B3"}, "geometry": {"type": "LineString", "coordinates": [[127.0506756, 37.5838337], [127.0508018, 37.5840014]]}}, {"type": "Feature", "properties": {"line_ref": "경의·중앙", "line_name": "경의·중앙선", "colour": "#6AC2B3"}, "geometry": {"type": "LineString", "coordinates": [[127.0508018, 37.5840014], [127.0508672, 37.584085], [127.0510362, 37.5843008], [127.0511681, 37.5844656]]}}, {"type": "Feature", "properties": {"line_ref": "경의·중앙", "line_name": "경의·중앙선", "colour": "#6AC2B3"}, "geometry": {"type": "LineString", "coordinates": [[127.0511681, 37.5844656], [127.051176, 37.5844754], [127.0512676, 37.58459]]}}, {"type": "Feature", "properties": {"line_ref": "경의·중앙", "line_name": "경의·중앙선", "colour": "#6AC2B3"}, "geometry": {"type": "LineString", "coordinates": [[127.0512676, 37.58459], [127.0513752, 37.5847289], [127.0515308, 37.5849266], [127.0516234, 37.5850518]]}}, {"type": "Feature", "properties": {"line_ref": "경의·중앙", "line_name": "경의·중앙선", "colour": "#6AC2B3"}, "geometry": {"type": "LineString", "coordinates": [[127.0516234, 37.5850518], [127.0516352, 37.585067], [127.0517732, 37.5852451], [127.0520845, 37.5856342], [127.0523925, 37.5860029], [127.0526172, 37.5862503], [127.0528909, 37.5865248], [127.0531888, 37.5867944], [127.0534813, 37.5870511], [127.0537994, 37.5872983], [127.0541163, 37.5875258], [127.0544489, 37.5877451], [127.0548684, 37.5880027], [127.054895, 37.588018], [127.0549244, 37.5880371], [127.0553208, 37.5882746], [127.0557061, 37.5884772], [127.0560812, 37.5886745], [127.0564598, 37.5888746], [127.0570201, 37.5891597], [127.0573372, 37.5893232], [127.0583976, 37.5898882], [127.0587448, 37.5900905], [127.058828, 37.5901312], [127.0589848, 37.5902114], [127.0593683, 37.5904165], [127.059747, 37.590619], [127.0601744, 37.5908439], [127.060629, 37.5910847], [127.0607188, 37.5911344]]}}, {"type": "Feature", "properties": {"line_ref": "경의·중앙", "line_name": "경의·중앙선", "colour": "#6AC2B3"}, "geometry": {"type": "LineString", "coordinates": [[127.0607188, 37.5911344], [127.061033, 37.5913117], [127.0614389, 37.5914998], [127.0618004, 37.5916615], [127.0622327, 37.5918419], [127.0625967, 37.5919637], [127.0629746, 37.5920757], [127.0630277, 37.5920895]]}}, {"type": "Feature", "properties": {"line_ref": "경의·중앙", "line_name": "경의·중앙선", "colour": "#6AC2B3"}, "geometry": {"type": "LineString", "coordinates": [[127.0630277, 37.5920895], [127.0634202, 37.5921905], [127.0639165, 37.5923015], [127.0643968, 37.5924058], [127.0648946, 37.5925184], [127.0654056, 37.5926276], [127.0658781, 37.5927283], [127.0664019, 37.592845], [127.0669065, 37.5929581], [127.0674227, 37.5930717], [127.0679217, 37.5931803], [127.0684104, 37.5932877]]}}, {"type": "Feature", "properties": {"line_ref": "경의·중앙", "line_name": "경의·중앙선", "colour": "#6AC2B3"}, "geometry": {"type": "LineString", "coordinates": [[127.0684104, 37.5932877], [127.0684224, 37.5932903], [127.068466, 37.5933]]}}, {"type": "Feature", "properties": {"line_ref": "경의·중앙", "line_name": "경의·중앙선", "colour": "#6AC2B3"}, "geometry": {"type": "LineString", "coordinates": [[127.068466, 37.5933], [127.0688938, 37.5933928], [127.0694139, 37.5935108], [127.0698172, 37.593593], [127.0702109, 37.5936744], [127.0706146, 37.5937638], [127.0711158, 37.5938705], [127.0716156, 37.5939824], [127.0721291, 37.5940931], [127.0726527, 37.5942056]]}}, {"type": "Feature", "properties": {"line_ref": "경의·중앙", "line_name": "경의·중앙선", "colour": "#6AC2B3"}, "geometry": {"type": "LineString", "coordinates": [[127.0726527, 37.5942056], [127.073069, 37.5942942], [127.0735104, 37.594392], [127.0739527, 37.5944862]]}}, {"type": "Feature", "properties": {"line_ref": "경의·중앙", "line_name": "경의·중앙선", "colour": "#6AC2B3"}, "geometry": {"type": "LineString", "coordinates": [[127.0739527, 37.5944862], [127.0742, 37.5945412], [127.0742108, 37.5945436]]}}, {"type": "Feature", "properties": {"line_ref": "경의·중앙", "line_name": "경의·중앙선", "colour": "#6AC2B3"}, "geometry": {"type": "LineString", "coordinates": [[127.0742108, 37.5945436], [127.0744886, 37.594621], [127.0748932, 37.5947311], [127.0771185, 37.595224], [127.0773788, 37.5952742], [127.0778491, 37.5953684], [127.0783521, 37.5954633], [127.0788433, 37.5955306]]}}, {"type": "Feature", "properties": {"line_ref": "경의·중앙", "line_name": "경의·중앙선", "colour": "#6AC2B3"}, "geometry": {"type": "LineString", "coordinates": [[127.0788433, 37.5955306], [127.0788842, 37.5955377], [127.0793837, 37.5956353], [127.0796183, 37.5956827], [127.0800603, 37.5957716], [127.0806091, 37.5958841]]}}, {"type": "Feature", "properties": {"line_ref": "경의·중앙", "line_name": "경의·중앙선", "colour": "#6AC2B3"}, "geometry": {"type": "LineString", "coordinates": [[127.0806091, 37.5958841], [127.080641, 37.5958901], [127.0810399, 37.595965], [127.0813239, 37.5960198]]}}, {"type": "Feature", "properties": {"line_ref": "경의·중앙", "line_name": "경의·중앙선", "colour": "#6AC2B3"}, "geometry": {"type": "LineString", "coordinates": [[127.0813239, 37.5960198], [127.0815027, 37.5960501], [127.0818236, 37.596112], [127.0821599, 37.5961777], [127.0822302, 37.5961908]]}}, {"type": "Feature", "properties": {"line_ref": "경의·중앙", "line_name": "경의·중앙선", "colour": "#6AC2B3"}, "geometry": {"type": "LineString", "coordinates": [[127.0822302, 37.5961908], [127.0824338, 37.5962267]]}}, {"type": "Feature", "properties": {"line_ref": "경의·중앙", "line_name": "경의·중앙선", "colour": "#6AC2B3"}, "geometry": {"type": "LineString", "coordinates": [[127.0824338, 37.5962267], [127.0825314, 37.596244], [127.0829839, 37.5963284], [127.0832873, 37.5963826], [127.0836306, 37.5964522], [127.0839799, 37.5965237], [127.0843555, 37.5966043], [127.0852802, 37.5968138], [127.0857179, 37.5969265], [127.0860245, 37.5970179], [127.0861065, 37.5970436], [127.086567, 37.5971822], [127.086911, 37.5973013], [127.0871675, 37.5973839], [127.0874408, 37.5974869], [127.0877517, 37.5976012], [127.0877966, 37.5976221]]}}, {"type": "Feature", "properties": {"line_ref": "경의·중앙", "line_name": "경의·중앙선", "colour": "#6AC2B3"}, "geometry": {"type": "LineString", "coordinates": [[127.0877966, 37.5976221], [127.0881085, 37.5977402], [127.0884655, 37.5978753], [127.0888239, 37.5980098], [127.0891729, 37.5981417], [127.0893825, 37.5982202], [127.0896517, 37.5983247], [127.0900812, 37.598483], [127.0905939, 37.5986793], [127.0910942, 37.5988614]]}}, {"type": "Feature", "properties": {"line_ref": "경의·중앙", "line_name": "경의·중앙선", "colour": "#6AC2B3"}, "geometry": {"type": "LineString", "coordinates": [[127.0910942, 37.5988614], [127.0916122, 37.5990519], [127.0931144, 37.599636], [127.0931647, 37.5996557], [127.0935147, 37.5997932], [127.093899, 37.59996], [127.0942533, 37.6001193], [127.0945681, 37.6002563], [127.0946306, 37.6002838], [127.095004, 37.6004432], [127.0954104, 37.6006092], [127.0957203, 37.6007282], [127.0957396, 37.6007332], [127.0964678, 37.6010108], [127.0967529, 37.6011171], [127.0970409, 37.6012245], [127.0973046, 37.6013216], [127.0975212, 37.6014081], [127.0977342, 37.6014923], [127.0979385, 37.6015731], [127.0979753, 37.6015862], [127.0982927, 37.6016992], [127.098343, 37.6017223]]}}, {"type": "Feature", "properties": {"line_ref": "경의·중앙", "line_name": "경의·중앙선", "colour": "#6AC2B3"}, "geometry": {"type": "LineString", "coordinates": [[127.098343, 37.6017223], [127.0985609, 37.601804], [127.0988583, 37.6019145], [127.0990686, 37.6019938], [127.0995213, 37.602171], [127.0999836, 37.6023502], [127.1002033, 37.6024418], [127.1003999, 37.6025411], [127.1006884, 37.6026872], [127.1009404, 37.6028319], [127.1012527, 37.6030282], [127.1015517, 37.603241], [127.101908, 37.6035313], [127.1022028, 37.6037889], [127.102469, 37.6040414], [127.1028274, 37.6043737], [127.1030936, 37.6046135], [127.103415, 37.6048693], [127.1037438, 37.6051146], [127.1040514, 37.6053057], [127.1043559, 37.6054757], [127.1046849, 37.6056334], [127.1050326, 37.6057848], [127.1054524, 37.6059383], [127.1058682, 37.6060696], [127.1063408, 37.6062048], [127.1068869, 37.6063629], [127.1074132, 37.6065012], [127.1083037, 37.6067352], [127.1087021, 37.6068275], [127.1089835, 37.6068926], [127.1092545, 37.6069588], [127.1097561, 37.6070575], [127.1102517, 37.6071532], [127.1108001, 37.6072379], [127.1113825, 37.6073221], [127.1119359, 37.60738], [127.1124943, 37.6074365], [127.1130142, 37.607476], [127.1134895, 37.6075056], [127.1137479, 37.6075215]]}}, {"type": "Feature", "properties": {"line_ref": "경의·중앙", "line_name": "경의·중앙선", "colour": "#6AC2B3"}, "geometry": {"type": "LineString", "coordinates": [[127.1137479, 37.6075215], [127.1147189, 37.607511], [127.1159606, 37.6074757], [127.1173257, 37.6074138], [127.1186638, 37.6073034], [127.1199929, 37.6071169], [127.1215333, 37.6068159], [127.1229567, 37.6064641], [127.1313446, 37.6039796]]}}, {"type": "Feature", "properties": {"line_ref": "경의·중앙", "line_name": "경의·중앙선", "colour": "#6AC2B3"}, "geometry": {"type": "LineString", "coordinates": [[127.1313446, 37.6039796], [127.1315859, 37.6039106], [127.132007, 37.6037805], [127.1321532, 37.6037404]]}}, {"type": "Feature", "properties": {"line_ref": "경의·중앙", "line_name": "경의·중앙선", "colour": "#6AC2B3"}, "geometry": {"type": "LineString", "coordinates": [[127.1321532, 37.6037404], [127.1324223, 37.6036521], [127.1328937, 37.603506], [127.1332801, 37.6033973], [127.133762, 37.6032552], [127.1342509, 37.6031148], [127.1347511, 37.6029688], [127.1349862, 37.6029073], [127.1353229, 37.6028065], [127.1358307, 37.6026805], [127.1363178, 37.6025549], [127.1368208, 37.6024559], [127.1370827, 37.6024136], [127.1373185, 37.6023852], [127.1375537, 37.6023728], [127.1378328, 37.6023502], [127.1380886, 37.6023412], [127.1383615, 37.602341], [127.1386363, 37.6023515], [127.1388746, 37.6023708], [127.1391286, 37.6023942], [127.1394027, 37.6024271], [127.1399, 37.6025112], [127.1404069, 37.602613], [127.1408802, 37.6027144]]}}, {"type": "Feature", "properties": {"line_ref": "경의·중앙", "line_name": "경의·중앙선", "colour": "#6AC2B3"}, "geometry": {"type": "LineString", "coordinates": [[127.1408802, 37.6027144], [127.1411262, 37.6027773], [127.1412347, 37.602805]]}}, {"type": "Feature", "properties": {"line_ref": "경의·중앙", "line_name": "경의·중앙선", "colour": "#6AC2B3"}, "geometry": {"type": "LineString", "coordinates": [[127.1412347, 37.602805], [127.1413827, 37.6028475], [127.1416197, 37.6029157], [127.1418645, 37.6029849], [127.1428925, 37.6032246]]}}, {"type": "Feature", "properties": {"line_ref": "경의·중앙", "line_name": "경의·중앙선", "colour": "#6AC2B3"}, "geometry": {"type": "LineString", "coordinates": [[127.1428925, 37.6032246], [127.144358, 37.6035577], [127.1444927, 37.6035899], [127.1446963, 37.6036289], [127.144896, 37.6036664], [127.1452666, 37.6037279]]}}, {"type": "Feature", "properties": {"line_ref": "경의·중앙", "line_name": "경의·중앙선", "colour": "#6AC2B3"}, "geometry": {"type": "LineString", "coordinates": [[127.1452666, 37.6037279], [127.145359, 37.6037483], [127.145802, 37.6038473], [127.1458907, 37.6038679], [127.1459976, 37.6038927], [127.1461105, 37.6039189], [127.1462804, 37.6039583], [127.1467893, 37.6040764], [127.1472904, 37.6041895], [127.1474718, 37.6042329]]}}, {"type": "Feature", "properties": {"line_ref": "경의·중앙", "line_name": "경의·중앙선", "colour": "#6AC2B3"}, "geometry": {"type": "LineString", "coordinates": [[127.1474718, 37.6042329], [127.1477524, 37.6042956], [127.1480817, 37.6043693], [127.1483961, 37.6044394], [127.1487107, 37.6045059], [127.1490285, 37.6045797], [127.1493384, 37.6046517], [127.1503575, 37.6048885]]}}, {"type": "Feature", "properties": {"line_ref": "경의·중앙", "line_name": "경의·중앙선", "colour": "#6AC2B3"}, "geometry": {"type": "LineString", "coordinates": [[127.1503575, 37.6048885], [127.1504623, 37.6049134], [127.1509551, 37.6050307], [127.1514964, 37.6051508], [127.1520244, 37.6052747], [127.1525982, 37.6054046], [127.1529965, 37.6054934]]}}, {"type": "Feature", "properties": {"line_ref": "경의·중앙", "line_name": "경의·중앙선", "colour": "#6AC2B3"}, "geometry": {"type": "LineString", "coordinates": [[127.1529965, 37.6054934], [127.153367, 37.6055791]]}}, {"type": "Feature", "properties": {"line_ref": "경의·중앙", "line_name": "경의·중앙선", "colour": "#6AC2B3"}, "geometry": {"type": "LineString", "coordinates": [[127.153367, 37.6055791], [127.1537488, 37.6056884], [127.1543335, 37.6058619], [127.1547454, 37.6060075], [127.1550908, 37.6061362], [127.1554611, 37.6062989], [127.1559307, 37.6065051], [127.1562329, 37.6066362], [127.1564853, 37.6067457], [127.1565921, 37.6067898], [127.1567232, 37.6068519], [127.1569049, 37.6069306]]}}, {"type": "Feature", "properties": {"line_ref": "경의·중앙", "line_name": "경의·중앙선", "colour": "#6AC2B3"}, "geometry": {"type": "LineString", "coordinates": [[127.1569049, 37.6069306], [127.1571329, 37.6070306], [127.1574186, 37.607156], [127.1576756, 37.6072621], [127.1579756, 37.6073995], [127.1583365, 37.6075539], [127.158715, 37.6077246], [127.1591116, 37.6079046], [127.1596159, 37.6081213], [127.1601049, 37.6083396], [127.1604902, 37.6085031], [127.1606665, 37.6085802], [127.1611904, 37.6088094], [127.1615938, 37.6089876], [127.1619106, 37.6091243], [127.1622851, 37.6092947], [127.1626378, 37.6094501], [127.1629845, 37.6096037], [127.1633497, 37.6097671], [127.1639174, 37.6100194]]}}, {"type": "Feature", "properties": {"line_ref": "경의·중앙", "line_name": "경의·중앙선", "colour": "#6AC2B3"}, "geometry": {"type": "LineString", "coordinates": [[127.1639174, 37.6100194], [127.1641383, 37.6101078], [127.1645248, 37.6102806], [127.1649901, 37.610487], [127.165153, 37.6105596], [127.165346, 37.6106438], [127.1658004, 37.6108422], [127.1662632, 37.6110392], [127.1667446, 37.6112494], [127.167258, 37.6114461], [127.167772, 37.6116246], [127.1683027, 37.6118172], [127.1688118, 37.6119787], [127.1693521, 37.6121436], [127.1698239, 37.6122876], [127.1703125, 37.6124369], [127.1708386, 37.6125975], [127.170968, 37.612637]]}}, {"type": "Feature", "properties": {"line_ref": "경의·중앙", "line_name": "경의·중앙선", "colour": "#6AC2B3"}, "geometry": {"type": "LineString", "coordinates": [[127.170968, 37.612637], [127.1735511, 37.6133996]]}}, {"type": "Feature", "properties": {"line_ref": "경의·중앙", "line_name": "경의·중앙선", "colour": "#6AC2B3"}, "geometry": {"type": "LineString", "coordinates": [[127.1735511, 37.6133996], [127.1740823, 37.6135579], [127.1745954, 37.6137105], [127.1756774, 37.6140325], [127.1761895, 37.6141605]]}}, {"type": "Feature", "properties": {"line_ref": "경의·중앙", "line_name": "경의·중앙선", "colour": "#6AC2B3"}, "geometry": {"type": "LineString", "coordinates": [[127.1761895, 37.6141605], [127.1766939, 37.6142849], [127.1773129, 37.6144076], [127.1777939, 37.6144885], [127.1781358, 37.6145322], [127.178491, 37.614571], [127.1789797, 37.6146113], [127.179513, 37.6146305], [127.1800761, 37.6146316], [127.1805953, 37.6146145], [127.1811092, 37.6145755], [127.1816087, 37.6145235], [127.1821093, 37.6144503], [127.1825596, 37.6143689], [127.1826795, 37.6143456]]}}, {"type": "Feature", "properties": {"line_ref": "경의·중앙", "line_name": "경의·중앙선", "colour": "#6AC2B3"}, "geometry": {"type": "LineString", "coordinates": [[127.1826795, 37.6143456], [127.1829977, 37.6142685], [127.183274, 37.6142013], [127.1835185, 37.6141395]]}}, {"type": "Feature", "properties": {"line_ref": "경의·중앙", "line_name": "경의·중앙선", "colour": "#6AC2B3"}, "geometry": {"type": "LineString", "coordinates": [[127.1835185, 37.6141395], [127.1836628, 37.6140986], [127.1841466, 37.6139607], [127.1846119, 37.6138024], [127.1850754, 37.6136219], [127.1855201, 37.6134287], [127.1859674, 37.6132135], [127.1863717, 37.6129899], [127.1864156, 37.6129657]]}}, {"type": "Feature", "properties": {"line_ref": "경의·중앙", "line_name": "경의·중앙선", "colour": "#6AC2B3"}, "geometry": {"type": "LineString", "coordinates": [[127.1864156, 37.6129657], [127.1867748, 37.6127569], [127.1870517, 37.6125771], [127.1872392, 37.6124536], [127.1876494, 37.6121607], [127.1879022, 37.6119612]]}}, {"type": "Feature", "properties": {"line_ref": "경의·중앙", "line_name": "경의·중앙선", "colour": "#6AC2B3"}, "geometry": {"type": "LineString", "coordinates": [[127.1879022, 37.6119612], [127.1880724, 37.6118342], [127.1884601, 37.6115066], [127.1888275, 37.6111433], [127.1891691, 37.6107941], [127.1894298, 37.610515]]}}, {"type": "Feature", "properties": {"line_ref": "경의·중앙", "line_name": "경의·중앙선", "colour": "#6AC2B3"}, "geometry": {"type": "LineString", "coordinates": [[127.1894298, 37.610515], [127.1895205, 37.6104106], [127.1898339, 37.61005], [127.19016, 37.6096688], [127.1904693, 37.609296], [127.1908401, 37.6088476], [127.1911479, 37.6084781], [127.1914036, 37.6081608], [127.1917149, 37.6077745], [127.191953, 37.6074791], [127.1920228, 37.6073926], [127.1923357, 37.6070144], [127.1924566, 37.6068682], [127.1926076, 37.6066812], [127.1926157, 37.6066711]]}}, {"type": "Feature", "properties": {"line_ref": "경의·중앙", "line_name": "경의·중앙선", "colour": "#6AC2B3"}, "geometry": {"type": "LineString", "coordinates": [[127.1926157, 37.6066711], [127.1928203, 37.6064537], [127.1930152, 37.6062569], [127.193058, 37.6062095]]}}, {"type": "Feature", "properties": {"line_ref": "경의·중앙", "line_name": "경의·중앙선", "colour": "#6AC2B3"}, "geometry": {"type": "LineString", "coordinates": [[127.193058, 37.6062095], [127.1932197, 37.6060165], [127.1934179, 37.6057799]]}}, {"type": "Feature", "properties": {"line_ref": "경의·중앙", "line_name": "경의·중앙선", "colour": "#6AC2B3"}, "geometry": {"type": "LineString", "coordinates": [[127.1934179, 37.6057799], [127.193478, 37.6057145], [127.1937319, 37.6053976], [127.1939569, 37.6051168], [127.1939626, 37.6051097]]}}, {"type": "Feature", "properties": {"line_ref": "경의·중앙", "line_name": "경의·중앙선", "colour": "#6AC2B3"}, "geometry": {"type": "LineString", "coordinates": [[127.1939626, 37.6051097], [127.194173, 37.6048177], [127.1944038, 37.604472], [127.1946768, 37.6040416], [127.1948505, 37.6037513], [127.1949837, 37.6035431], [127.1952849, 37.6029857], [127.1953939, 37.6027839], [127.1954979, 37.6025914]]}}, {"type": "Feature", "properties": {"line_ref": "경의·중앙", "line_name": "경의·중앙선", "colour": "#6AC2B3"}, "geometry": {"type": "LineString", "coordinates": [[127.1954979, 37.6025914], [127.1955341, 37.6025168], [127.1956058, 37.6023693]]}}, {"type": "Feature", "properties": {"line_ref": "경의·중앙", "line_name": "경의·중앙선", "colour": "#6AC2B3"}, "geometry": {"type": "LineString", "coordinates": [[127.1956058, 37.6023693], [127.1956698, 37.6022333]]}}, {"type": "Feature", "properties": {"line_ref": "경의·중앙", "line_name": "경의·중앙선", "colour": "#6AC2B3"}, "geometry": {"type": "LineString", "coordinates": [[127.1956698, 37.6022333], [127.1956866, 37.6022015], [127.1957993, 37.6019874], [127.1958898, 37.6017592], [127.1960408, 37.6013982]]}}, {"type": "Feature", "properties": {"line_ref": "경의·중앙", "line_name": "경의·중앙선", "colour": "#6AC2B3"}, "geometry": {"type": "LineString", "coordinates": [[127.1960408, 37.6013982], [127.1961315, 37.6012188], [127.1961434, 37.6011953], [127.1963585, 37.6007656], [127.1965648, 37.6003576], [127.1967665, 37.5999494], [127.196985, 37.5995216], [127.1972028, 37.5991003]]}}, {"type": "Feature", "properties": {"line_ref": "경의·중앙", "line_name": "경의·중앙선", "colour": "#6AC2B3"}, "geometry": {"type": "LineString", "coordinates": [[127.1972028, 37.5991003], [127.1974107, 37.5986865], [127.1976129, 37.5982767], [127.1978236, 37.5978491], [127.1980186, 37.5974403], [127.1982302, 37.5970153], [127.1984251, 37.5966138], [127.1986523, 37.5961797], [127.1987332, 37.5960041]]}}, {"type": "Feature", "properties": {"line_ref": "경의·중앙", "line_name": "경의·중앙선", "colour": "#6AC2B3"}, "geometry": {"type": "LineString", "coordinates": [[127.1987332, 37.5960041], [127.1988458, 37.5957572], [127.199062, 37.5953415], [127.1992815, 37.5949131]]}}, {"type": "Feature", "properties": {"line_ref": "경의·중앙", "line_name": "경의·중앙선", "colour": "#6AC2B3"}, "geometry": {"type": "LineString", "coordinates": [[127.1992815, 37.5949131], [127.1994842, 37.5944991], [127.1996775, 37.5941258]]}}, {"type": "Feature", "properties": {"line_ref": "경의·중앙", "line_name": "경의·중앙선", "colour": "#6AC2B3"}, "geometry": {"type": "LineString", "coordinates": [[127.1996775, 37.5941258], [127.199825, 37.5938391]]}}, {"type": "Feature", "properties": {"line_ref": "경의·중앙", "line_name": "경의·중앙선", "colour": "#6AC2B3"}, "geometry": {"type": "LineString", "coordinates": [[127.199825, 37.5938391], [127.1998949, 37.593712], [127.2001123, 37.5933169], [127.2003605, 37.5929135]]}}, {"type": "Feature", "properties": {"line_ref": "경의·중앙", "line_name": "경의·중앙선", "colour": "#6AC2B3"}, "geometry": {"type": "LineString", "coordinates": [[127.2003605, 37.5929135], [127.2005518, 37.5925997]]}}, {"type": "Feature", "properties": {"line_ref": "경의·중앙", "line_name": "경의·중앙선", "colour": "#6AC2B3"}, "geometry": {"type": "LineString", "coordinates": [[127.2005518, 37.5925997], [127.2006554, 37.5924611], [127.2009075, 37.5921277], [127.20119, 37.5918008]]}}, {"type": "Feature", "properties": {"line_ref": "경의·중앙", "line_name": "경의·중앙선", "colour": "#6AC2B3"}, "geometry": {"type": "LineString", "coordinates": [[127.20119, 37.5918008], [127.2014367, 37.591525], [127.2014406, 37.5915181], [127.2017841, 37.5911847], [127.2020806, 37.590919], [127.2023868, 37.5906666], [127.2027212, 37.5904044], [127.2031831, 37.5900791], [127.2034414, 37.5899108], [127.2040523, 37.5895509]]}}, {"type": "Feature", "properties": {"line_ref": "경의·중앙", "line_name": "경의·중앙선", "colour": "#6AC2B3"}, "geometry": {"type": "LineString", "coordinates": [[127.2040523, 37.5895509], [127.2051719, 37.5889172]]}}, {"type": "Feature", "properties": {"line_ref": "경의·중앙", "line_name": "경의·중앙선", "colour": "#6AC2B3"}, "geometry": {"type": "LineString", "coordinates": [[127.2051719, 37.5889172], [127.2054008, 37.5887939], [127.2060047, 37.5884692], [127.2061418, 37.5883935], [127.2073881, 37.587716], [127.2088349, 37.5869231]]}}, {"type": "Feature", "properties": {"line_ref": "경의·중앙", "line_name": "경의·중앙선", "colour": "#6AC2B3"}, "geometry": {"type": "LineString", "coordinates": [[127.2088349, 37.5869231], [127.2101005, 37.5862296], [127.2116584, 37.5853758], [127.212048, 37.5851649]]}}, {"type": "Feature", "properties": {"line_ref": "경의·중앙", "line_name": "경의·중앙선", "colour": "#6AC2B3"}, "geometry": {"type": "LineString", "coordinates": [[127.212048, 37.5851649], [127.2123236, 37.5850157]]}}, {"type": "Feature", "properties": {"line_ref": "경의·중앙", "line_name": "경의·중앙선", "colour": "#6AC2B3"}, "geometry": {"type": "LineString", "coordinates": [[127.2123236, 37.5850157], [127.2128952, 37.5847063], [127.21311, 37.5845879], [127.2138362, 37.5841753], [127.2148895, 37.5835981]]}}, {"type": "Feature", "properties": {"line_ref": "경의·중앙", "line_name": "경의·중앙선", "colour": "#6AC2B3"}, "geometry": {"type": "LineString", "coordinates": [[127.2148895, 37.5835981], [127.2154556, 37.5832697], [127.2156091, 37.5831715]]}}, {"type": "Feature", "properties": {"line_ref": "경의·중앙", "line_name": "경의·중앙선", "colour": "#6AC2B3"}, "geometry": {"type": "LineString", "coordinates": [[127.2156091, 37.5831715], [127.2158061, 37.5830749]]}}, {"type": "Feature", "properties": {"line_ref": "경의·중앙", "line_name": "경의·중앙선", "colour": "#6AC2B3"}, "geometry": {"type": "LineString", "coordinates": [[127.2158061, 37.5830749], [127.2191194, 37.5809785], [127.2194557, 37.5807858]]}}, {"type": "Feature", "properties": {"line_ref": "경의·중앙", "line_name": "경의·중앙선", "colour": "#6AC2B3"}, "geometry": {"type": "LineString", "coordinates": [[127.2194557, 37.5807858], [127.2197972, 37.5806231], [127.2201688, 37.5804632], [127.2204626, 37.5803412], [127.2207422, 37.5802374]]}}, {"type": "Feature", "properties": {"line_ref": "경의·중앙", "line_name": "경의·중앙선", "colour": "#6AC2B3"}, "geometry": {"type": "LineString", "coordinates": [[127.2207422, 37.5802374], [127.2215341, 37.579986]]}}, {"type": "Feature", "properties": {"line_ref": "경의·중앙", "line_name": "경의·중앙선", "colour": "#6AC2B3"}, "geometry": {"type": "LineString", "coordinates": [[127.2215341, 37.579986], [127.2236437, 37.5793764], [127.2238269, 37.5793241], [127.2243124, 37.5791796], [127.2247657, 37.5790287], [127.2251385, 37.5788884], [127.2255164, 37.578727], [127.2257925, 37.5786008], [127.2261145, 37.5784409], [127.2264189, 37.5782726], [127.226741, 37.5780819], [127.2270701, 37.5778575], [127.2274441, 37.5775879], [127.2277051, 37.5773877]]}}, {"type": "Feature", "properties": {"line_ref": "경의·중앙", "line_name": "경의·중앙선", "colour": "#6AC2B3"}, "geometry": {"type": "LineString", "coordinates": [[127.2277051, 37.5773877], [127.2279578, 37.5771456], [127.2282007, 37.5769069], [127.2285089, 37.5765849], [127.2287517, 37.5763017], [127.2290086, 37.5759792]]}}, {"type": "Feature", "properties": {"line_ref": "경의·중앙", "line_name": "경의·중앙선", "colour": "#6AC2B3"}, "geometry": {"type": "LineString", "coordinates": [[127.2290086, 37.5759792], [127.2290979, 37.5758362], [127.2291952, 37.5756875], [127.2293043, 37.5755207]]}}, {"type": "Feature", "properties": {"line_ref": "경의·중앙", "line_name": "경의·중앙선", "colour": "#6AC2B3"}, "geometry": {"type": "LineString", "coordinates": [[127.2293043, 37.5755207], [127.2294487, 37.5752766], [127.2295874, 37.5750153], [127.2296921, 37.5747735], [127.2299245, 37.5742103]]}}, {"type": "Feature", "properties": {"line_ref": "경의·중앙", "line_name": "경의·중앙선", "colour": "#6AC2B3"}, "geometry": {"type": "LineString", "coordinates": [[127.2299245, 37.5742103], [127.2300245, 37.5739141], [127.2301135, 37.57365]]}}, {"type": "Feature", "properties": {"line_ref": "경의·중앙", "line_name": "경의·중앙선", "colour": "#6AC2B3"}, "geometry": {"type": "LineString", "coordinates": [[127.2301135, 37.57365], [127.2305814, 37.5722563]]}}, {"type": "Feature", "properties": {"line_ref": "경의·중앙", "line_name": "경의·중앙선", "colour": "#6AC2B3"}, "geometry": {"type": "LineString", "coordinates": [[127.2305814, 37.5722563], [127.2310368, 37.5709277], [127.2312631, 37.5702518]]}}, {"type": "Feature", "properties": {"line_ref": "경의·중앙", "line_name": "경의·중앙선", "colour": "#6AC2B3"}, "geometry": {"type": "LineString", "coordinates": [[127.2312631, 37.5702518], [127.2316148, 37.5692504]]}}, {"type": "Feature", "properties": {"line_ref": "경의·중앙", "line_name": "경의·중앙선", "colour": "#6AC2B3"}, "geometry": {"type": "LineString", "coordinates": [[127.2316148, 37.5692504], [127.2317479, 37.5688984]]}}, {"type": "Feature", "properties": {"line_ref": "경의·중앙", "line_name": "경의·중앙선", "colour": "#6AC2B3"}, "geometry": {"type": "LineString", "coordinates": [[127.2317479, 37.5688984], [127.2317875, 37.5687907], [127.2318226, 37.5686951]]}}, {"type": "Feature", "properties": {"line_ref": "경의·중앙", "line_name": "경의·중앙선", "colour": "#6AC2B3"}, "geometry": {"type": "LineString", "coordinates": [[127.2318226, 37.5686951], [127.2318736, 37.5685707], [127.2318885, 37.568533], [127.2320474, 37.56813]]}}, {"type": "Feature", "properties": {"line_ref": "경의·중앙", "line_name": "경의·중앙선", "colour": "#6AC2B3"}, "geometry": {"type": "LineString", "coordinates": [[127.2320474, 37.56813], [127.2322847, 37.5675718]]}}, {"type": "Feature", "properties": {"line_ref": "경의·중앙", "line_name": "경의·중앙선", "colour": "#6AC2B3"}, "geometry": {"type": "LineString", "coordinates": [[127.2322847, 37.5675718], [127.2325732, 37.5669353]]}}, {"type": "Feature", "properties": {"line_ref": "경의·중앙", "line_name": "경의·중앙선", "colour": "#6AC2B3"}, "geometry": {"type": "LineString", "coordinates": [[127.2325732, 37.5669353], [127.2334566, 37.5650676]]}}, {"type": "Feature", "properties": {"line_ref": "경의·중앙", "line_name": "경의·중앙선", "colour": "#6AC2B3"}, "geometry": {"type": "LineString", "coordinates": [[127.2334566, 37.5650676], [127.2338779, 37.5641884]]}}, {"type": "Feature", "properties": {"line_ref": "경의·중앙", "line_name": "경의·중앙선", "colour": "#6AC2B3"}, "geometry": {"type": "LineString", "coordinates": [[127.2338779, 37.5641884], [127.2339364, 37.5640614]]}}, {"type": "Feature", "properties": {"line_ref": "경의·중앙", "line_name": "경의·중앙선", "colour": "#6AC2B3"}, "geometry": {"type": "LineString", "coordinates": [[127.2339364, 37.5640614], [127.234988, 37.5618922]]}}, {"type": "Feature", "properties": {"line_ref": "경의·중앙", "line_name": "경의·중앙선", "colour": "#6AC2B3"}, "geometry": {"type": "LineString", "coordinates": [[127.234988, 37.5618922], [127.2350311, 37.5618031]]}}, {"type": "Feature", "properties": {"line_ref": "경의·중앙", "line_name": "경의·중앙선", "colour": "#6AC2B3"}, "geometry": {"type": "LineString", "coordinates": [[127.2350311, 37.5618031], [127.235359, 37.5611333]]}}, {"type": "Feature", "properties": {"line_ref": "경의·중앙", "line_name": "경의·중앙선", "colour": "#6AC2B3"}, "geometry": {"type": "LineString", "coordinates": [[127.235359, 37.5611333], [127.2356996, 37.5604444], [127.2362468, 37.5592941], [127.2369436, 37.5578688], [127.2372262, 37.5572913], [127.2380131, 37.5557253]]}}, {"type": "Feature", "properties": {"line_ref": "경의·중앙", "line_name": "경의·중앙선", "colour": "#6AC2B3"}, "geometry": {"type": "LineString", "coordinates": [[127.2380131, 37.5557253], [127.2381695, 37.5554365]]}}, {"type": "Feature", "properties": {"line_ref": "경의·중앙", "line_name": "경의·중앙선", "colour": "#6AC2B3"}, "geometry": {"type": "LineString", "coordinates": [[127.2381695, 37.5554365], [127.2383937, 37.5550274], [127.2392064, 37.553631], [127.2394282, 37.5532499], [127.2399273, 37.552417], [127.2408332, 37.550905], [127.241283, 37.5501746], [127.2415449, 37.5497813], [127.2417975, 37.5494418], [127.2420563, 37.5491291], [127.2424322, 37.5487139], [127.2428204, 37.5483206], [127.2432241, 37.5479664], [127.24364, 37.5476293], [127.2438803, 37.5474509], [127.2441083, 37.5472897], [127.2443795, 37.5471138], [127.2446171, 37.5469642], [127.2446783, 37.5469257], [127.2450511, 37.5467108], [127.2452966, 37.5465773], [127.2459726, 37.5462349], [127.2464964, 37.5459824], [127.2471329, 37.5456995]]}}, {"type": "Feature", "properties": {"line_ref": "경의·중앙", "line_name": "경의·중앙선", "colour": "#6AC2B3"}, "geometry": {"type": "LineString", "coordinates": [[127.2471329, 37.5456995], [127.2472307, 37.5456607]]}}, {"type": "Feature", "properties": {"line_ref": "경의·중앙", "line_name": "경의·중앙선", "colour": "#6AC2B3"}, "geometry": {"type": "LineString", "coordinates": [[127.2472307, 37.5456607], [127.2484387, 37.5451003], [127.2500405, 37.5443568]]}}, {"type": "Feature", "properties": {"line_ref": "경의·중앙", "line_name": "경의·중앙선", "colour": "#6AC2B3"}, "geometry": {"type": "LineString", "coordinates": [[127.2500405, 37.5443568], [127.2512734, 37.5438754]]}}, {"type": "Feature", "properties": {"line_ref": "경의·중앙", "line_name": "경의·중앙선", "colour": "#6AC2B3"}, "geometry": {"type": "LineString", "coordinates": [[127.2512734, 37.5438754], [127.2519973, 37.5436422]]}}, {"type": "Feature", "properties": {"line_ref": "경의·중앙", "line_name": "경의·중앙선", "colour": "#6AC2B3"}, "geometry": {"type": "LineString", "coordinates": [[127.2519973, 37.5436422], [127.2529212, 37.5434227], [127.2537987, 37.5433016], [127.254686, 37.5432275], [127.2556106, 37.5431831], [127.2564606, 37.5432127], [127.2573385, 37.5433016], [127.2583457, 37.5434777], [127.2592823, 37.5437025], [127.2600957, 37.5439761], [127.2924891, 37.5567885], [127.2938694, 37.557277], [127.295311, 37.5576842], [127.296768, 37.5579804], [127.2981548, 37.5581447]]}}, {"type": "Feature", "properties": {"line_ref": "경의·중앙", "line_name": "경의·중앙선", "colour": "#6AC2B3"}, "geometry": {"type": "LineString", "coordinates": [[127.2981548, 37.5581447], [127.2987572, 37.5581828], [127.2997305, 37.5582136], [127.3001977, 37.558194], [127.3006613, 37.5581603], [127.3010612, 37.5581154]]}}, {"type": "Feature", "properties": {"line_ref": "경의·중앙", "line_name": "경의·중앙선", "colour": "#6AC2B3"}, "geometry": {"type": "LineString", "coordinates": [[127.3010612, 37.5581154], [127.3015921, 37.5580313], [127.3020841, 37.5579274], [127.3025053, 37.5578474], [127.3031775, 37.5576726], [127.3039999, 37.557402]]}}, {"type": "Feature", "properties": {"line_ref": "경의·중앙", "line_name": "경의·중앙선", "colour": "#6AC2B3"}, "geometry": {"type": "LineString", "coordinates": [[127.3039999, 37.557402], [127.3042702, 37.557301]]}}, {"type": "Feature", "properties": {"line_ref": "경의·중앙", "line_name": "경의·중앙선", "colour": "#6AC2B3"}, "geometry": {"type": "LineString", "coordinates": [[127.3042702, 37.557301], [127.3046652, 37.5571382], [127.3060119, 37.556532]]}}, {"type": "Feature", "properties": {"line_ref": "경의·중앙", "line_name": "경의·중앙선", "colour": "#6AC2B3"}, "geometry": {"type": "LineString", "coordinates": [[127.3060119, 37.556532], [127.3065886, 37.5562874]]}}, {"type": "Feature", "properties": {"line_ref": "경의·중앙", "line_name": "경의·중앙선", "colour": "#6AC2B3"}, "geometry": {"type": "LineString", "coordinates": [[127.3065886, 37.5562874], [127.307007, 37.5561003], [127.3088515, 37.5552694], [127.3093753, 37.5550351], [127.3107824, 37.5544075], [127.3109356, 37.5543392], [127.3127388, 37.553538]]}}, {"type": "Feature", "properties": {"line_ref": "경의·중앙", "line_name": "경의·중앙선", "colour": "#6AC2B3"}, "geometry": {"type": "LineString", "coordinates": [[127.3127388, 37.553538], [127.3203192, 37.5501386], [127.3219284, 37.54938]]}}, {"type": "Feature", "properties": {"line_ref": "경의·중앙", "line_name": "경의·중앙선", "colour": "#6AC2B3"}, "geometry": {"type": "LineString", "coordinates": [[127.3219284, 37.54938], [127.3245869, 37.5481266]]}}, {"type": "Feature", "properties": {"line_ref": "경의·중앙", "line_name": "경의·중앙선", "colour": "#6AC2B3"}, "geometry": {"type": "LineString", "coordinates": [[127.3245869, 37.5481266], [127.3246425, 37.5480993], [127.3279584, 37.5465433], [127.3299121, 37.5456213], [127.3300425, 37.5455598], [127.3316818, 37.5447844], [127.3319702, 37.5446321]]}}, {"type": "Feature", "properties": {"line_ref": "경의·중앙", "line_name": "경의·중앙선", "colour": "#6AC2B3"}, "geometry": {"type": "LineString", "coordinates": [[127.3319702, 37.5446321], [127.3324265, 37.5444053], [127.3327928, 37.5442233]]}}, {"type": "Feature", "properties": {"line_ref": "경의·중앙", "line_name": "경의·중앙선", "colour": "#6AC2B3"}, "geometry": {"type": "LineString", "coordinates": [[127.3327928, 37.5442233], [127.3347407, 37.5433451], [127.3350368, 37.5431963], [127.3353922, 37.543057], [127.3356738, 37.5429188], [127.3360748, 37.5427613]]}}, {"type": "Feature", "properties": {"line_ref": "경의·중앙", "line_name": "경의·중앙선", "colour": "#6AC2B3"}, "geometry": {"type": "LineString", "coordinates": [[127.3360748, 37.5427613], [127.3536872, 37.5379529]]}}, {"type": "Feature", "properties": {"line_ref": "경의·중앙", "line_name": "경의·중앙선", "colour": "#6AC2B3"}, "geometry": {"type": "LineString", "coordinates": [[127.3536872, 37.5379529], [127.3538488, 37.5379087]]}}, {"type": "Feature", "properties": {"line_ref": "경의·중앙", "line_name": "경의·중앙선", "colour": "#6AC2B3"}, "geometry": {"type": "LineString", "coordinates": [[127.3538488, 37.5379087], [127.3548761, 37.5376119]]}}, {"type": "Feature", "properties": {"line_ref": "경의·중앙", "line_name": "경의·중앙선", "colour": "#6AC2B3"}, "geometry": {"type": "LineString", "coordinates": [[127.3548761, 37.5376119], [127.3549482, 37.5375921]]}}, {"type": "Feature", "properties": {"line_ref": "경의·중앙", "line_name": "경의·중앙선", "colour": "#6AC2B3"}, "geometry": {"type": "LineString", "coordinates": [[127.3549482, 37.5375921], [127.3596269, 37.5363096], [127.3603561, 37.5361293], [127.3611047, 37.5358969], [127.3619308, 37.535595], [127.3626683, 37.5353077], [127.3634504, 37.5349505], [127.3640942, 37.534627], [127.3647054, 37.5343067], [127.3653547, 37.5338987], [127.3663485, 37.5332309]]}}, {"type": "Feature", "properties": {"line_ref": "경의·중앙", "line_name": "경의·중앙선", "colour": "#6AC2B3"}, "geometry": {"type": "LineString", "coordinates": [[127.3663485, 37.5332309], [127.3667825, 37.5328994]]}}, {"type": "Feature", "properties": {"line_ref": "경의·중앙", "line_name": "경의·중앙선", "colour": "#6AC2B3"}, "geometry": {"type": "LineString", "coordinates": [[127.3667825, 37.5328994], [127.3673567, 37.5323611], [127.367713, 37.5320248], [127.3680762, 37.5316563], [127.3683878, 37.5313015], [127.3688332, 37.5308158]]}}, {"type": "Feature", "properties": {"line_ref": "경의·중앙", "line_name": "경의·중앙선", "colour": "#6AC2B3"}, "geometry": {"type": "LineString", "coordinates": [[127.3688332, 37.5308158], [127.369034, 37.530561]]}}, {"type": "Feature", "properties": {"line_ref": "경의·중앙", "line_name": "경의·중앙선", "colour": "#6AC2B3"}, "geometry": {"type": "LineString", "coordinates": [[127.369034, 37.530561], [127.3709226, 37.5281815]]}}, {"type": "Feature", "properties": {"line_ref": "경의·중앙", "line_name": "경의·중앙선", "colour": "#6AC2B3"}, "geometry": {"type": "LineString", "coordinates": [[127.3709226, 37.5281815], [127.3713593, 37.5276543], [127.3716269, 37.5273312], [127.3724292, 37.5263421], [127.3735585, 37.5249382], [127.3745549, 37.5236996]]}}, {"type": "Feature", "properties": {"line_ref": "경의·중앙", "line_name": "경의·중앙선", "colour": "#6AC2B3"}, "geometry": {"type": "LineString", "coordinates": [[127.3745549, 37.5236996], [127.3761343, 37.5217275]]}}, {"type": "Feature", "properties": {"line_ref": "경의·중앙", "line_name": "경의·중앙선", "colour": "#6AC2B3"}, "geometry": {"type": "LineString", "coordinates": [[127.3761343, 37.5217275], [127.3762949, 37.5215098], [127.3780222, 37.5192032], [127.378853, 37.5181607]]}}, {"type": "Feature", "properties": {"line_ref": "경의·중앙", "line_name": "경의·중앙선", "colour": "#6AC2B3"}, "geometry": {"type": "LineString", "coordinates": [[127.378853, 37.5181607], [127.3793061, 37.5176283], [127.379703, 37.517206], [127.3800906, 37.5168542], [127.3805016, 37.5165319], [127.3809266, 37.516243], [127.3813469, 37.51598], [127.3817496, 37.5157601]]}}, {"type": "Feature", "properties": {"line_ref": "경의·중앙", "line_name": "경의·중앙선", "colour": "#6AC2B3"}, "geometry": {"type": "LineString", "coordinates": [[127.3817496, 37.5157601], [127.3822189, 37.515536]]}}, {"type": "Feature", "properties": {"line_ref": "경의·중앙", "line_name": "경의·중앙선", "colour": "#6AC2B3"}, "geometry": {"type": "LineString", "coordinates": [[127.3822189, 37.515536], [127.3834588, 37.5149933]]}}, {"type": "Feature", "properties": {"line_ref": "경의·중앙", "line_name": "경의·중앙선", "colour": "#6AC2B3"}, "geometry": {"type": "LineString", "coordinates": [[127.3834588, 37.5149933], [127.3837297, 37.5148748]]}}, {"type": "Feature", "properties": {"line_ref": "경의·중앙", "line_name": "경의·중앙선", "colour": "#6AC2B3"}, "geometry": {"type": "LineString", "coordinates": [[127.3837297, 37.5148748], [127.3845695, 37.514568], [127.3852986, 37.5143828], [127.3862471, 37.5142143], [127.3871602, 37.5141189], [127.3879027, 37.5140794], [127.3884724, 37.5140794], [127.3890375, 37.5141016], [127.3895792, 37.514146], [127.3903031, 37.5142461], [127.391025, 37.514394]]}}, {"type": "Feature", "properties": {"line_ref": "경의·중앙", "line_name": "경의·중앙선", "colour": "#6AC2B3"}, "geometry": {"type": "LineString", "coordinates": [[127.391025, 37.514394], [127.3929512, 37.5147918], [127.3933291, 37.5148698], [127.3940452, 37.5150294], [127.3941955, 37.5150625], [127.3956824, 37.5153895], [127.3968966, 37.5156543], [127.3981131, 37.5159247], [127.4003392, 37.5164148], [127.4005695, 37.5164655], [127.4020149, 37.5167841], [127.4031622, 37.5170518], [127.4037145, 37.5171675], [127.4067361, 37.5178283], [127.4092736, 37.5183082], [127.4105298, 37.5184952], [127.4110223, 37.5185553]]}}, {"type": "Feature", "properties": {"line_ref": "경의·중앙", "line_name": "경의·중앙선", "colour": "#6AC2B3"}, "geometry": {"type": "LineString", "coordinates": [[127.4110223, 37.5185553], [127.4123553, 37.5187064]]}}, {"type": "Feature", "properties": {"line_ref": "경의·중앙", "line_name": "경의·중앙선", "colour": "#6AC2B3"}, "geometry": {"type": "LineString", "coordinates": [[127.4123553, 37.5187064], [127.4130754, 37.5187755]]}}, {"type": "Feature", "properties": {"line_ref": "경의·중앙", "line_name": "경의·중앙선", "colour": "#6AC2B3"}, "geometry": {"type": "LineString", "coordinates": [[127.4130754, 37.5187755], [127.41339, 37.5188047]]}}, {"type": "Feature", "properties": {"line_ref": "경의·중앙", "line_name": "경의·중앙선", "colour": "#6AC2B3"}, "geometry": {"type": "LineString", "coordinates": [[127.41339, 37.5188047], [127.4142641, 37.5188563]]}}, {"type": "Feature", "properties": {"line_ref": "경의·중앙", "line_name": "경의·중앙선", "colour": "#6AC2B3"}, "geometry": {"type": "LineString", "coordinates": [[127.4142641, 37.5188563], [127.4159831, 37.5189299], [127.4180311, 37.5189312], [127.4201712, 37.5188618], [127.4225589, 37.5186716], [127.4246344, 37.5184308], [127.4266847, 37.5180601], [127.4288969, 37.5175812], [127.4350194, 37.5159749]]}}, {"type": "Feature", "properties": {"line_ref": "경의·중앙", "line_name": "경의·중앙선", "colour": "#6AC2B3"}, "geometry": {"type": "LineString", "coordinates": [[127.4350194, 37.5159749], [127.4361892, 37.5157115]]}}, {"type": "Feature", "properties": {"line_ref": "경의·중앙", "line_name": "경의·중앙선", "colour": "#6AC2B3"}, "geometry": {"type": "LineString", "coordinates": [[127.4361892, 37.5157115], [127.4386216, 37.5150993], [127.4392331, 37.5149629], [127.4394566, 37.5149131], [127.4398728, 37.5148076], [127.441125, 37.514474], [127.4418608, 37.5142865], [127.4443172, 37.5136649], [127.4474066, 37.5128831], [127.4478353, 37.5127812], [127.4488564, 37.5125269]]}}, {"type": "Feature", "properties": {"line_ref": "경의·중앙", "line_name": "경의·중앙선", "colour": "#6AC2B3"}, "geometry": {"type": "LineString", "coordinates": [[127.4488564, 37.5125269], [127.4534045, 37.5113166]]}}, {"type": "Feature", "properties": {"line_ref": "경의·중앙", "line_name": "경의·중앙선", "colour": "#6AC2B3"}, "geometry": {"type": "LineString", "coordinates": [[127.4534045, 37.5113166], [127.4536164, 37.5112658]]}}, {"type": "Feature", "properties": {"line_ref": "경의·중앙", "line_name": "경의·중앙선", "colour": "#6AC2B3"}, "geometry": {"type": "LineString", "coordinates": [[127.4536164, 37.5112658], [127.4644046, 37.5085426]]}}, {"type": "Feature", "properties": {"line_ref": "경의·중앙", "line_name": "경의·중앙선", "colour": "#6AC2B3"}, "geometry": {"type": "LineString", "coordinates": [[127.4644046, 37.5085426], [127.4646611, 37.5084767]]}}, {"type": "Feature", "properties": {"line_ref": "경의·중앙", "line_name": "경의·중앙선", "colour": "#6AC2B3"}, "geometry": {"type": "LineString", "coordinates": [[127.4646611, 37.5084767], [127.4668909, 37.5079156]]}}, {"type": "Feature", "properties": {"line_ref": "경의·중앙", "line_name": "경의·중앙선", "colour": "#6AC2B3"}, "geometry": {"type": "LineString", "coordinates": [[127.4668909, 37.5079156], [127.4681816, 37.50759]]}}, {"type": "Feature", "properties": {"line_ref": "경의·중앙", "line_name": "경의·중앙선", "colour": "#6AC2B3"}, "geometry": {"type": "LineString", "coordinates": [[127.4681816, 37.50759], [127.4720181, 37.5066358]]}}, {"type": "Feature", "properties": {"line_ref": "경의·중앙", "line_name": "경의·중앙선", "colour": "#6AC2B3"}, "geometry": {"type": "LineString", "coordinates": [[127.4720181, 37.5066358], [127.4746621, 37.5059864], [127.4749661, 37.5059117]]}}, {"type": "Feature", "properties": {"line_ref": "경의·중앙", "line_name": "경의·중앙선", "colour": "#6AC2B3"}, "geometry": {"type": "LineString", "coordinates": [[127.4749661, 37.5059117], [127.4757224, 37.5056595], [127.4761939, 37.5054787], [127.4768967, 37.5052251], [127.4775412, 37.5049954], [127.4782837, 37.5046898], [127.4789048, 37.5044267], [127.4797034, 37.5040674], [127.4804389, 37.5037173], [127.481053, 37.5033931], [127.4817489, 37.5029948], [127.4828393, 37.5023428], [127.4833273, 37.5020316]]}}, {"type": "Feature", "properties": {"line_ref": "경의·중앙", "line_name": "경의·중앙선", "colour": "#6AC2B3"}, "geometry": {"type": "LineString", "coordinates": [[127.4833273, 37.5020316], [127.4835922, 37.5018666], [127.4838714, 37.5016926]]}}, {"type": "Feature", "properties": {"line_ref": "경의·중앙", "line_name": "경의·중앙선", "colour": "#6AC2B3"}, "geometry": {"type": "LineString", "coordinates": [[127.4838714, 37.5016926], [127.4840558, 37.501574]]}}, {"type": "Feature", "properties": {"line_ref": "경의·중앙", "line_name": "경의·중앙선", "colour": "#6AC2B3"}, "geometry": {"type": "LineString", "coordinates": [[127.4840558, 37.501574], [127.4842323, 37.5014452], [127.4848532, 37.5009921], [127.4857394, 37.5002342], [127.4864794, 37.4995311], [127.487201, 37.4988803]]}}, {"type": "Feature", "properties": {"line_ref": "경의·중앙", "line_name": "경의·중앙선", "colour": "#6AC2B3"}, "geometry": {"type": "LineString", "coordinates": [[127.487201, 37.4988803], [127.4885584, 37.4971654]]}}, {"type": "Feature", "properties": {"line_ref": "경의·중앙", "line_name": "경의·중앙선", "colour": "#6AC2B3"}, "geometry": {"type": "LineString", "coordinates": [[127.4885584, 37.4971654], [127.4888031, 37.4968561]]}}, {"type": "Feature", "properties": {"line_ref": "경의·중앙", "line_name": "경의·중앙선", "colour": "#6AC2B3"}, "geometry": {"type": "LineString", "coordinates": [[127.4888031, 37.4968561], [127.4889936, 37.4966155], [127.4895363, 37.4958817]]}}, {"type": "Feature", "properties": {"line_ref": "경의·중앙", "line_name": "경의·중앙선", "colour": "#6AC2B3"}, "geometry": {"type": "LineString", "coordinates": [[127.4895363, 37.4958817], [127.4899221, 37.4954461], [127.4906328, 37.4946435], [127.4914509, 37.4936369], [127.4918224, 37.4931655], [127.4924406, 37.4923493], [127.4926684, 37.4920648], [127.4929261, 37.4917428]]}}, {"type": "Feature", "properties": {"line_ref": "경의·중앙", "line_name": "경의·중앙선", "colour": "#6AC2B3"}, "geometry": {"type": "LineString", "coordinates": [[127.4929261, 37.4917428], [127.4932131, 37.4913533]]}}, {"type": "Feature", "properties": {"line_ref": "경의·중앙", "line_name": "경의·중앙선", "colour": "#6AC2B3"}, "geometry": {"type": "LineString", "coordinates": [[127.4932131, 37.4913533], [127.4935189, 37.4909618], [127.4937898, 37.4905446], [127.493993, 37.4902368], [127.4941438, 37.4900083], [127.4945267, 37.4894168]]}}, {"type": "Feature", "properties": {"line_ref": "경의·중앙", "line_name": "경의·중앙선", "colour": "#6AC2B3"}, "geometry": {"type": "LineString", "coordinates": [[127.4945267, 37.4894168], [127.4959055, 37.4876775], [127.4965016, 37.4870084], [127.4973746, 37.4862958], [127.4979666, 37.4859314], [127.4986752, 37.4855988], [127.4993685, 37.4853508], [127.500015, 37.485177], [127.5008752, 37.4850383]]}}, {"type": "Feature", "properties": {"line_ref": "경의·중앙", "line_name": "경의·중앙선", "colour": "#6AC2B3"}, "geometry": {"type": "LineString", "coordinates": [[127.5008752, 37.4850383], [127.5098714, 37.4835806], [127.5104745, 37.4834842]]}}, {"type": "Feature", "properties": {"line_ref": "경의·중앙", "line_name": "경의·중앙선", "colour": "#6AC2B3"}, "geometry": {"type": "LineString", "coordinates": [[127.5104745, 37.4834842], [127.5145277, 37.4828372]]}}, {"type": "Feature", "properties": {"line_ref": "경의·중앙", "line_name": "경의·중앙선", "colour": "#6AC2B3"}, "geometry": {"type": "LineString", "coordinates": [[127.5145277, 37.4828372], [127.5176882, 37.4823327]]}}, {"type": "Feature", "properties": {"line_ref": "경의·중앙", "line_name": "경의·중앙선", "colour": "#6AC2B3"}, "geometry": {"type": "LineString", "coordinates": [[127.5176882, 37.4823327], [127.5184923, 37.4822031], [127.5193309, 37.4820297], [127.5198936, 37.4818963], [127.5205124, 37.4817262], [127.521141, 37.4815245], [127.5218181, 37.4812577], [127.5223637, 37.4810172], [127.5229685, 37.4806948], [127.5234133, 37.4804266], [127.5239818, 37.4800396], [127.5244717, 37.4796363], [127.5248231, 37.479317]]}}, {"type": "Feature", "properties": {"line_ref": "경의·중앙", "line_name": "경의·중앙선", "colour": "#6AC2B3"}, "geometry": {"type": "LineString", "coordinates": [[127.5248231, 37.479317], [127.5254507, 37.4786721]]}}, {"type": "Feature", "properties": {"line_ref": "경의·중앙", "line_name": "경의·중앙선", "colour": "#6AC2B3"}, "geometry": {"type": "LineString", "coordinates": [[127.5254507, 37.4786721], [127.5262071, 37.4778228]]}}, {"type": "Feature", "properties": {"line_ref": "경의·중앙", "line_name": "경의·중앙선", "colour": "#6AC2B3"}, "geometry": {"type": "LineString", "coordinates": [[127.5262071, 37.4778228], [127.5266577, 37.4773226]]}}, {"type": "Feature", "properties": {"line_ref": "경의·중앙", "line_name": "경의·중앙선", "colour": "#6AC2B3"}, "geometry": {"type": "LineString", "coordinates": [[127.5266577, 37.4773226], [127.5287628, 37.4750581]]}}, {"type": "Feature", "properties": {"line_ref": "경의·중앙", "line_name": "경의·중앙선", "colour": "#6AC2B3"}, "geometry": {"type": "LineString", "coordinates": [[127.5287628, 37.4750581], [127.5290797, 37.4747172], [127.5298463, 37.4740407], [127.5307336, 37.4733884], [127.5319782, 37.4726768], [127.5334124, 37.4719089], [127.5342499, 37.4715023], [127.5351234, 37.4711207]]}}, {"type": "Feature", "properties": {"line_ref": "경의·중앙", "line_name": "경의·중앙선", "colour": "#6AC2B3"}, "geometry": {"type": "LineString", "coordinates": [[127.5351234, 37.4711207], [127.5363963, 37.4706347], [127.5380413, 37.4701801], [127.5399497, 37.4698032], [127.540581, 37.4698063]]}}, {"type": "Feature", "properties": {"line_ref": "경의·중앙", "line_name": "경의·중앙선", "colour": "#6AC2B3"}, "geometry": {"type": "LineString", "coordinates": [[127.540581, 37.4698063], [127.5409698, 37.4697457]]}}, {"type": "Feature", "properties": {"line_ref": "경의·중앙", "line_name": "경의·중앙선", "colour": "#6AC2B3"}, "geometry": {"type": "LineString", "coordinates": [[127.5409698, 37.4697457], [127.5424825, 37.469464], [127.5447462, 37.4691126], [127.547678, 37.4686581], [127.5501249, 37.4682788], [127.5514874, 37.4680543]]}}, {"type": "Feature", "properties": {"line_ref": "경의·중앙", "line_name": "경의·중앙선", "colour": "#6AC2B3"}, "geometry": {"type": "LineString", "coordinates": [[127.5514874, 37.4680543], [127.5530483, 37.4677277], [127.5539549, 37.4676], [127.5549419, 37.4675191], [127.5558539, 37.467468], [127.5569589, 37.4674595], [127.5582464, 37.4674552], [127.5597538, 37.4675021]]}}, {"type": "Feature", "properties": {"line_ref": "경의·중앙", "line_name": "경의·중앙선", "colour": "#6AC2B3"}, "geometry": {"type": "LineString", "coordinates": [[127.5597538, 37.4675021], [127.5609769, 37.4676298], [127.5621785, 37.4677958], [127.5636095, 37.4680301], [127.5647145, 37.4682716], [127.5652626, 37.4684069], [127.5661267, 37.4686942], [127.567931, 37.4692472]]}}, {"type": "Feature", "properties": {"line_ref": "경의·중앙", "line_name": "경의·중앙선", "colour": "#6AC2B3"}, "geometry": {"type": "LineString", "coordinates": [[127.567931, 37.4692472], [127.5686015, 37.4694559]]}}, {"type": "Feature", "properties": {"line_ref": "경의·중앙", "line_name": "경의·중앙선", "colour": "#6AC2B3"}, "geometry": {"type": "LineString", "coordinates": [[127.5686015, 37.4694559], [127.5693042, 37.4697198], [127.5701089, 37.470069], [127.570824, 37.4704099], [127.5743213, 37.4723751]]}}, {"type": "Feature", "properties": {"line_ref": "경의·중앙", "line_name": "경의·중앙선", "colour": "#6AC2B3"}, "geometry": {"type": "LineString", "coordinates": [[127.5743213, 37.4723751], [127.5757056, 37.4731529]]}}, {"type": "Feature", "properties": {"line_ref": "경의·중앙", "line_name": "경의·중앙선", "colour": "#6AC2B3"}, "geometry": {"type": "LineString", "coordinates": [[127.5757056, 37.4731529], [127.5760039, 37.4733154], [127.5762239, 37.4734353]]}}, {"type": "Feature", "properties": {"line_ref": "경의·중앙", "line_name": "경의·중앙선", "colour": "#6AC2B3"}, "geometry": {"type": "LineString", "coordinates": [[127.5762239, 37.4734353], [127.583577, 37.4772329]]}}, {"type": "Feature", "properties": {"line_ref": "경의·중앙", "line_name": "경의·중앙선", "colour": "#6AC2B3"}, "geometry": {"type": "LineString", "coordinates": [[127.583577, 37.4772329], [127.5890162, 37.4797123]]}}, {"type": "Feature", "properties": {"line_ref": "경의·중앙", "line_name": "경의·중앙선", "colour": "#6AC2B3"}, "geometry": {"type": "LineString", "coordinates": [[127.5890162, 37.4797123], [127.5890583, 37.4797323]]}}, {"type": "Feature", "properties": {"line_ref": "경의·중앙", "line_name": "경의·중앙선", "colour": "#6AC2B3"}, "geometry": {"type": "LineString", "coordinates": [[127.5945812, 37.4823229], [127.5931516, 37.4816688], [127.5930003, 37.4815996], [127.5915069, 37.4809161], [127.5903426, 37.4804153], [127.589988, 37.4802355], [127.5895301, 37.4799877], [127.5890583, 37.4797323]]}}, {"type": "Feature", "properties": {"line_ref": "경춘", "line_name": "수도권 전철 경춘선", "colour": "#007A62"}, "geometry": {"type": "LineString", "coordinates": [[127.0480007, 37.5807488], [127.0487426, 37.5817433], [127.0489392, 37.5819733], [127.0489917, 37.5820353]]}}, {"type": "Feature", "properties": {"line_ref": "경춘", "line_name": "수도권 전철 경춘선", "colour": "#007A62"}, "geometry": {"type": "LineString", "coordinates": [[127.0489917, 37.5820353], [127.0490538, 37.5820965], [127.0492816, 37.5823331], [127.0495732, 37.5826325]]}}, {"type": "Feature", "properties": {"line_ref": "경춘", "line_name": "수도권 전철 경춘선", "colour": "#007A62"}, "geometry": {"type": "LineString", "coordinates": [[127.0495732, 37.5826325], [127.0496065, 37.5826658], [127.0497222, 37.5827821]]}}, {"type": "Feature", "properties": {"line_ref": "경춘", "line_name": "수도권 전철 경춘선", "colour": "#007A62"}, "geometry": {"type": "LineString", "coordinates": [[127.0497222, 37.5827821], [127.0497704, 37.5828409], [127.0499027, 37.5830022], [127.0500368, 37.5831694], [127.0502289, 37.5834138], [127.0502718, 37.5834689]]}}, {"type": "Feature", "properties": {"line_ref": "경춘", "line_name": "수도권 전철 경춘선", "colour": "#007A62"}, "geometry": {"type": "LineString", "coordinates": [[127.0507177, 37.5840441], [127.0505002, 37.5837617], [127.0503887, 37.5836185], [127.0502718, 37.5834689]]}}, {"type": "Feature", "properties": {"line_ref": "경춘", "line_name": "수도권 전철 경춘선", "colour": "#007A62"}, "geometry": {"type": "LineString", "coordinates": [[127.0510758, 37.5844187], [127.0509853, 37.5843311], [127.0508728, 37.5842154], [127.0507902, 37.5841289], [127.0507177, 37.5840441]]}}, {"type": "Feature", "properties": {"line_ref": "경춘", "line_name": "수도권 전철 경춘선", "colour": "#007A62"}, "geometry": {"type": "LineString", "coordinates": [[127.0510758, 37.5844187], [127.051137, 37.5844979], [127.0512244, 37.5846109]]}}, {"type": "Feature", "properties": {"line_ref": "경춘", "line_name": "수도권 전철 경춘선", "colour": "#007A62"}, "geometry": {"type": "LineString", "coordinates": [[127.0512244, 37.5846109], [127.0513469, 37.5847459], [127.0514253, 37.5848324], [127.0515179, 37.5849349], [127.0516234, 37.5850518]]}}, {"type": "Feature", "properties": {"line_ref": "경춘", "line_name": "수도권 전철 경춘선", "colour": "#007A62"}, "geometry": {"type": "LineString", "coordinates": [[127.0516234, 37.5850518], [127.0516352, 37.585067], [127.0517732, 37.5852451], [127.0520845, 37.5856342], [127.0523925, 37.5860029], [127.0526172, 37.5862503], [127.0528909, 37.5865248], [127.0531888, 37.5867944], [127.0534813, 37.5870511], [127.0537994, 37.5872983], [127.0541163, 37.5875258], [127.0544489, 37.5877451], [127.0548684, 37.5880027], [127.054895, 37.588018], [127.0549244, 37.5880371], [127.0553208, 37.5882746], [127.0557061, 37.5884772], [127.0560812, 37.5886745], [127.0564598, 37.5888746], [127.0570201, 37.5891597], [127.0573372, 37.5893232], [127.0583976, 37.5898882], [127.0587448, 37.5900905], [127.058828, 37.5901312], [127.0589848, 37.5902114], [127.0593683, 37.5904165], [127.059747, 37.590619], [127.0601744, 37.5908439], [127.060629, 37.5910847], [127.0607188, 37.5911344]]}}, {"type": "Feature", "properties": {"line_ref": "경춘", "line_name": "수도권 전철 경춘선", "colour": "#007A62"}, "geometry": {"type": "LineString", "coordinates": [[127.0607188, 37.5911344], [127.061033, 37.5913117], [127.0614389, 37.5914998], [127.0618004, 37.5916615], [127.0622327, 37.5918419], [127.0625967, 37.5919637], [127.0629746, 37.5920757], [127.0630277, 37.5920895]]}}, {"type": "Feature", "properties": {"line_ref": "경춘", "line_name": "수도권 전철 경춘선", "colour": "#007A62"}, "geometry": {"type": "LineString", "coordinates": [[127.0630277, 37.5920895], [127.0634202, 37.5921905], [127.0639165, 37.5923015], [127.0643968, 37.5924058], [127.0648946, 37.5925184], [127.0654056, 37.5926276], [127.0658781, 37.5927283], [127.0664019, 37.592845], [127.0669065, 37.5929581], [127.0674227, 37.5930717], [127.0679217, 37.5931803], [127.0684104, 37.5932877]]}}, {"type": "Feature", "properties": {"line_ref": "경춘", "line_name": "수도권 전철 경춘선", "colour": "#007A62"}, "geometry": {"type": "LineString", "coordinates": [[127.0684104, 37.5932877], [127.0684224, 37.5932903], [127.068466, 37.5933]]}}, {"type": "Feature", "properties": {"line_ref": "경춘", "line_name": "수도권 전철 경춘선", "colour": "#007A62"}, "geometry": {"type": "LineString", "coordinates": [[127.068466, 37.5933], [127.0688938, 37.5933928], [127.0694139, 37.5935108], [127.0698172, 37.593593], [127.0702109, 37.5936744], [127.0706146, 37.5937638], [127.0711158, 37.5938705], [127.0716156, 37.5939824], [127.0721291, 37.5940931], [127.0726527, 37.5942056]]}}, {"type": "Feature", "properties": {"line_ref": "경춘", "line_name": "수도권 전철 경춘선", "colour": "#007A62"}, "geometry": {"type": "LineString", "coordinates": [[127.0726527, 37.5942056], [127.073069, 37.5942942], [127.0735104, 37.594392], [127.0739527, 37.5944862]]}}, {"type": "Feature", "properties": {"line_ref": "경춘", "line_name": "수도권 전철 경춘선", "colour": "#007A62"}, "geometry": {"type": "LineString", "coordinates": [[127.0739527, 37.5944862], [127.0742, 37.5945412], [127.0742108, 37.5945436]]}}, {"type": "Feature", "properties": {"line_ref": "경춘", "line_name": "수도권 전철 경춘선", "colour": "#007A62"}, "geometry": {"type": "LineString", "coordinates": [[127.0742108, 37.5945436], [127.0744886, 37.594621], [127.0748932, 37.5947311], [127.0771185, 37.595224], [127.0773788, 37.5952742], [127.0778491, 37.5953684], [127.0783521, 37.5954633], [127.0788433, 37.5955306]]}}, {"type": "Feature", "properties": {"line_ref": "경춘", "line_name": "수도권 전철 경춘선", "colour": "#007A62"}, "geometry": {"type": "LineString", "coordinates": [[127.0788433, 37.5955306], [127.0788842, 37.5955377], [127.0793837, 37.5956353], [127.0796183, 37.5956827], [127.0800603, 37.5957716], [127.0806091, 37.5958841]]}}, {"type": "Feature", "properties": {"line_ref": "경춘", "line_name": "수도권 전철 경춘선", "colour": "#007A62"}, "geometry": {"type": "LineString", "coordinates": [[127.0806091, 37.5958841], [127.080641, 37.5958901], [127.0810399, 37.595965], [127.0813239, 37.5960198]]}}, {"type": "Feature", "properties": {"line_ref": "경춘", "line_name": "수도권 전철 경춘선", "colour": "#007A62"}, "geometry": {"type": "LineString", "coordinates": [[127.0813239, 37.5960198], [127.0814999, 37.5960588], [127.0818189, 37.5961352], [127.0821417, 37.5962265], [127.0824351, 37.5963065]]}}, {"type": "Feature", "properties": {"line_ref": "경춘", "line_name": "수도권 전철 경춘선", "colour": "#007A62"}, "geometry": {"type": "LineString", "coordinates": [[127.0826801, 37.596359], [127.0825001, 37.5963191], [127.0824351, 37.5963065]]}}, {"type": "Feature", "properties": {"line_ref": "경춘", "line_name": "수도권 전철 경춘선", "colour": "#007A62"}, "geometry": {"type": "LineString", "coordinates": [[127.0826801, 37.596359], [127.0829463, 37.5964314], [127.0832431, 37.5965132], [127.0833615, 37.5965501]]}}, {"type": "Feature", "properties": {"line_ref": "경춘", "line_name": "수도권 전철 경춘선", "colour": "#007A62"}, "geometry": {"type": "LineString", "coordinates": [[127.0833615, 37.5965501], [127.0835808, 37.5966133], [127.0836871, 37.5966423]]}}, {"type": "Feature", "properties": {"line_ref": "경춘", "line_name": "수도권 전철 경춘선", "colour": "#007A62"}, "geometry": {"type": "LineString", "coordinates": [[127.0836871, 37.5966423], [127.0839046, 37.5967021], [127.0841641, 37.5967765], [127.084461, 37.596863], [127.0847398, 37.5969442], [127.085182, 37.5970694], [127.0855969, 37.5971957], [127.0859648, 37.5973045], [127.0864137, 37.5974677], [127.0865782, 37.5975308]]}}, {"type": "Feature", "properties": {"line_ref": "경춘", "line_name": "수도권 전철 경춘선", "colour": "#007A62"}, "geometry": {"type": "LineString", "coordinates": [[127.0865782, 37.5975308], [127.0867282, 37.5975983], [127.086962, 37.597694], [127.0872145, 37.5978181], [127.0875185, 37.5979717], [127.0878556, 37.5981616], [127.0881197, 37.5983249], [127.0881708, 37.5983617], [127.0883662, 37.5984807], [127.0886313, 37.5986421], [127.0886509, 37.5986543], [127.0888622, 37.5987859], [127.0889346, 37.5988286], [127.0890229, 37.5988806], [127.0892245, 37.5990114], [127.0894247, 37.5991199], [127.089633, 37.5992188], [127.0898912, 37.5993206], [127.0901421, 37.5994166], [127.0906689, 37.599616], [127.0911846, 37.5998105]]}}, {"type": "Feature", "properties": {"line_ref": "경춘", "line_name": "수도권 전철 경춘선", "colour": "#007A62"}, "geometry": {"type": "LineString", "coordinates": [[127.0911846, 37.5998105], [127.0920944, 37.6001579]]}}, {"type": "Feature", "properties": {"line_ref": "경춘", "line_name": "수도권 전철 경춘선", "colour": "#007A62"}, "geometry": {"type": "LineString", "coordinates": [[127.0920944, 37.6001579], [127.0922173, 37.6001996], [127.0926713, 37.6003719], [127.0928869, 37.6004375], [127.0931086, 37.6004841], [127.0935495, 37.6005744], [127.0939351, 37.6006489], [127.0942193, 37.6007022], [127.0945133, 37.6007608], [127.0946205, 37.6007821], [127.0949651, 37.6008502], [127.0950102, 37.6008592], [127.0953736, 37.6009268], [127.0956909, 37.6009959], [127.0960408, 37.6010641], [127.0963781, 37.6011492], [127.0966732, 37.6012535], [127.0969639, 37.6013581], [127.0971958, 37.6014332], [127.0972316, 37.6014448], [127.0974525, 37.6015258], [127.0976667, 37.6016045], [127.0979171, 37.6016986], [127.0982173, 37.6018117], [127.098493, 37.6019166], [127.0987904, 37.6020298], [127.0989958, 37.6021103], [127.0991071, 37.6021538], [127.0994544, 37.6022803], [127.0999062, 37.6024628], [127.1001558, 37.6025701], [127.1003335, 37.6026562], [127.100601, 37.6027947], [127.1008519, 37.6029305], [127.1011497, 37.6031167], [127.1014422, 37.6033248], [127.1017942, 37.6036079], [127.1020777, 37.6038732], [127.1023425, 37.6041439], [127.1025418, 37.6043642], [127.1027134, 37.604596], [127.1029011, 37.6048605], [127.1029994, 37.6050438]]}}, {"type": "Feature", "properties": {"line_ref": "경춘", "line_name": "수도권 전철 경춘선", "colour": "#007A62"}, "geometry": {"type": "LineString", "coordinates": [[127.1029994, 37.6050438], [127.1030555, 37.6051493], [127.10315, 37.6053994], [127.1032204, 37.6056569], [127.1033089, 37.6059709], [127.103362, 37.6062569], [127.1033858, 37.6065344], [127.1033568, 37.6099228]]}}, {"type": "Feature", "properties": {"line_ref": "경춘", "line_name": "수도권 전철 경춘선", "colour": "#007A62"}, "geometry": {"type": "LineString", "coordinates": [[127.1033568, 37.6099228], [127.1032114, 37.611463]]}}, {"type": "Feature", "properties": {"line_ref": "경춘", "line_name": "수도권 전철 경춘선", "colour": "#007A62"}, "geometry": {"type": "LineString", "coordinates": [[127.1032114, 37.611463], [127.1032058, 37.611542]]}}, {"type": "Feature", "properties": {"line_ref": "경춘", "line_name": "수도권 전철 경춘선", "colour": "#007A62"}, "geometry": {"type": "LineString", "coordinates": [[127.1032058, 37.611542], [127.1031928, 37.6119019]]}}, {"type": "Feature", "properties": {"line_ref": "경춘", "line_name": "수도권 전철 경춘선", "colour": "#007A62"}, "geometry": {"type": "LineString", "coordinates": [[127.1031928, 37.6119019], [127.103193, 37.6119329], [127.1032175, 37.612495]]}}, {"type": "Feature", "properties": {"line_ref": "경춘", "line_name": "수도권 전철 경춘선", "colour": "#007A62"}, "geometry": {"type": "LineString", "coordinates": [[127.1032175, 37.612495], [127.1032226, 37.6126451], [127.1032885, 37.6131785], [127.1033492, 37.6134863], [127.1034538, 37.6139532], [127.1036508, 37.6145924], [127.1039159, 37.615278], [127.1041225, 37.6157549], [127.1052764, 37.6183667]]}}, {"type": "Feature", "properties": {"line_ref": "경춘", "line_name": "수도권 전철 경춘선", "colour": "#007A62"}, "geometry": {"type": "LineString", "coordinates": [[127.1052764, 37.6183667], [127.1055636, 37.6189659], [127.1057316, 37.619301], [127.1059349, 37.6196646], [127.1061083, 37.6199562]]}}, {"type": "Feature", "properties": {"line_ref": "경춘", "line_name": "수도권 전철 경춘선", "colour": "#007A62"}, "geometry": {"type": "LineString", "coordinates": [[127.1061083, 37.6199562], [127.1064681, 37.62051], [127.108138, 37.6229699]]}}, {"type": "Feature", "properties": {"line_ref": "경춘", "line_name": "수도권 전철 경춘선", "colour": "#007A62"}, "geometry": {"type": "LineString", "coordinates": [[127.108138, 37.6229699], [127.1114975, 37.6279171]]}}, {"type": "Feature", "properties": {"line_ref": "경춘", "line_name": "수도권 전철 경춘선", "colour": "#007A62"}, "geometry": {"type": "LineString", "coordinates": [[127.1114975, 37.6279171], [127.1126514, 37.6296597], [127.1129478, 37.6301423], [127.1132424, 37.6306755]]}}, {"type": "Feature", "properties": {"line_ref": "경춘", "line_name": "수도권 전철 경춘선", "colour": "#007A62"}, "geometry": {"type": "LineString", "coordinates": [[127.1132424, 37.6306755], [127.1134637, 37.6310891], [127.1136835, 37.6315561], [127.1139385, 37.6321313]]}}, {"type": "Feature", "properties": {"line_ref": "경춘", "line_name": "수도권 전철 경춘선", "colour": "#007A62"}, "geometry": {"type": "LineString", "coordinates": [[127.1139385, 37.6321313], [127.1141032, 37.6325464], [127.1143401, 37.6331188]]}}, {"type": "Feature", "properties": {"line_ref": "경춘", "line_name": "수도권 전철 경춘선", "colour": "#007A62"}, "geometry": {"type": "LineString", "coordinates": [[127.1143401, 37.6331188], [127.1144162, 37.6333102], [127.1147005, 37.6339552], [127.1148205, 37.6342592], [127.1150381, 37.6348118], [127.1151252, 37.6349894]]}}, {"type": "Feature", "properties": {"line_ref": "경춘", "line_name": "수도권 전철 경춘선", "colour": "#007A62"}, "geometry": {"type": "LineString", "coordinates": [[127.1151252, 37.6349894], [127.1152442, 37.635226], [127.1154437, 37.6355707], [127.115688, 37.6359332], [127.1159455, 37.6362904], [127.1161295, 37.6365025], [127.1164053, 37.6368044], [127.1166698, 37.6370699], [127.1169914, 37.6373499], [127.1172851, 37.6375909], [127.1176391, 37.6378628], [127.1180213, 37.6381122], [127.1183787, 37.6383252], [127.1187114, 37.6385102], [127.1190901, 37.6386979], [127.1194724, 37.6388829], [127.1201483, 37.6391772], [127.1229903, 37.6403851], [127.126239, 37.6417872], [127.1267509, 37.6419941]]}}, {"type": "Feature", "properties": {"line_ref": "경춘", "line_name": "수도권 전철 경춘선", "colour": "#007A62"}, "geometry": {"type": "LineString", "coordinates": [[127.1267509, 37.6419941], [127.1281794, 37.642601]]}}, {"type": "Feature", "properties": {"line_ref": "경춘", "line_name": "수도권 전철 경춘선", "colour": "#007A62"}, "geometry": {"type": "LineString", "coordinates": [[127.1281794, 37.642601], [127.1283724, 37.6426852], [127.128481, 37.6427309], [127.1299399, 37.6433631]]}}, {"type": "Feature", "properties": {"line_ref": "경춘", "line_name": "수도권 전철 경춘선", "colour": "#007A62"}, "geometry": {"type": "LineString", "coordinates": [[127.1299399, 37.6433631], [127.1336389, 37.644922], [127.1343255, 37.645213], [127.1347654, 37.6453977], [127.1353018, 37.6456271], [127.1357095, 37.6457885], [127.1362299, 37.645986], [127.1366456, 37.646141], [127.1370211, 37.6462727], [127.1371821, 37.6463237]]}}, {"type": "Feature", "properties": {"line_ref": "경춘", "line_name": "수도권 전철 경춘선", "colour": "#007A62"}, "geometry": {"type": "LineString", "coordinates": [[127.1371821, 37.6463237], [127.1376085, 37.6464575], [127.1380994, 37.6466125], [127.1384668, 37.646723]]}}, {"type": "Feature", "properties": {"line_ref": "경춘", "line_name": "수도권 전철 경춘선", "colour": "#007A62"}, "geometry": {"type": "LineString", "coordinates": [[127.1384668, 37.646723], [127.1387144, 37.646798], [127.1388102, 37.646827], [127.1395719, 37.6470564], [127.1402136, 37.647261]]}}, {"type": "Feature", "properties": {"line_ref": "경춘", "line_name": "수도권 전철 경춘선", "colour": "#007A62"}, "geometry": {"type": "LineString", "coordinates": [[127.1402136, 37.647261], [127.1435237, 37.6482702], [127.1465891, 37.649209]]}}, {"type": "Feature", "properties": {"line_ref": "경춘", "line_name": "수도권 전철 경춘선", "colour": "#007A62"}, "geometry": {"type": "LineString", "coordinates": [[127.1465891, 37.649209], [127.1475381, 37.6495115], [127.1485887, 37.6498384], [127.1499349, 37.6502523], [127.1504066, 37.6503965], [127.1534141, 37.6513227], [127.153978, 37.6514913]]}}, {"type": "Feature", "properties": {"line_ref": "경춘", "line_name": "수도권 전철 경춘선", "colour": "#007A62"}, "geometry": {"type": "LineString", "coordinates": [[127.153978, 37.6514913], [127.156225, 37.6522185]]}}, {"type": "Feature", "properties": {"line_ref": "경춘", "line_name": "수도권 전철 경춘선", "colour": "#007A62"}, "geometry": {"type": "LineString", "coordinates": [[127.156225, 37.6522185], [127.1567469, 37.6523985]]}}, {"type": "Feature", "properties": {"line_ref": "경춘", "line_name": "수도권 전철 경춘선", "colour": "#007A62"}, "geometry": {"type": "LineString", "coordinates": [[127.1567469, 37.6523985], [127.1569323, 37.6524686], [127.1582125, 37.652974], [127.158764, 37.6532131], [127.1595404, 37.653557], [127.1602002, 37.6538414], [127.160702, 37.6540571], [127.161324, 37.6543292], [127.1621149, 37.654663], [127.1625539, 37.654833], [127.1630396, 37.6549976], [127.1634272, 37.6551159], [127.1638475, 37.6552212], [127.1643985, 37.6553395], [127.1648749, 37.6554172], [127.1653066, 37.6554703]]}}, {"type": "Feature", "properties": {"line_ref": "경춘", "line_name": "수도권 전철 경춘선", "colour": "#007A62"}, "geometry": {"type": "LineString", "coordinates": [[127.1653066, 37.6554703], [127.1655904, 37.6554951]]}}, {"type": "Feature", "properties": {"line_ref": "경춘", "line_name": "수도권 전철 경춘선", "colour": "#007A62"}, "geometry": {"type": "LineString", "coordinates": [[127.1655904, 37.6554951], [127.1659131, 37.6555187], [127.1662227, 37.6555326], [127.1665405, 37.6555347], [127.166971, 37.6555241], [127.1675566, 37.6554818], [127.1680434, 37.6554232], [127.1685826, 37.6553379], [127.1691772, 37.6552086], [127.1696948, 37.6550622], [127.1699966, 37.6549713], [127.1704125, 37.6548172], [127.1707169, 37.6546939], [127.1710071, 37.6545692], [127.1712955, 37.6544305], [127.1719795, 37.6540474]]}}, {"type": "Feature", "properties": {"line_ref": "경춘", "line_name": "수도권 전철 경춘선", "colour": "#007A62"}, "geometry": {"type": "LineString", "coordinates": [[127.1719795, 37.6540474], [127.1728127, 37.6535594]]}}, {"type": "Feature", "properties": {"line_ref": "경춘", "line_name": "수도권 전철 경춘선", "colour": "#007A62"}, "geometry": {"type": "LineString", "coordinates": [[127.1728127, 37.6535594], [127.1738138, 37.6529746], [127.1741741, 37.6527619], [127.1761155, 37.651579], [127.1769097, 37.6511137], [127.1776977, 37.6506521], [127.1790647, 37.6498747], [127.1805017, 37.6490264], [127.1809223, 37.6487781], [127.1810343, 37.6487045], [127.1816082, 37.6483474]]}}, {"type": "Feature", "properties": {"line_ref": "경춘", "line_name": "수도권 전철 경춘선", "colour": "#007A62"}, "geometry": {"type": "LineString", "coordinates": [[127.1816082, 37.6483474], [127.1821074, 37.6480319], [127.1826517, 37.6476399], [127.1828781, 37.6474626], [127.1833244, 37.6470675], [127.1835206, 37.6468745], [127.1839199, 37.646453], [127.1842631, 37.6460189], [127.1844791, 37.6457122], [127.1847617, 37.6452136], [127.1849971, 37.6447744], [127.1852626, 37.6441751]]}}, {"type": "Feature", "properties": {"line_ref": "경춘", "line_name": "수도권 전철 경춘선", "colour": "#007A62"}, "geometry": {"type": "LineString", "coordinates": [[127.1852626, 37.6441751], [127.185469, 37.643682], [127.1856763, 37.6433047], [127.1862217, 37.6421816], [127.1866612, 37.6412741], [127.1867771, 37.6410612]]}}, {"type": "Feature", "properties": {"line_ref": "경춘", "line_name": "수도권 전철 경춘선", "colour": "#007A62"}, "geometry": {"type": "LineString", "coordinates": [[127.1867771, 37.6410612], [127.1869943, 37.6405869], [127.1872616, 37.6400799], [127.1874353, 37.6397743], [127.1875844, 37.6395199], [127.1876157, 37.6394665], [127.1879794, 37.6389418], [127.1880965, 37.6387915], [127.1882665, 37.6385925], [127.1884737, 37.638364]]}}, {"type": "Feature", "properties": {"line_ref": "경춘", "line_name": "수도권 전철 경춘선", "colour": "#007A62"}, "geometry": {"type": "LineString", "coordinates": [[127.1884737, 37.638364], [127.1885526, 37.6382816], [127.1887169, 37.6381329], [127.1888303, 37.6380352], [127.1891407, 37.6377535], [127.1895839, 37.6374061], [127.1900189, 37.6371098], [127.1905834, 37.6367765], [127.191187, 37.6364512], [127.1917173, 37.6362247], [127.1924538, 37.6359679], [127.1931082, 37.6358166]]}}, {"type": "Feature", "properties": {"line_ref": "경춘", "line_name": "수도권 전철 경춘선", "colour": "#007A62"}, "geometry": {"type": "LineString", "coordinates": [[127.1931082, 37.6358166], [127.1935386, 37.6357303], [127.1939174, 37.6356605], [127.194325, 37.6356065]]}}, {"type": "Feature", "properties": {"line_ref": "경춘", "line_name": "수도권 전철 경춘선", "colour": "#007A62"}, "geometry": {"type": "LineString", "coordinates": [[127.194325, 37.6356065], [127.1949464, 37.6355463], [127.1953287, 37.6355272], [127.1959187, 37.6355273], [127.1964966, 37.6355501], [127.197187, 37.6356171], [127.1980413, 37.635744], [127.198473, 37.63581], [127.1994861, 37.6359841], [127.2003409, 37.6361268]]}}, {"type": "Feature", "properties": {"line_ref": "경춘", "line_name": "수도권 전철 경춘선", "colour": "#007A62"}, "geometry": {"type": "LineString", "coordinates": [[127.2003409, 37.6361268], [127.2016213, 37.6363514], [127.202887, 37.6365765], [127.2038015, 37.6367321], [127.2056225, 37.6370373]]}}, {"type": "Feature", "properties": {"line_ref": "경춘", "line_name": "수도권 전철 경춘선", "colour": "#007A62"}, "geometry": {"type": "LineString", "coordinates": [[127.2056225, 37.6370373], [127.2064031, 37.637165], [127.207193, 37.6373003]]}}, {"type": "Feature", "properties": {"line_ref": "경춘", "line_name": "수도권 전철 경춘선", "colour": "#007A62"}, "geometry": {"type": "LineString", "coordinates": [[127.207193, 37.6373003], [127.2074212, 37.6373387], [127.2088611, 37.6375838], [127.2096756, 37.6377354], [127.2105245, 37.6379029], [127.2111129, 37.6380462]]}}, {"type": "Feature", "properties": {"line_ref": "경춘", "line_name": "수도권 전철 경춘선", "colour": "#007A62"}, "geometry": {"type": "LineString", "coordinates": [[127.2111129, 37.6380462], [127.2116564, 37.6382021], [127.2121781, 37.6383853], [127.212696, 37.6385897], [127.2135391, 37.6389789], [127.2143688, 37.6394552], [127.2149532, 37.6398096], [127.2153536, 37.6401059], [127.2159265, 37.6405749], [127.2164867, 37.641101], [127.2168483, 37.6414931], [127.2173811, 37.642015], [127.2178572, 37.6425733]]}}, {"type": "Feature", "properties": {"line_ref": "경춘", "line_name": "수도권 전철 경춘선", "colour": "#007A62"}, "geometry": {"type": "LineString", "coordinates": [[127.2178572, 37.6425733], [127.2219438, 37.6469486]]}}, {"type": "Feature", "properties": {"line_ref": "경춘", "line_name": "수도권 전철 경춘선", "colour": "#007A62"}, "geometry": {"type": "LineString", "coordinates": [[127.2219438, 37.6469486], [127.2220628, 37.6470638]]}}, {"type": "Feature", "properties": {"line_ref": "경춘", "line_name": "수도권 전철 경춘선", "colour": "#007A62"}, "geometry": {"type": "LineString", "coordinates": [[127.2220628, 37.6470638], [127.2224061, 37.6473701]]}}, {"type": "Feature", "properties": {"line_ref": "경춘", "line_name": "수도권 전철 경춘선", "colour": "#007A62"}, "geometry": {"type": "LineString", "coordinates": [[127.2224061, 37.6473701], [127.2227745, 37.6477451]]}}, {"type": "Feature", "properties": {"line_ref": "경춘", "line_name": "수도권 전철 경춘선", "colour": "#007A62"}, "geometry": {"type": "LineString", "coordinates": [[127.2227745, 37.6477451], [127.223159, 37.6481476]]}}, {"type": "Feature", "properties": {"line_ref": "경춘", "line_name": "수도권 전철 경춘선", "colour": "#007A62"}, "geometry": {"type": "LineString", "coordinates": [[127.223159, 37.6481476], [127.2236296, 37.648578], [127.223977, 37.6489008], [127.2243162, 37.6491893], [127.2246531, 37.6494463], [127.2249588, 37.6496815], [127.2251908, 37.6498461], [127.2258356, 37.6503138]]}}, {"type": "Feature", "properties": {"line_ref": "경춘", "line_name": "수도권 전철 경춘선", "colour": "#007A62"}, "geometry": {"type": "LineString", "coordinates": [[127.2258356, 37.6503138], [127.2264511, 37.6506729]]}}, {"type": "Feature", "properties": {"line_ref": "경춘", "line_name": "수도권 전철 경춘선", "colour": "#007A62"}, "geometry": {"type": "LineString", "coordinates": [[127.2264511, 37.6506729], [127.2266666, 37.6507785]]}}, {"type": "Feature", "properties": {"line_ref": "경춘", "line_name": "수도권 전철 경춘선", "colour": "#007A62"}, "geometry": {"type": "LineString", "coordinates": [[127.2266666, 37.6507785], [127.2275353, 37.6512097], [127.2279597, 37.6514031], [127.2283655, 37.6515669], [127.2287785, 37.6517179], [127.2292356, 37.651884], [127.2300497, 37.6521317], [127.2309052, 37.6523312], [127.2314983, 37.6524555]]}}, {"type": "Feature", "properties": {"line_ref": "경춘", "line_name": "수도권 전철 경춘선", "colour": "#007A62"}, "geometry": {"type": "LineString", "coordinates": [[127.2314983, 37.6524555], [127.2321499, 37.6525649], [127.2329082, 37.6526667], [127.2334644, 37.6527164], [127.2340325, 37.6527699], [127.2346003, 37.6528043], [127.2351789, 37.6528303], [127.2363036, 37.6528712], [127.2379322, 37.6529484], [127.2385851, 37.652978], [127.2389854, 37.6529969], [127.2392809, 37.653008], [127.2408598, 37.6530842], [127.2412253, 37.6531014], [127.2418132, 37.6531266], [127.2423841, 37.6531556], [127.2432589, 37.6531962], [127.2444979, 37.6532437], [127.2459592, 37.6533227]]}}, {"type": "Feature", "properties": {"line_ref": "경춘", "line_name": "수도권 전철 경춘선", "colour": "#007A62"}, "geometry": {"type": "LineString", "coordinates": [[127.2459592, 37.6533227], [127.2478629, 37.6533931], [127.248143, 37.6534084], [127.2512044, 37.653576]]}}, {"type": "Feature", "properties": {"line_ref": "경춘", "line_name": "수도권 전철 경춘선", "colour": "#007A62"}, "geometry": {"type": "LineString", "coordinates": [[127.2512044, 37.653576], [127.2522704, 37.6536679], [127.2532135, 37.6538158], [127.2540341, 37.6539947], [127.2549349, 37.6542555], [127.2558976, 37.6545984], [127.258015, 37.6554219], [127.2599635, 37.6565991], [127.2612705, 37.6573976], [127.2625171, 37.6580749], [127.2638141, 37.6586723], [127.2648878, 37.6591029], [127.2661642, 37.6595485], [127.2670029, 37.6598064], [127.2674391, 37.6599279], [127.268507, 37.6601883], [127.2696538, 37.6604275], [127.2718356, 37.6608764], [127.2735263, 37.6612254], [127.275182, 37.6615555], [127.2759487, 37.6616936], [127.2769321, 37.6618058], [127.2776061, 37.6618342], [127.2781934, 37.6618324], [127.2792215, 37.6617479], [127.2798593, 37.6616477], [127.280789, 37.661431], [127.2812803, 37.661285], [127.28181, 37.6610928], [127.2821821, 37.6609347], [127.282541, 37.6607654], [127.2827896, 37.6606418], [127.2831343, 37.6604521], [127.2838541, 37.6600276]]}}, {"type": "Feature", "properties": {"line_ref": "경춘", "line_name": "수도권 전철 경춘선", "colour": "#007A62"}, "geometry": {"type": "LineString", "coordinates": [[127.2838541, 37.6600276], [127.2843077, 37.6597185], [127.2850612, 37.659229], [127.2858182, 37.6587373], [127.2864441, 37.658325], [127.2880493, 37.6573093], [127.2895442, 37.6565024]]}}, {"type": "Feature", "properties": {"line_ref": "경춘", "line_name": "수도권 전철 경춘선", "colour": "#007A62"}, "geometry": {"type": "LineString", "coordinates": [[127.2895442, 37.6565024], [127.2914458, 37.6556283]]}}, {"type": "Feature", "properties": {"line_ref": "경춘", "line_name": "수도권 전철 경춘선", "colour": "#007A62"}, "geometry": {"type": "LineString", "coordinates": [[127.2914458, 37.6556283], [127.2924637, 37.6552356]]}}, {"type": "Feature", "properties": {"line_ref": "경춘", "line_name": "수도권 전철 경춘선", "colour": "#007A62"}, "geometry": {"type": "LineString", "coordinates": [[127.2924637, 37.6552356], [127.2943694, 37.6546055]]}}, {"type": "Feature", "properties": {"line_ref": "경춘", "line_name": "수도권 전철 경춘선", "colour": "#007A62"}, "geometry": {"type": "LineString", "coordinates": [[127.2943694, 37.6546055], [127.2971747, 37.6539172], [127.2989979, 37.653643], [127.3006105, 37.6534861]]}}, {"type": "Feature", "properties": {"line_ref": "경춘", "line_name": "수도권 전철 경춘선", "colour": "#007A62"}, "geometry": {"type": "LineString", "coordinates": [[127.3006105, 37.6534861], [127.3074819, 37.6530721]]}}, {"type": "Feature", "properties": {"line_ref": "경춘", "line_name": "수도권 전철 경춘선", "colour": "#007A62"}, "geometry": {"type": "LineString", "coordinates": [[127.3074819, 37.6530721], [127.3077051, 37.6530571], [127.3105626, 37.6528507]]}}, {"type": "Feature", "properties": {"line_ref": "경춘", "line_name": "수도권 전철 경춘선", "colour": "#007A62"}, "geometry": {"type": "LineString", "coordinates": [[127.3105626, 37.6528507], [127.3116743, 37.6527896]]}}, {"type": "Feature", "properties": {"line_ref": "경춘", "line_name": "수도권 전철 경춘선", "colour": "#007A62"}, "geometry": {"type": "LineString", "coordinates": [[127.3116743, 37.6527896], [127.312762, 37.6527298]]}}, {"type": "Feature", "properties": {"line_ref": "경춘", "line_name": "수도권 전철 경춘선", "colour": "#007A62"}, "geometry": {"type": "LineString", "coordinates": [[127.312762, 37.6527298], [127.3141861, 37.6526625], [127.3144866, 37.6526436], [127.3151545, 37.6525997]]}}, {"type": "Feature", "properties": {"line_ref": "경춘", "line_name": "수도권 전철 경춘선", "colour": "#007A62"}, "geometry": {"type": "LineString", "coordinates": [[127.3151545, 37.6525997], [127.316999, 37.6524522], [127.3187713, 37.6524197], [127.3192796, 37.6524414]]}}, {"type": "Feature", "properties": {"line_ref": "경춘", "line_name": "수도권 전철 경춘선", "colour": "#007A62"}, "geometry": {"type": "LineString", "coordinates": [[127.3192796, 37.6524414], [127.3199195, 37.6525099], [127.3206287, 37.6526156], [127.3213144, 37.6527429], [127.3221079, 37.6529395], [127.3231275, 37.6532696], [127.3241238, 37.6536583], [127.3251336, 37.6541617], [127.3267949, 37.6551242], [127.3305301, 37.6572882]]}}, {"type": "Feature", "properties": {"line_ref": "경춘", "line_name": "수도권 전철 경춘선", "colour": "#007A62"}, "geometry": {"type": "LineString", "coordinates": [[127.3305301, 37.6572882], [127.3374908, 37.6608782], [127.3381117, 37.6612033]]}}, {"type": "Feature", "properties": {"line_ref": "경춘", "line_name": "수도권 전철 경춘선", "colour": "#007A62"}, "geometry": {"type": "LineString", "coordinates": [[127.3381117, 37.6612033], [127.33857, 37.6614393]]}}, {"type": "Feature", "properties": {"line_ref": "경춘", "line_name": "수도권 전철 경춘선", "colour": "#007A62"}, "geometry": {"type": "LineString", "coordinates": [[127.33857, 37.6614393], [127.3398125, 37.662096]]}}, {"type": "Feature", "properties": {"line_ref": "경춘", "line_name": "수도권 전철 경춘선", "colour": "#007A62"}, "geometry": {"type": "LineString", "coordinates": [[127.3398125, 37.662096], [127.3399183, 37.6621489]]}}, {"type": "Feature", "properties": {"line_ref": "경춘", "line_name": "수도권 전철 경춘선", "colour": "#007A62"}, "geometry": {"type": "LineString", "coordinates": [[127.3399183, 37.6621489], [127.3410663, 37.6627226]]}}, {"type": "Feature", "properties": {"line_ref": "경춘", "line_name": "수도권 전철 경춘선", "colour": "#007A62"}, "geometry": {"type": "LineString", "coordinates": [[127.3410663, 37.6627226], [127.3423043, 37.6632429], [127.3434284, 37.6636431]]}}, {"type": "Feature", "properties": {"line_ref": "경춘", "line_name": "수도권 전철 경춘선", "colour": "#007A62"}, "geometry": {"type": "LineString", "coordinates": [[127.3434284, 37.6636431], [127.3562743, 37.6677679], [127.3576905, 37.6682435], [127.3685449, 37.6719214]]}}, {"type": "Feature", "properties": {"line_ref": "경춘", "line_name": "수도권 전철 경춘선", "colour": "#007A62"}, "geometry": {"type": "LineString", "coordinates": [[127.3685449, 37.6719214], [127.3688022, 37.6719965]]}}, {"type": "Feature", "properties": {"line_ref": "경춘", "line_name": "수도권 전철 경춘선", "colour": "#007A62"}, "geometry": {"type": "LineString", "coordinates": [[127.3688022, 37.6719965], [127.3696949, 37.6722376]]}}, {"type": "Feature", "properties": {"line_ref": "경춘", "line_name": "수도권 전철 경춘선", "colour": "#007A62"}, "geometry": {"type": "LineString", "coordinates": [[127.3696949, 37.6722376], [127.3699465, 37.6723031]]}}, {"type": "Feature", "properties": {"line_ref": "경춘", "line_name": "수도권 전철 경춘선", "colour": "#007A62"}, "geometry": {"type": "LineString", "coordinates": [[127.3699465, 37.6723031], [127.3733399, 37.6733871], [127.3736645, 37.6734879]]}}, {"type": "Feature", "properties": {"line_ref": "경춘", "line_name": "수도권 전철 경춘선", "colour": "#007A62"}, "geometry": {"type": "LineString", "coordinates": [[127.3736645, 37.6734879], [127.37398, 37.6736514]]}}, {"type": "Feature", "properties": {"line_ref": "경춘", "line_name": "수도권 전철 경춘선", "colour": "#007A62"}, "geometry": {"type": "LineString", "coordinates": [[127.37398, 37.6736514], [127.3748647, 37.6741355], [127.3755748, 37.6746238], [127.3761895, 37.6751426], [127.3766414, 37.6756105], [127.3770234, 37.6760903], [127.3774565, 37.6767225], [127.37782, 37.6774249]]}}, {"type": "Feature", "properties": {"line_ref": "경춘", "line_name": "수도권 전철 경춘선", "colour": "#007A62"}, "geometry": {"type": "LineString", "coordinates": [[127.37782, 37.6774249], [127.3781295, 37.6782326], [127.3784393, 37.679419], [127.3788495, 37.6810383], [127.3790468, 37.6818169], [127.379351, 37.6829801], [127.3795675, 37.6838528], [127.3797807, 37.6847118], [127.3800131, 37.6856422], [127.3802436, 37.6865574], [127.3803362, 37.6869127], [127.3812271, 37.6903302], [127.3813366, 37.6906856], [127.381485, 37.6909984], [127.3819806, 37.6919509], [127.382468, 37.6927907], [127.3830323, 37.6935874]]}}, {"type": "Feature", "properties": {"line_ref": "경춘", "line_name": "수도권 전철 경춘선", "colour": "#007A62"}, "geometry": {"type": "LineString", "coordinates": [[127.3830323, 37.6935874], [127.3841277, 37.6951416], [127.3846105, 37.6958767], [127.3849083, 37.6964037]]}}, {"type": "Feature", "properties": {"line_ref": "경춘", "line_name": "수도권 전철 경춘선", "colour": "#007A62"}, "geometry": {"type": "LineString", "coordinates": [[127.3849083, 37.6964037], [127.3854763, 37.6974999], [127.385836, 37.6983104], [127.3859544, 37.6985763], [127.3861267, 37.6991173], [127.3863645, 37.6998639], [127.3866986, 37.7011716]]}}, {"type": "Feature", "properties": {"line_ref": "경춘", "line_name": "수도권 전철 경춘선", "colour": "#007A62"}, "geometry": {"type": "LineString", "coordinates": [[127.3866986, 37.7011716], [127.3893893, 37.7118599], [127.3898524, 37.7136994]]}}, {"type": "Feature", "properties": {"line_ref": "경춘", "line_name": "수도권 전철 경춘선", "colour": "#007A62"}, "geometry": {"type": "LineString", "coordinates": [[127.3898524, 37.7136994], [127.3900643, 37.7140685], [127.3902451, 37.7143497]]}}, {"type": "Feature", "properties": {"line_ref": "경춘", "line_name": "수도권 전철 경춘선", "colour": "#007A62"}, "geometry": {"type": "LineString", "coordinates": [[127.3902451, 37.7143497], [127.3909887, 37.7153715], [127.3915659, 37.7161159], [127.392215, 37.7168822], [127.3931044, 37.7178107], [127.3942508, 37.7188665], [127.3954127, 37.7198356], [127.3964867, 37.7206669], [127.3976014, 37.7214018], [127.3983245, 37.7218614], [127.3986419, 37.7220631], [127.3997464, 37.7226747]]}}, {"type": "Feature", "properties": {"line_ref": "경춘", "line_name": "수도권 전철 경춘선", "colour": "#007A62"}, "geometry": {"type": "LineString", "coordinates": [[127.3997464, 37.7226747], [127.3999009, 37.7227521]]}}, {"type": "Feature", "properties": {"line_ref": "경춘", "line_name": "수도권 전철 경춘선", "colour": "#007A62"}, "geometry": {"type": "LineString", "coordinates": [[127.3999009, 37.7227521], [127.400563, 37.7230821]]}}, {"type": "Feature", "properties": {"line_ref": "경춘", "line_name": "수도권 전철 경춘선", "colour": "#007A62"}, "geometry": {"type": "LineString", "coordinates": [[127.400563, 37.7230821], [127.4054807, 37.725449]]}}, {"type": "Feature", "properties": {"line_ref": "경춘", "line_name": "수도권 전철 경춘선", "colour": "#007A62"}, "geometry": {"type": "LineString", "coordinates": [[127.4054807, 37.725449], [127.4056123, 37.7255126]]}}, {"type": "Feature", "properties": {"line_ref": "경춘", "line_name": "수도권 전철 경춘선", "colour": "#007A62"}, "geometry": {"type": "LineString", "coordinates": [[127.4056123, 37.7255126], [127.4090029, 37.7271732], [127.4115074, 37.7283299]]}}, {"type": "Feature", "properties": {"line_ref": "경춘", "line_name": "수도권 전철 경춘선", "colour": "#007A62"}, "geometry": {"type": "LineString", "coordinates": [[127.4115074, 37.7283299], [127.412044, 37.7286125], [127.4132817, 37.7291899]]}}, {"type": "Feature", "properties": {"line_ref": "경춘", "line_name": "수도권 전철 경춘선", "colour": "#007A62"}, "geometry": {"type": "LineString", "coordinates": [[127.4132817, 37.7291899], [127.4156623, 37.730267]]}}, {"type": "Feature", "properties": {"line_ref": "경춘", "line_name": "수도권 전철 경춘선", "colour": "#007A62"}, "geometry": {"type": "LineString", "coordinates": [[127.4156623, 37.730267], [127.4182561, 37.7315202]]}}, {"type": "Feature", "properties": {"line_ref": "경춘", "line_name": "수도권 전철 경춘선", "colour": "#007A62"}, "geometry": {"type": "LineString", "coordinates": [[127.4182561, 37.7315202], [127.421805, 37.7332242], [127.4221347, 37.7333811], [127.4229407, 37.7337677]]}}, {"type": "Feature", "properties": {"line_ref": "경춘", "line_name": "수도권 전철 경춘선", "colour": "#007A62"}, "geometry": {"type": "LineString", "coordinates": [[127.4229407, 37.7337677], [127.4233489, 37.7339659], [127.423386, 37.7339839]]}}, {"type": "Feature", "properties": {"line_ref": "경춘", "line_name": "수도권 전철 경춘선", "colour": "#007A62"}, "geometry": {"type": "LineString", "coordinates": [[127.423386, 37.7339839], [127.4239126, 37.7342333]]}}, {"type": "Feature", "properties": {"line_ref": "경춘", "line_name": "수도권 전철 경춘선", "colour": "#007A62"}, "geometry": {"type": "LineString", "coordinates": [[127.4239126, 37.7342333], [127.4256043, 37.7350344], [127.4257804, 37.7351187], [127.4266248, 37.7355228]]}}, {"type": "Feature", "properties": {"line_ref": "경춘", "line_name": "수도권 전철 경춘선", "colour": "#007A62"}, "geometry": {"type": "LineString", "coordinates": [[127.4266248, 37.7355228], [127.4276584, 37.7360175], [127.4301562, 37.7372161], [127.4303301, 37.7373034], [127.4305423, 37.7373942], [127.4316115, 37.7379099]]}}, {"type": "Feature", "properties": {"line_ref": "경춘", "line_name": "수도권 전철 경춘선", "colour": "#007A62"}, "geometry": {"type": "LineString", "coordinates": [[127.4316115, 37.7379099], [127.4328486, 37.7384858], [127.43437, 37.7392135], [127.4369414, 37.7404475]]}}, {"type": "Feature", "properties": {"line_ref": "경춘", "line_name": "수도권 전철 경춘선", "colour": "#007A62"}, "geometry": {"type": "LineString", "coordinates": [[127.4369414, 37.7404475], [127.4376221, 37.7408175]]}}, {"type": "Feature", "properties": {"line_ref": "경춘", "line_name": "수도권 전철 경춘선", "colour": "#007A62"}, "geometry": {"type": "LineString", "coordinates": [[127.4376221, 37.7408175], [127.4384409, 37.7412375], [127.4392402, 37.7417381], [127.4399118, 37.7422454], [127.4405389, 37.742817], [127.4410633, 37.7433946], [127.4414922, 37.7439651], [127.4418304, 37.7445914], [127.4420694, 37.7451469], [127.4457156, 37.7591331], [127.4459153, 37.7598928], [127.4462876, 37.7608177]]}}, {"type": "Feature", "properties": {"line_ref": "경춘", "line_name": "수도권 전철 경춘선", "colour": "#007A62"}, "geometry": {"type": "LineString", "coordinates": [[127.4462876, 37.7608177], [127.446655, 37.7613801], [127.4470644, 37.7620351], [127.4475924, 37.7627435], [127.4480531, 37.7633227], [127.4483359, 37.7636749]]}}, {"type": "Feature", "properties": {"line_ref": "경춘", "line_name": "수도권 전철 경춘선", "colour": "#007A62"}, "geometry": {"type": "LineString", "coordinates": [[127.4483359, 37.7636749], [127.4496698, 37.7652209]]}}, {"type": "Feature", "properties": {"line_ref": "경춘", "line_name": "수도권 전철 경춘선", "colour": "#007A62"}, "geometry": {"type": "LineString", "coordinates": [[127.4496698, 37.7652209], [127.4506539, 37.7664265], [127.4524754, 37.7685519], [127.45331, 37.7693401], [127.4537349, 37.7696851], [127.4544037, 37.7701614]]}}, {"type": "Feature", "properties": {"line_ref": "경춘", "line_name": "수도권 전철 경춘선", "colour": "#007A62"}, "geometry": {"type": "LineString", "coordinates": [[127.4544037, 37.7701614], [127.4548213, 37.7704169], [127.4553308, 37.7707015], [127.4562322, 37.7711359], [127.4564873, 37.7712444]]}}, {"type": "Feature", "properties": {"line_ref": "경춘", "line_name": "수도권 전철 경춘선", "colour": "#007A62"}, "geometry": {"type": "LineString", "coordinates": [[127.4564873, 37.7712444], [127.457021, 37.7714418]]}}, {"type": "Feature", "properties": {"line_ref": "경춘", "line_name": "수도권 전철 경춘선", "colour": "#007A62"}, "geometry": {"type": "LineString", "coordinates": [[127.457021, 37.7714418], [127.463402, 37.7734644]]}}, {"type": "Feature", "properties": {"line_ref": "경춘", "line_name": "수도권 전철 경춘선", "colour": "#007A62"}, "geometry": {"type": "LineString", "coordinates": [[127.463402, 37.7734644], [127.4647608, 37.7740093], [127.4661254, 37.7746298], [127.4686521, 37.776032], [127.4708462, 37.7776008], [127.4749942, 37.7814306], [127.4854763, 37.791103], [127.4877387, 37.7932406], [127.4900667, 37.7953626], [127.491144, 37.7962794]]}}, {"type": "Feature", "properties": {"line_ref": "경춘", "line_name": "수도권 전철 경춘선", "colour": "#007A62"}, "geometry": {"type": "LineString", "coordinates": [[127.491144, 37.7962794], [127.4924208, 37.7974464]]}}, {"type": "Feature", "properties": {"line_ref": "경춘", "line_name": "수도권 전철 경춘선", "colour": "#007A62"}, "geometry": {"type": "LineString", "coordinates": [[127.4924208, 37.7974464], [127.4958669, 37.8006402]]}}, {"type": "Feature", "properties": {"line_ref": "경춘", "line_name": "수도권 전철 경춘선", "colour": "#007A62"}, "geometry": {"type": "LineString", "coordinates": [[127.4958669, 37.8006402], [127.4962458, 37.8009824], [127.4966693, 37.8014131], [127.4972894, 37.8020937], [127.4978486, 37.802739]]}}, {"type": "Feature", "properties": {"line_ref": "경춘", "line_name": "수도권 전철 경춘선", "colour": "#007A62"}, "geometry": {"type": "LineString", "coordinates": [[127.4978486, 37.802739], [127.500379, 37.8058379]]}}, {"type": "Feature", "properties": {"line_ref": "경춘", "line_name": "수도권 전철 경춘선", "colour": "#007A62"}, "geometry": {"type": "LineString", "coordinates": [[127.500379, 37.8058379], [127.5016858, 37.8074751], [127.5025674, 37.8085714]]}}, {"type": "Feature", "properties": {"line_ref": "경춘", "line_name": "수도권 전철 경춘선", "colour": "#007A62"}, "geometry": {"type": "LineString", "coordinates": [[127.5025674, 37.8085714], [127.5032811, 37.8093895], [127.5037897, 37.8099406], [127.5046785, 37.8107486], [127.5065156, 37.8118717]]}}, {"type": "Feature", "properties": {"line_ref": "경춘", "line_name": "수도권 전철 경춘선", "colour": "#007A62"}, "geometry": {"type": "LineString", "coordinates": [[127.5065156, 37.8118717], [127.5070067, 37.8121829], [127.5077674, 37.8126715], [127.5097852, 37.8139485], [127.5107447, 37.8145424], [127.5112142, 37.8148387], [127.5117511, 37.8151827], [127.5134884, 37.8162888]]}}, {"type": "Feature", "properties": {"line_ref": "경춘", "line_name": "수도권 전철 경춘선", "colour": "#007A62"}, "geometry": {"type": "LineString", "coordinates": [[127.5134884, 37.8162888], [127.5139109, 37.8165503]]}}, {"type": "Feature", "properties": {"line_ref": "경춘", "line_name": "수도권 전철 경춘선", "colour": "#007A62"}, "geometry": {"type": "LineString", "coordinates": [[127.5139109, 37.8165503], [127.515635, 37.8176599], [127.5162476, 37.8180463]]}}, {"type": "Feature", "properties": {"line_ref": "경춘", "line_name": "수도권 전철 경춘선", "colour": "#007A62"}, "geometry": {"type": "LineString", "coordinates": [[127.5162476, 37.8180463], [127.5183719, 37.819386], [127.5191137, 37.819789], [127.5196966, 37.8200429], [127.5202882, 37.8203255], [127.5210409, 37.8206459], [127.5220932, 37.8210222], [127.5296433, 37.8236366]]}}, {"type": "Feature", "properties": {"line_ref": "경춘", "line_name": "수도권 전철 경춘선", "colour": "#007A62"}, "geometry": {"type": "LineString", "coordinates": [[127.5296433, 37.8236366], [127.5411256, 37.8276404], [127.5442607, 37.8286646], [127.545822, 37.8291722], [127.547419, 37.8296276], [127.5492167, 37.830092], [127.5531042, 37.8309932], [127.5563776, 37.8317769]]}}, {"type": "Feature", "properties": {"line_ref": "경춘", "line_name": "수도권 전철 경춘선", "colour": "#007A62"}, "geometry": {"type": "LineString", "coordinates": [[127.5563776, 37.8317769], [127.5571302, 37.8319414]]}}, {"type": "Feature", "properties": {"line_ref": "경춘", "line_name": "수도권 전철 경춘선", "colour": "#007A62"}, "geometry": {"type": "LineString", "coordinates": [[127.5571302, 37.8319414], [127.5576764, 37.8320608], [127.5595818, 37.8324649]]}}, {"type": "Feature", "properties": {"line_ref": "경춘", "line_name": "수도권 전철 경춘선", "colour": "#007A62"}, "geometry": {"type": "LineString", "coordinates": [[127.5595818, 37.8324649], [127.5673511, 37.8341196], [127.5685763, 37.834334], [127.5699963, 37.8345297], [127.5711903, 37.8346187], [127.5722407, 37.8346542], [127.5733039, 37.8346488]]}}, {"type": "Feature", "properties": {"line_ref": "경춘", "line_name": "수도권 전철 경춘선", "colour": "#007A62"}, "geometry": {"type": "LineString", "coordinates": [[127.5733039, 37.8346488], [127.5735619, 37.8346153]]}}, {"type": "Feature", "properties": {"line_ref": "경춘", "line_name": "수도권 전철 경춘선", "colour": "#007A62"}, "geometry": {"type": "LineString", "coordinates": [[127.5735619, 37.8346153], [127.5744168, 37.8344747], [127.5750541, 37.8343245], [127.5756575, 37.8341596], [127.5761517, 37.8340017], [127.5774992, 37.8334939], [127.5797928, 37.8325638], [127.5804994, 37.8323122], [127.5810195, 37.832133], [127.5815177, 37.8320048], [127.5820418, 37.8318866], [127.582666, 37.8317692], [127.5867169, 37.8311538], [127.5881343, 37.830954], [127.5891698, 37.8307979], [127.5905294, 37.8305941], [127.5955312, 37.8298861], [127.5970175, 37.8296717], [127.5983265, 37.8294714], [127.5991754, 37.8293029], [127.5997103, 37.8291733], [127.6002065, 37.8290262], [127.6005786, 37.8289073], [127.6009445, 37.8287852], [127.6011845, 37.8287006], [127.6015741, 37.8285377], [127.6019783, 37.8283449]]}}, {"type": "Feature", "properties": {"line_ref": "경춘", "line_name": "수도권 전철 경춘선", "colour": "#007A62"}, "geometry": {"type": "LineString", "coordinates": [[127.6019783, 37.8283449], [127.602443, 37.8280609], [127.6031962, 37.8276254], [127.6039703, 37.8270877], [127.6046001, 37.8265576], [127.6052669, 37.8259161], [127.6057814, 37.8253214], [127.6062209, 37.8247504]]}}, {"type": "Feature", "properties": {"line_ref": "경춘", "line_name": "수도권 전철 경춘선", "colour": "#007A62"}, "geometry": {"type": "LineString", "coordinates": [[127.6062209, 37.8247504], [127.6063545, 37.8245543]]}}, {"type": "Feature", "properties": {"line_ref": "경춘", "line_name": "수도권 전철 경춘선", "colour": "#007A62"}, "geometry": {"type": "LineString", "coordinates": [[127.6063545, 37.8245543], [127.6067881, 37.8238972]]}}, {"type": "Feature", "properties": {"line_ref": "경춘", "line_name": "수도권 전철 경춘선", "colour": "#007A62"}, "geometry": {"type": "LineString", "coordinates": [[127.6067881, 37.8238972], [127.6069672, 37.8236258]]}}, {"type": "Feature", "properties": {"line_ref": "경춘", "line_name": "수도권 전철 경춘선", "colour": "#007A62"}, "geometry": {"type": "LineString", "coordinates": [[127.6069672, 37.8236258], [127.6141883, 37.8124385], [127.6147548, 37.8116201], [127.615347, 37.8108149], [127.6161061, 37.809988], [127.6169939, 37.8091959], [127.617953, 37.808508], [127.6189599, 37.8079045], [127.6199314, 37.8074345], [127.6210322, 37.806964], [127.622111, 37.8065745], [127.6232917, 37.8062499], [127.6242584, 37.8060358], [127.6252073, 37.8058481], [127.6262888, 37.8056811], [127.6273145, 37.8055641], [127.6281068, 37.8055272], [127.6289544, 37.8055746]]}}, {"type": "Feature", "properties": {"line_ref": "경춘", "line_name": "수도권 전철 경춘선", "colour": "#007A62"}, "geometry": {"type": "LineString", "coordinates": [[127.6289544, 37.8055746], [127.6292507, 37.8055845]]}}, {"type": "Feature", "properties": {"line_ref": "경춘", "line_name": "수도권 전철 경춘선", "colour": "#007A62"}, "geometry": {"type": "LineString", "coordinates": [[127.6292507, 37.8055845], [127.6294697, 37.805592], [127.6306298, 37.8056318], [127.6330027, 37.8056899], [127.6341157, 37.8057393]]}}, {"type": "Feature", "properties": {"line_ref": "경춘", "line_name": "수도권 전철 경춘선", "colour": "#007A62"}, "geometry": {"type": "LineString", "coordinates": [[127.6341157, 37.8057393], [127.6352358, 37.8057638], [127.6364518, 37.805816]]}}, {"type": "Feature", "properties": {"line_ref": "경춘", "line_name": "수도권 전철 경춘선", "colour": "#007A62"}, "geometry": {"type": "LineString", "coordinates": [[127.6364518, 37.805816], [127.6380351, 37.8058686], [127.6389372, 37.8058966], [127.6396463, 37.8059186]]}}, {"type": "Feature", "properties": {"line_ref": "경춘", "line_name": "수도권 전철 경춘선", "colour": "#007A62"}, "geometry": {"type": "LineString", "coordinates": [[127.6396463, 37.8059186], [127.6463713, 37.8060546], [127.6746746, 37.8070482]]}}, {"type": "Feature", "properties": {"line_ref": "경춘", "line_name": "수도권 전철 경춘선", "colour": "#007A62"}, "geometry": {"type": "LineString", "coordinates": [[127.6746746, 37.8070482], [127.6773497, 37.8071438]]}}, {"type": "Feature", "properties": {"line_ref": "경춘", "line_name": "수도권 전철 경춘선", "colour": "#007A62"}, "geometry": {"type": "LineString", "coordinates": [[127.6773497, 37.8071438], [127.6874819, 37.8072171], [127.6894124, 37.8073327], [127.6913104, 37.8075512], [127.6931683, 37.8078137], [127.6949574, 37.8080838]]}}, {"type": "Feature", "properties": {"line_ref": "경춘", "line_name": "수도권 전철 경춘선", "colour": "#007A62"}, "geometry": {"type": "LineString", "coordinates": [[127.6949574, 37.8080838], [127.6953241, 37.8081529]]}}, {"type": "Feature", "properties": {"line_ref": "경춘", "line_name": "수도권 전철 경춘선", "colour": "#007A62"}, "geometry": {"type": "LineString", "coordinates": [[127.6953241, 37.8081529], [127.6957189, 37.8082285], [127.6968069, 37.8084643]]}}, {"type": "Feature", "properties": {"line_ref": "경춘", "line_name": "수도권 전철 경춘선", "colour": "#007A62"}, "geometry": {"type": "LineString", "coordinates": [[127.6968069, 37.8084643], [127.702475, 37.8103733]]}}, {"type": "Feature", "properties": {"line_ref": "경춘", "line_name": "수도권 전철 경춘선", "colour": "#007A62"}, "geometry": {"type": "LineString", "coordinates": [[127.702475, 37.8103733], [127.7031036, 37.8106664]]}}, {"type": "Feature", "properties": {"line_ref": "경춘", "line_name": "수도권 전철 경춘선", "colour": "#007A62"}, "geometry": {"type": "LineString", "coordinates": [[127.7031036, 37.8106664], [127.7044141, 37.8113284], [127.7056919, 37.8120501], [127.707367, 37.8131283], [127.7082379, 37.813767], [127.7096878, 37.8148735]]}}, {"type": "Feature", "properties": {"line_ref": "경춘", "line_name": "수도권 전철 경춘선", "colour": "#007A62"}, "geometry": {"type": "LineString", "coordinates": [[127.7096878, 37.8148735], [127.7105023, 37.815511], [127.7106553, 37.8156217], [127.71134, 37.8161512]]}}, {"type": "Feature", "properties": {"line_ref": "경춘", "line_name": "수도권 전철 경춘선", "colour": "#007A62"}, "geometry": {"type": "LineString", "coordinates": [[127.71134, 37.8161512], [127.713273, 37.8176494], [127.7143217, 37.8184499]]}}, {"type": "Feature", "properties": {"line_ref": "경춘", "line_name": "수도권 전철 경춘선", "colour": "#007A62"}, "geometry": {"type": "LineString", "coordinates": [[127.7143217, 37.8184499], [127.7155523, 37.8194165], [127.7167296, 37.8203311], [127.7174214, 37.8208663], [127.7198871, 37.8227738], [127.7206178, 37.8233407], [127.7214585, 37.8240032], [127.7222284, 37.824673], [127.7227868, 37.8252214], [127.7232044, 37.8257019], [127.7236913, 37.8263348], [127.7241063, 37.8269501], [127.7245869, 37.8277691], [127.7259621, 37.830225], [127.7265861, 37.8312768], [127.7271677, 37.8321612], [127.7277261, 37.8329327], [127.7286569, 37.8342025], [127.7296857, 37.8356495], [127.7300709, 37.8362676], [127.7303148, 37.8367758], [127.7305483, 37.8374], [127.7306326, 37.8377055], [127.730741, 37.8382506], [127.7308134, 37.8388306], [127.7308458, 37.839437]]}}, {"type": "Feature", "properties": {"line_ref": "경춘", "line_name": "수도권 전철 경춘선", "colour": "#007A62"}, "geometry": {"type": "LineString", "coordinates": [[127.7308458, 37.839437], [127.730851, 37.840061], [127.7308738, 37.8407881]]}}, {"type": "Feature", "properties": {"line_ref": "경춘", "line_name": "수도권 전철 경춘선", "colour": "#007A62"}, "geometry": {"type": "LineString", "coordinates": [[127.7308738, 37.8407881], [127.7309043, 37.8422328], [127.7310188, 37.8433998]]}}, {"type": "Feature", "properties": {"line_ref": "경춘", "line_name": "수도권 전철 경춘선", "colour": "#007A62"}, "geometry": {"type": "LineString", "coordinates": [[127.7310188, 37.8433998], [127.7312124, 37.8443917], [127.7315325, 37.8455116], [127.731892, 37.846432], [127.7330837, 37.8494408], [127.733606, 37.8507935], [127.7337698, 37.851322], [127.7338653, 37.8517625], [127.7339118, 37.8519844], [127.7339325, 37.8523616], [127.7339415, 37.8526305]]}}, {"type": "Feature", "properties": {"line_ref": "경춘", "line_name": "수도권 전철 경춘선", "colour": "#007A62"}, "geometry": {"type": "LineString", "coordinates": [[127.7339415, 37.8526305], [127.7339275, 37.8529963], [127.7338897, 37.8532932], [127.7338326, 37.8537879], [127.7337379, 37.8543463]]}}, {"type": "Feature", "properties": {"line_ref": "경춘", "line_name": "수도권 전철 경춘선", "colour": "#007A62"}, "geometry": {"type": "LineString", "coordinates": [[127.7337379, 37.8543463], [127.7336033, 37.8550531]]}}, {"type": "Feature", "properties": {"line_ref": "경춘", "line_name": "수도권 전철 경춘선", "colour": "#007A62"}, "geometry": {"type": "LineString", "coordinates": [[127.7336033, 37.8550531], [127.7334262, 37.8556676], [127.7333163, 37.8565555], [127.7331824, 37.8571009], [127.7329829, 37.8576729], [127.7328434, 37.8580091]]}}, {"type": "Feature", "properties": {"line_ref": "경춘", "line_name": "수도권 전철 경춘선", "colour": "#007A62"}, "geometry": {"type": "LineString", "coordinates": [[127.7328434, 37.8580091], [127.7325267, 37.8585592], [127.7323859, 37.8587759], [127.73198, 37.859254], [127.7314325, 37.8597816], [127.7311001, 37.8600174], [127.7307529, 37.8602532], [127.7302609, 37.8605513], [127.7292113, 37.8611579], [127.7283659, 37.8616136], [127.7270875, 37.8623025], [127.7261984, 37.8627811], [127.7248842, 37.8634751], [127.7245017, 37.8636804], [127.7239204, 37.8639923], [127.7229702, 37.8645038], [127.7205617, 37.865801], [127.719114, 37.8665752], [127.7184369, 37.8669659], [127.7181053, 37.8671577], [127.717685, 37.8674858], [127.7173441, 37.8677881], [127.7170545, 37.8680535], [127.7167043, 37.8685033], [127.7164474, 37.8689125], [127.7160785, 37.8697309], [127.7153547, 37.8718764]]}}, {"type": "Feature", "properties": {"line_ref": "경춘", "line_name": "수도권 전철 경춘선", "colour": "#007A62"}, "geometry": {"type": "LineString", "coordinates": [[127.7153547, 37.8718764], [127.7150048, 37.8730085]]}}, {"type": "Feature", "properties": {"line_ref": "경춘", "line_name": "수도권 전철 경춘선", "colour": "#007A62"}, "geometry": {"type": "LineString", "coordinates": [[127.7150048, 37.8730085], [127.7146355, 37.8740551], [127.7140122, 37.8760916], [127.7137337, 37.8769642], [127.7135917, 37.8776135]]}}, {"type": "Feature", "properties": {"line_ref": "경춘", "line_name": "수도권 전철 경춘선", "colour": "#007A62"}, "geometry": {"type": "LineString", "coordinates": [[127.7135917, 37.8776135], [127.7135461, 37.8779731], [127.7135425, 37.8783571], [127.7135671, 37.878697], [127.7136342, 37.8790515], [127.7138326, 37.8797443], [127.7139305, 37.8799517], [127.7144386, 37.8808384], [127.7153333, 37.8823838]]}}, {"type": "Feature", "properties": {"line_ref": "경춘", "line_name": "수도권 전철 경춘선", "colour": "#007A62"}, "geometry": {"type": "LineString", "coordinates": [[127.7153333, 37.8823838], [127.7162124, 37.883842], [127.7166203, 37.8845276]]}}, {"type": "Feature", "properties": {"line_ref": "공항철도", "line_name": "인천국제공항철도 일반열차", "colour": "#0079AC"}, "geometry": {"type": "LineString", "coordinates": [[126.4532883, 37.44757], [126.4533333, 37.447523], [126.452175, 37.4468742], [126.4521394, 37.4469118], [126.4532883, 37.44757]]}}, {"type": "Feature", "properties": {"line_ref": "공항철도", "line_name": "인천국제공항철도 일반열차", "colour": "#0079AC"}, "geometry": {"type": "LineString", "coordinates": [[126.7352388, 37.571844], [126.7352391, 37.5718052], [126.7372561, 37.5718141], [126.7372558, 37.5718529], [126.7352388, 37.571844]]}}, {"type": "Feature", "properties": {"line_ref": "공항철도", "line_name": "인천국제공항철도 일반열차", "colour": "#0079AC"}, "geometry": {"type": "LineString", "coordinates": [[126.4353031, 37.4699436], [126.4354582, 37.4700436]]}}, {"type": "Feature", "properties": {"line_ref": "공항철도", "line_name": "인천국제공항철도 일반열차", "colour": "#0079AC"}, "geometry": {"type": "LineString", "coordinates": [[126.4319363, 37.4679784], [126.4334999, 37.4688911], [126.4353031, 37.4699436]]}}, {"type": "Feature", "properties": {"line_ref": "공항철도", "line_name": "인천국제공항철도 일반열차", "colour": "#0079AC"}, "geometry": {"type": "LineString", "coordinates": [[126.4300147, 37.4670361], [126.4311639, 37.4676233], [126.4319363, 37.4679784]]}}, {"type": "Feature", "properties": {"line_ref": "공항철도", "line_name": "인천국제공항철도 일반열차", "colour": "#0079AC"}, "geometry": {"type": "LineString", "coordinates": [[126.4300147, 37.4670361], [126.4297614, 37.4668912]]}}, {"type": "Feature", "properties": {"line_ref": "공항철도", "line_name": "인천국제공항철도 일반열차", "colour": "#0079AC"}, "geometry": {"type": "LineString", "coordinates": [[126.4297614, 37.4668912], [126.428968, 37.4664376]]}}, {"type": "Feature", "properties": {"line_ref": "공항철도", "line_name": "인천국제공항철도 일반열차", "colour": "#0079AC"}, "geometry": {"type": "LineString", "coordinates": [[126.428968, 37.4664376], [126.4249452, 37.4641374], [126.424132, 37.4634889], [126.4233951, 37.4626931], [126.4227753, 37.4618677], [126.4222606, 37.4610035], [126.4218652, 37.4599169], [126.4218535, 37.4598508], [126.4217182, 37.4590891], [126.4217287, 37.4582497], [126.4219019, 37.457336], [126.4220504, 37.4569615], [126.4221613, 37.4567077], [126.4222817, 37.4564436], [126.4225082, 37.4560418], [126.4227595, 37.4556738], [126.423886, 37.4542503], [126.4247061, 37.4532207]]}}, {"type": "Feature", "properties": {"line_ref": "공항철도", "line_name": "인천국제공항철도 일반열차", "colour": "#0079AC"}, "geometry": {"type": "LineString", "coordinates": [[126.4247061, 37.4532207], [126.4247821, 37.4531259], [126.424968, 37.4528937], [126.4252046, 37.4525916], [126.4255054, 37.4522172], [126.4258113, 37.4518365], [126.4261173, 37.4514557], [126.4264192, 37.4510799], [126.4267403, 37.4506931], [126.4270667, 37.4502779], [126.4273946, 37.4498593], [126.4277076, 37.4494598], [126.4280249, 37.4490596], [126.4283072, 37.4487036], [126.428556, 37.4483898], [126.4286125, 37.4483191], [126.4288811, 37.4479833], [126.429145, 37.4476632], [126.4293685, 37.447383], [126.4296127, 37.4470769], [126.4299209, 37.4467046], [126.4302247, 37.446322], [126.4305242, 37.4459449], [126.4311281, 37.4451845], [126.431435, 37.444798], [126.431742, 37.4444114], [126.4320408, 37.4440351], [126.4323472, 37.4436493], [126.4326662, 37.4432625], [126.4329468, 37.4429093], [126.4331977, 37.4426008], [126.4334252, 37.442321], [126.4336397, 37.4420572], [126.4338237, 37.4418309], [126.4340126, 37.4415986], [126.4341982, 37.4413862], [126.434304, 37.4412651]]}}, {"type": "Feature", "properties": {"line_ref": "공항철도", "line_name": "인천국제공항철도 일반열차", "colour": "#0079AC"}, "geometry": {"type": "LineString", "coordinates": [[126.434304, 37.4412651], [126.4345827, 37.440984], [126.4349903, 37.4406629], [126.4352487, 37.440503], [126.43549, 37.4403632], [126.4356627, 37.4402816], [126.4359696, 37.440146], [126.4362949, 37.4400159], [126.4366103, 37.4399422], [126.4369408, 37.4398738], [126.4372485, 37.439831], [126.4375563, 37.4397995], [126.4378501, 37.4397855], [126.4381277, 37.4397877], [126.4384337, 37.4397993], [126.4387176, 37.4398234], [126.439012, 37.4398656], [126.4392869, 37.4399217], [126.4395733, 37.4399973], [126.4398708, 37.4401019], [126.440034, 37.4401633], [126.4401801, 37.4402353], [126.4403733, 37.4403212], [126.4406101, 37.4404341], [126.4408894, 37.4405942], [126.4436359, 37.4421314], [126.4453632, 37.4430964]]}}, {"type": "Feature", "properties": {"line_ref": "공항철도", "line_name": "인천국제공항철도 일반열차", "colour": "#0079AC"}, "geometry": {"type": "LineString", "coordinates": [[126.4453632, 37.4430964], [126.4500212, 37.4456957]]}}, {"type": "Feature", "properties": {"line_ref": "공항철도", "line_name": "인천국제공항철도 일반열차", "colour": "#0079AC"}, "geometry": {"type": "LineString", "coordinates": [[126.4500212, 37.4456957], [126.4503362, 37.4458717], [126.4504546, 37.4459379]]}}, {"type": "Feature", "properties": {"line_ref": "공항철도", "line_name": "인천국제공항철도 일반열차", "colour": "#0079AC"}, "geometry": {"type": "LineString", "coordinates": [[126.4504546, 37.4459379], [126.4511412, 37.4463243]]}}, {"type": "Feature", "properties": {"line_ref": "공항철도", "line_name": "인천국제공항철도 일반열차", "colour": "#0079AC"}, "geometry": {"type": "LineString", "coordinates": [[126.4511412, 37.4463243], [126.4516875, 37.4466824], [126.4526977, 37.4472569], [126.4537109, 37.4478203], [126.4541971, 37.4480314]]}}, {"type": "Feature", "properties": {"line_ref": "공항철도", "line_name": "인천국제공항철도 일반열차", "colour": "#0079AC"}, "geometry": {"type": "LineString", "coordinates": [[126.4541971, 37.4480314], [126.4543833, 37.4481386]]}}, {"type": "Feature", "properties": {"line_ref": "공항철도", "line_name": "인천국제공항철도 일반열차", "colour": "#0079AC"}, "geometry": {"type": "LineString", "coordinates": [[126.4543833, 37.4481386], [126.4548378, 37.4484002]]}}, {"type": "Feature", "properties": {"line_ref": "공항철도", "line_name": "인천국제공항철도 일반열차", "colour": "#0079AC"}, "geometry": {"type": "LineString", "coordinates": [[126.4548378, 37.4484002], [126.45748, 37.4499211], [126.4600575, 37.4514025], [126.4616999, 37.4523255], [126.4623464, 37.4526096], [126.4637245, 37.453013], [126.4666801, 37.4535455], [126.4679933, 37.4538973], [126.4685747, 37.4540135], [126.4690747, 37.4541942], [126.4716563, 37.4555658], [126.4776332, 37.4589066], [126.4788156, 37.4595675], [126.4810638, 37.4608648], [126.4820517, 37.4615005], [126.4827672, 37.4620717], [126.4835518, 37.4628042], [126.4839421, 37.4632592], [126.4842958, 37.4636432], [126.4846251, 37.4640982], [126.4848934, 37.4646791], [126.4850032, 37.4648953], [126.4853366, 37.4658117], [126.4856537, 37.4668959], [126.4857472, 37.4675703], [126.4857635, 37.4684221], [126.4857228, 37.46899], [126.4855927, 37.4696709], [126.4850642, 37.4723296], [126.4847959, 37.4735428], [126.4845154, 37.4749721], [126.4844097, 37.4757722], [126.4843405, 37.4764982], [126.4843405, 37.4770241], [126.4843649, 37.4774951], [126.4843934, 37.4780178], [126.4845072, 37.4784888], [126.4846292, 37.4792309], [126.4847146, 37.4795987], [126.4847837, 37.4799568], [126.4850845, 37.4807827], [126.4853447, 37.4815408], [126.4857838, 37.482457], [126.4861375, 37.4830732], [126.4865115, 37.4837023], [126.4877108, 37.485225], [126.4893329, 37.487196], [126.4907721, 37.4889251], [126.4913661, 37.4897499]]}}, {"type": "Feature", "properties": {"line_ref": "공항철도", "line_name": "인천국제공항철도 일반열차", "colour": "#0079AC"}, "geometry": {"type": "LineString", "coordinates": [[126.4923968, 37.4911355], [126.4923824, 37.4911166], [126.492158, 37.4908203], [126.4919123, 37.4904796], [126.4917453, 37.4902397], [126.4915617, 37.4899939], [126.4913661, 37.4897499]]}}, {"type": "Feature", "properties": {"line_ref": "공항철도", "line_name": "인천국제공항철도 일반열차", "colour": "#0079AC"}, "geometry": {"type": "LineString", "coordinates": [[126.4927111, 37.491543], [126.4923968, 37.4911355]]}}, {"type": "Feature", "properties": {"line_ref": "공항철도", "line_name": "인천국제공항철도 일반열차", "colour": "#0079AC"}, "geometry": {"type": "LineString", "coordinates": [[126.4947676, 37.494241], [126.4945077, 37.493899], [126.4944055, 37.4937601], [126.4942559, 37.4935569], [126.4937063, 37.4928378], [126.4931596, 37.4921223], [126.4927111, 37.491543]]}}, {"type": "Feature", "properties": {"line_ref": "공항철도", "line_name": "인천국제공항철도 일반열차", "colour": "#0079AC"}, "geometry": {"type": "LineString", "coordinates": [[126.4951849, 37.4947774], [126.4947676, 37.494241]]}}, {"type": "Feature", "properties": {"line_ref": "공항철도", "line_name": "인천국제공항철도 일반열차", "colour": "#0079AC"}, "geometry": {"type": "LineString", "coordinates": [[126.5009, 37.5020499], [126.5005838, 37.5017124], [126.5003623, 37.5014708], [126.5000324, 37.5010914], [126.4997184, 37.5007131], [126.4994244, 37.500345], [126.4991585, 37.4999987], [126.4989623, 37.4997373], [126.4986387, 37.4993156], [126.4983473, 37.4989323], [126.4979514, 37.4984061], [126.4976515, 37.4980013], [126.4972603, 37.4974863], [126.4965802, 37.4966305], [126.4961877, 37.4961017], [126.4955196, 37.4952146], [126.4951849, 37.4947774]]}}, {"type": "Feature", "properties": {"line_ref": "공항철도", "line_name": "인천국제공항철도 일반열차", "colour": "#0079AC"}, "geometry": {"type": "LineString", "coordinates": [[126.5012105, 37.5023566], [126.5009, 37.5020499]]}}, {"type": "Feature", "properties": {"line_ref": "공항철도", "line_name": "인천국제공항철도 일반열차", "colour": "#0079AC"}, "geometry": {"type": "LineString", "coordinates": [[126.503803, 37.5043928], [126.5033571, 37.5040929], [126.5031247, 37.5039269], [126.5027797, 37.5036765], [126.5024771, 37.5034482], [126.5020804, 37.5031258], [126.5017986, 37.5028862], [126.50142, 37.5025468], [126.5012105, 37.5023566]]}}, {"type": "Feature", "properties": {"line_ref": "공항철도", "line_name": "인천국제공항철도 일반열차", "colour": "#0079AC"}, "geometry": {"type": "LineString", "coordinates": [[126.5041376, 37.5046091], [126.503803, 37.5043928]]}}, {"type": "Feature", "properties": {"line_ref": "공항철도", "line_name": "인천국제공항철도 일반열차", "colour": "#0079AC"}, "geometry": {"type": "LineString", "coordinates": [[126.5172892, 37.50917], [126.5150908, 37.5085265], [126.5133935, 37.5080428], [126.5118438, 37.50761], [126.5101073, 37.5071067], [126.5090813, 37.5067797], [126.508529, 37.5066038], [126.5079017, 37.5063845], [126.5072361, 37.5061429], [126.5064897, 37.5058336], [126.5060767, 37.5056437], [126.5057243, 37.505478], [126.5053446, 37.5052813], [126.5048706, 37.5050248], [126.5045272, 37.5048341], [126.5041376, 37.5046091]]}}, {"type": "Feature", "properties": {"line_ref": "공항철도", "line_name": "인천국제공항철도 일반열차", "colour": "#0079AC"}, "geometry": {"type": "LineString", "coordinates": [[126.5177203, 37.5093084], [126.5172892, 37.50917]]}}, {"type": "Feature", "properties": {"line_ref": "공항철도", "line_name": "인천국제공항철도 일반열차", "colour": "#0079AC"}, "geometry": {"type": "LineString", "coordinates": [[126.522315, 37.5109565], [126.5216254, 37.5106899], [126.5213417, 37.5105855], [126.5211244, 37.5105072], [126.5209145, 37.5104273], [126.5200044, 37.5100898], [126.5192658, 37.5098308], [126.5182773, 37.5094903], [126.5177203, 37.5093084]]}}, {"type": "Feature", "properties": {"line_ref": "공항철도", "line_name": "인천국제공항철도 일반열차", "colour": "#0079AC"}, "geometry": {"type": "LineString", "coordinates": [[126.5229699, 37.5112315], [126.522315, 37.5109565]]}}, {"type": "Feature", "properties": {"line_ref": "공항철도", "line_name": "인천국제공항철도 일반열차", "colour": "#0079AC"}, "geometry": {"type": "LineString", "coordinates": [[126.5232562, 37.5113544], [126.5229699, 37.5112315]]}}, {"type": "Feature", "properties": {"line_ref": "공항철도", "line_name": "인천국제공항철도 일반열차", "colour": "#0079AC"}, "geometry": {"type": "LineString", "coordinates": [[126.5264822, 37.5126743], [126.5248572, 37.5120219], [126.5232562, 37.5113544]]}}, {"type": "Feature", "properties": {"line_ref": "공항철도", "line_name": "인천국제공항철도 일반열차", "colour": "#0079AC"}, "geometry": {"type": "LineString", "coordinates": [[126.5284117, 37.5134535], [126.5268887, 37.5128507], [126.5264822, 37.5126743]]}}, {"type": "Feature", "properties": {"line_ref": "공항철도", "line_name": "인천국제공항철도 일반열차", "colour": "#0079AC"}, "geometry": {"type": "LineString", "coordinates": [[126.5288725, 37.5136507], [126.5284117, 37.5134535]]}}, {"type": "Feature", "properties": {"line_ref": "공항철도", "line_name": "인천국제공항철도 일반열차", "colour": "#0079AC"}, "geometry": {"type": "LineString", "coordinates": [[126.5329892, 37.5154591], [126.5324959, 37.5152105], [126.5319334, 37.5149587], [126.5312765, 37.514665], [126.5306275, 37.5143861], [126.5300999, 37.5141681], [126.5296202, 37.5139647], [126.5288725, 37.5136507]]}}, {"type": "Feature", "properties": {"line_ref": "공항철도", "line_name": "인천국제공항철도 일반열차", "colour": "#0079AC"}, "geometry": {"type": "LineString", "coordinates": [[126.5335509, 37.5157744], [126.5329892, 37.5154591]]}}, {"type": "Feature", "properties": {"line_ref": "공항철도", "line_name": "인천국제공항철도 일반열차", "colour": "#0079AC"}, "geometry": {"type": "LineString", "coordinates": [[126.539301, 37.5199375], [126.538793, 37.519558], [126.5382686, 37.5191635], [126.5375722, 37.5186419], [126.5370335, 37.5182265], [126.5364192, 37.5177508], [126.5359714, 37.5174066], [126.5355479, 37.5170885], [126.5347625, 37.5165334], [126.5343308, 37.5162464], [126.5337322, 37.5158879], [126.5335509, 37.5157744]]}}, {"type": "Feature", "properties": {"line_ref": "공항철도", "line_name": "인천국제공항철도 일반열차", "colour": "#0079AC"}, "geometry": {"type": "LineString", "coordinates": [[126.5398216, 37.520331], [126.539301, 37.5199375]]}}, {"type": "Feature", "properties": {"line_ref": "공항철도", "line_name": "인천국제공항철도 일반열차", "colour": "#0079AC"}, "geometry": {"type": "LineString", "coordinates": [[126.5431424, 37.5227999], [126.5398216, 37.520331]]}}, {"type": "Feature", "properties": {"line_ref": "공항철도", "line_name": "인천국제공항철도 일반열차", "colour": "#0079AC"}, "geometry": {"type": "LineString", "coordinates": [[126.543999, 37.5234441], [126.5431424, 37.5227999]]}}, {"type": "Feature", "properties": {"line_ref": "공항철도", "line_name": "인천국제공항철도 일반열차", "colour": "#0079AC"}, "geometry": {"type": "LineString", "coordinates": [[126.5637624, 37.5386087], [126.5633012, 37.5383611], [126.5627114, 37.5379809], [126.5616839, 37.5372507], [126.5607558, 37.5365196], [126.5580178, 37.5341273], [126.543999, 37.5234441]]}}, {"type": "Feature", "properties": {"line_ref": "공항철도", "line_name": "인천국제공항철도 일반열차", "colour": "#0079AC"}, "geometry": {"type": "LineString", "coordinates": [[126.5979879, 37.5500387], [126.5720897, 37.5416794], [126.5684245, 37.540489], [126.5669394, 37.5400556], [126.5659336, 37.5397051], [126.5637624, 37.5386087]]}}, {"type": "Feature", "properties": {"line_ref": "공항철도", "line_name": "인천국제공항철도 일반열차", "colour": "#0079AC"}, "geometry": {"type": "LineString", "coordinates": [[126.6066827, 37.5524487], [126.6063519, 37.5523755], [126.6058091, 37.5522571], [126.6052589, 37.552146], [126.6045225, 37.5519751], [126.6023861, 37.5514675], [126.5979879, 37.5500387]]}}, {"type": "Feature", "properties": {"line_ref": "공항철도", "line_name": "인천국제공항철도 일반열차", "colour": "#0079AC"}, "geometry": {"type": "LineString", "coordinates": [[126.6080072, 37.552731], [126.6066827, 37.5524487]]}}, {"type": "Feature", "properties": {"line_ref": "공항철도", "line_name": "인천국제공항철도 일반열차", "colour": "#0079AC"}, "geometry": {"type": "LineString", "coordinates": [[126.6090567, 37.5529619], [126.6090004, 37.5529492], [126.6084604, 37.5528271], [126.6080072, 37.552731]]}}, {"type": "Feature", "properties": {"line_ref": "공항철도", "line_name": "인천국제공항철도 일반열차", "colour": "#0079AC"}, "geometry": {"type": "LineString", "coordinates": [[126.6100811, 37.553215], [126.609545, 37.553083], [126.6090567, 37.5529619]]}}, {"type": "Feature", "properties": {"line_ref": "공항철도", "line_name": "인천국제공항철도 일반열차", "colour": "#0079AC"}, "geometry": {"type": "LineString", "coordinates": [[126.6366202, 37.5601624], [126.6365338, 37.5601082], [126.6361653, 37.5598891], [126.635805, 37.5596852], [126.6354968, 37.559515], [126.6351176, 37.5593068], [126.6346399, 37.559069], [126.6341449, 37.5588471], [126.6336562, 37.5586406], [126.6331445, 37.5584406], [126.6326287, 37.5582588], [126.6320719, 37.5580843], [126.6315432, 37.5579283], [126.6310157, 37.5577926], [126.630498, 37.5576672], [126.6299615, 37.5575447], [126.6294109, 37.5574219], [126.6288612, 37.5573163], [126.6283114, 37.5572107], [126.627766, 37.5571028], [126.6272119, 37.5569935], [126.6266548, 37.5568857], [126.6261095, 37.5567803], [126.6246726, 37.5565025], [126.6239059, 37.5563396], [126.6233784, 37.5562318], [126.6222716, 37.5560166], [126.621683, 37.555907], [126.6211333, 37.5557913], [126.6205805, 37.5556788], [126.6200578, 37.555576], [126.6195262, 37.5554714], [126.618968, 37.5553631], [126.618422, 37.5552501], [126.6178667, 37.555146], [126.6173296, 37.5550305], [126.6167788, 37.554919], [126.6162327, 37.5548028], [126.6156822, 37.5546804], [126.6151342, 37.5545554], [126.614601, 37.5544291], [126.6140684, 37.5542951], [126.6135159, 37.5541575], [126.6130417, 37.5540278], [126.6126574, 37.553927], [126.612232, 37.5538058], [126.6116906, 37.5536589], [126.6111373, 37.5535088], [126.6106298, 37.5533652], [126.6100811, 37.553215]]}}, {"type": "Feature", "properties": {"line_ref": "공항철도", "line_name": "인천국제공항철도 일반열차", "colour": "#0079AC"}, "geometry": {"type": "LineString", "coordinates": [[126.6373357, 37.5606237], [126.6366202, 37.5601624]]}}, {"type": "Feature", "properties": {"line_ref": "공항철도", "line_name": "인천국제공항철도 일반열차", "colour": "#0079AC"}, "geometry": {"type": "LineString", "coordinates": [[126.6638038, 37.5687814], [126.6633852, 37.5687619], [126.6622697, 37.5687076], [126.660615, 37.5686625], [126.6599758, 37.5686432], [126.6589018, 37.5685609], [126.6582026, 37.5684918], [126.6564132, 37.5682875], [126.6549694, 37.5680619], [126.6534402, 37.5677623], [126.6517708, 37.5673715], [126.649935, 37.5668943], [126.6482217, 37.5663379], [126.6467167, 37.5657907], [126.6449773, 37.5651047], [126.6437213, 37.5645429], [126.6420978, 37.5636695], [126.6401691, 37.5625252], [126.6387192, 37.5615272], [126.6382801, 37.5612403], [126.6378389, 37.5609459], [126.6374045, 37.5606698], [126.6373357, 37.5606237]]}}, {"type": "Feature", "properties": {"line_ref": "공항철도", "line_name": "인천국제공항철도 일반열차", "colour": "#0079AC"}, "geometry": {"type": "LineString", "coordinates": [[126.6639254, 37.5687869], [126.6638038, 37.5687814]]}}, {"type": "Feature", "properties": {"line_ref": "공항철도", "line_name": "인천국제공항철도 일반열차", "colour": "#0079AC"}, "geometry": {"type": "LineString", "coordinates": [[126.6701966, 37.5691435], [126.6683384, 37.5690537], [126.6663881, 37.5689082], [126.6655096, 37.5688492], [126.6639254, 37.5687869]]}}, {"type": "Feature", "properties": {"line_ref": "공항철도", "line_name": "인천국제공항철도 일반열차", "colour": "#0079AC"}, "geometry": {"type": "LineString", "coordinates": [[126.6778169, 37.5693817], [126.6754482, 37.569242], [126.6736778, 37.5691612], [126.6721341, 37.5691033], [126.6701966, 37.5691435]]}}, {"type": "Feature", "properties": {"line_ref": "공항철도", "line_name": "인천국제공항철도 일반열차", "colour": "#0079AC"}, "geometry": {"type": "LineString", "coordinates": [[126.6792057, 37.5694129], [126.6778169, 37.5693817]]}}, {"type": "Feature", "properties": {"line_ref": "공항철도", "line_name": "인천국제공항철도 일반열차", "colour": "#0079AC"}, "geometry": {"type": "LineString", "coordinates": [[126.7080372, 37.5705465], [126.7070781, 37.5705092], [126.7010606, 37.5702752], [126.6792057, 37.5694129]]}}, {"type": "Feature", "properties": {"line_ref": "공항철도", "line_name": "인천국제공항철도 일반열차", "colour": "#0079AC"}, "geometry": {"type": "LineString", "coordinates": [[126.7084949, 37.5705702], [126.7080372, 37.5705465]]}}, {"type": "Feature", "properties": {"line_ref": "공항철도", "line_name": "인천국제공항철도 일반열차", "colour": "#0079AC"}, "geometry": {"type": "LineString", "coordinates": [[126.7388606, 37.5717976], [126.7385497, 37.5717967], [126.7363487, 37.5717906], [126.7349304, 37.571773], [126.7344694, 37.5717673], [126.7339969, 37.571767], [126.7334225, 37.5717667], [126.7328822, 37.5717663], [126.7323075, 37.571766], [126.7317519, 37.5717656], [126.7311855, 37.5717519], [126.7306165, 37.5717336], [126.730054, 37.5717085], [126.729163, 37.5716769], [126.713792, 37.5708428], [126.7110552, 37.5706844], [126.7084949, 37.5705702]]}}, {"type": "Feature", "properties": {"line_ref": "공항철도", "line_name": "인천국제공항철도 일반열차", "colour": "#0079AC"}, "geometry": {"type": "LineString", "coordinates": [[126.739367, 37.5717927], [126.7388606, 37.5717976]]}}, {"type": "Feature", "properties": {"line_ref": "공항철도", "line_name": "인천국제공항철도 일반열차", "colour": "#0079AC"}, "geometry": {"type": "LineString", "coordinates": [[126.750549, 37.570287], [126.7457556, 37.5712161], [126.7448199, 37.5713858], [126.7438624, 37.5715295], [126.7430824, 37.5716325], [126.7424223, 37.5716905], [126.7418807, 37.5717299], [126.7411834, 37.5717677], [126.7403078, 37.5717912], [126.739367, 37.5717927]]}}, {"type": "Feature", "properties": {"line_ref": "공항철도", "line_name": "인천국제공항철도 일반열차", "colour": "#0079AC"}, "geometry": {"type": "LineString", "coordinates": [[126.750549, 37.570287], [126.7520268, 37.5699812], [126.7532402, 37.5698809], [126.7545108, 37.5698609], [126.7563776, 37.5698609], [126.7582659, 37.569997], [126.7599396, 37.5702861], [126.7614631, 37.5706773], [126.7627291, 37.5711365], [126.7716915, 37.5750381], [126.7725461, 37.575286], [126.7737541, 37.575485], [126.7745424, 37.5754928], [126.7751879, 37.57547], [126.775828, 37.5754183], [126.7766846, 37.5753115], [126.7780446, 37.5749756], [126.7791561, 37.5745696], [126.7800503, 37.5740985], [126.7808588, 37.5736151], [126.7854073, 37.569213], [126.7924125, 37.5631417], [126.7931324, 37.5626654], [126.7935665, 37.5624818], [126.7943122, 37.5622767], [126.7951679, 37.5621619], [126.7979326, 37.5620123], [126.7998687, 37.5618868], [126.8015492, 37.5617908], [126.8090026, 37.5613652], [126.813626, 37.5610165], [126.8162982, 37.5608464], [126.8170009, 37.5608294], [126.8175159, 37.5608676], [126.8179559, 37.5609532]]}}, {"type": "Feature", "properties": {"line_ref": "공항철도", "line_name": "인천국제공항철도 일반열차", "colour": "#0079AC"}, "geometry": {"type": "LineString", "coordinates": [[126.8179559, 37.5609532], [126.8186141, 37.5611383], [126.8191147, 37.561266], [126.8195867, 37.5614318], [126.820013, 37.5616059], [126.8275999, 37.5656968], [126.8287689, 37.5663271], [126.8288876, 37.5663911], [126.8300788, 37.5670295], [126.8305361, 37.5673034], [126.8309678, 37.5675885], [126.8312904, 37.5678258], [126.8315784, 37.5680572], [126.8318197, 37.568283], [126.8320775, 37.5685475], [126.8322769, 37.5687695], [126.8325137, 37.5690544], [126.8327447, 37.5693658], [126.8329764, 37.5697331], [126.8332344, 37.5702293], [126.8343477, 37.572681]]}}, {"type": "Feature", "properties": {"line_ref": "공항철도", "line_name": "인천국제공항철도 일반열차", "colour": "#0079AC"}, "geometry": {"type": "LineString", "coordinates": [[126.8343477, 37.572681], [126.835609, 37.5755022], [126.8358069, 37.5759175]]}}, {"type": "Feature", "properties": {"line_ref": "공항철도", "line_name": "인천국제공항철도 일반열차", "colour": "#0079AC"}, "geometry": {"type": "LineString", "coordinates": [[126.8358069, 37.5759175], [126.8361167, 37.57653], [126.8362408, 37.5767589], [126.8363407, 37.5769324], [126.8364434, 37.5770947], [126.8365407, 37.5772436], [126.8366573, 37.5774091], [126.8372096, 37.5781872], [126.8373852, 37.578435], [126.8375485, 37.5786474], [126.8377919, 37.5789404], [126.8380137, 37.5791919], [126.8423342, 37.5839275], [126.8427545, 37.5843864], [126.8448531, 37.586616], [126.8485239, 37.5906252], [126.8487481, 37.5908694], [126.849047, 37.5911747], [126.8493178, 37.5914356], [126.8496331, 37.5917168], [126.8499166, 37.5919522], [126.8501939, 37.5921744], [126.8504835, 37.5924014], [126.8507577, 37.5925918], [126.8510885, 37.5928083], [126.8513446, 37.5929645], [126.8516089, 37.5931143], [126.8518955, 37.5932609]]}}, {"type": "Feature", "properties": {"line_ref": "공항철도", "line_name": "인천국제공항철도 일반열차", "colour": "#0079AC"}, "geometry": {"type": "LineString", "coordinates": [[126.8518955, 37.5932609], [126.8523386, 37.5934799], [126.8528854, 37.5937376], [126.8531437, 37.5938593], [126.853405, 37.5939748], [126.8537433, 37.5941242], [126.8540665, 37.5942611], [126.8544974, 37.5944286], [126.8549078, 37.5945734], [126.8553683, 37.5947197]]}}, {"type": "Feature", "properties": {"line_ref": "공항철도", "line_name": "인천국제공항철도 일반열차", "colour": "#0079AC"}, "geometry": {"type": "LineString", "coordinates": [[126.8553683, 37.5947197], [126.8555778, 37.5947804], [126.8558281, 37.5948492], [126.8560699, 37.594905], [126.8562963, 37.5949526], [126.8565349, 37.5949953], [126.8568048, 37.5950389], [126.8570831, 37.5950838], [126.8574705, 37.595144]]}}, {"type": "Feature", "properties": {"line_ref": "공항철도", "line_name": "인천국제공항철도 일반열차", "colour": "#0079AC"}, "geometry": {"type": "LineString", "coordinates": [[126.8574705, 37.595144], [126.8577295, 37.5951746], [126.8579852, 37.5952076], [126.8582163, 37.5952295], [126.8584443, 37.5952454], [126.8587416, 37.5952662], [126.8589449, 37.5952735], [126.8590482, 37.5952759]]}}, {"type": "Feature", "properties": {"line_ref": "공항철도", "line_name": "인천국제공항철도 일반열차", "colour": "#0079AC"}, "geometry": {"type": "LineString", "coordinates": [[126.8590482, 37.5952759], [126.8593907, 37.5952799], [126.8598379, 37.5952751], [126.8602709, 37.5952622], [126.8606287, 37.5952445], [126.8609747, 37.5952267], [126.8612426, 37.5952042]]}}, {"type": "Feature", "properties": {"line_ref": "공항철도", "line_name": "인천국제공항철도 일반열차", "colour": "#0079AC"}, "geometry": {"type": "LineString", "coordinates": [[126.8612426, 37.5952042], [126.861759, 37.5951521], [126.8621351, 37.5951064], [126.862365, 37.5950712], [126.8627116, 37.595015], [126.863029, 37.5949577], [126.8634018, 37.5948783]]}}, {"type": "Feature", "properties": {"line_ref": "공항철도", "line_name": "인천국제공항철도 일반열차", "colour": "#0079AC"}, "geometry": {"type": "LineString", "coordinates": [[126.8634018, 37.5948783], [126.8638069, 37.5947856], [126.8641073, 37.5947099], [126.8644339, 37.5946195], [126.8647189, 37.5945341], [126.8649561, 37.5944596], [126.8653521, 37.5943217], [126.8654476, 37.59429]]}}, {"type": "Feature", "properties": {"line_ref": "공항철도", "line_name": "인천국제공항철도 일반열차", "colour": "#0079AC"}, "geometry": {"type": "LineString", "coordinates": [[126.8654476, 37.59429], [126.866446, 37.5939236]]}}, {"type": "Feature", "properties": {"line_ref": "공항철도", "line_name": "인천국제공항철도 일반열차", "colour": "#0079AC"}, "geometry": {"type": "LineString", "coordinates": [[126.866446, 37.5939236], [126.8666376, 37.5938546], [126.8669077, 37.5937567], [126.8674286, 37.5935759], [126.8679315, 37.5934241], [126.8684667, 37.5932325], [126.868883, 37.5930835], [126.8690824, 37.5930121]]}}, {"type": "Feature", "properties": {"line_ref": "공항철도", "line_name": "인천국제공항철도 일반열차", "colour": "#0079AC"}, "geometry": {"type": "LineString", "coordinates": [[126.8690824, 37.5930121], [126.8693522, 37.592915]]}}, {"type": "Feature", "properties": {"line_ref": "공항철도", "line_name": "인천국제공항철도 일반열차", "colour": "#0079AC"}, "geometry": {"type": "LineString", "coordinates": [[126.8693522, 37.592915], [126.8697564, 37.5927719], [126.8701648, 37.5926273], [126.8705815, 37.5924798], [126.87099, 37.5923257], [126.8714596, 37.5921614], [126.8732486, 37.5915187]]}}, {"type": "Feature", "properties": {"line_ref": "공항철도", "line_name": "인천국제공항철도 일반열차", "colour": "#0079AC"}, "geometry": {"type": "LineString", "coordinates": [[126.8732486, 37.5915187], [126.8740565, 37.5912296]]}}, {"type": "Feature", "properties": {"line_ref": "공항철도", "line_name": "인천국제공항철도 일반열차", "colour": "#0079AC"}, "geometry": {"type": "LineString", "coordinates": [[126.8740565, 37.5912296], [126.8748645, 37.5909405]]}}, {"type": "Feature", "properties": {"line_ref": "공항철도", "line_name": "인천국제공항철도 일반열차", "colour": "#0079AC"}, "geometry": {"type": "LineString", "coordinates": [[126.8748645, 37.5909405], [126.8780402, 37.5898242]]}}, {"type": "Feature", "properties": {"line_ref": "공항철도", "line_name": "인천국제공항철도 일반열차", "colour": "#0079AC"}, "geometry": {"type": "LineString", "coordinates": [[126.8780402, 37.5898242], [126.8784857, 37.5896618]]}}, {"type": "Feature", "properties": {"line_ref": "공항철도", "line_name": "인천국제공항철도 일반열차", "colour": "#0079AC"}, "geometry": {"type": "LineString", "coordinates": [[126.8784857, 37.5896618], [126.8787178, 37.5895723]]}}, {"type": "Feature", "properties": {"line_ref": "공항철도", "line_name": "인천국제공항철도 일반열차", "colour": "#0079AC"}, "geometry": {"type": "LineString", "coordinates": [[126.8787178, 37.5895723], [126.8798628, 37.5891466]]}}, {"type": "Feature", "properties": {"line_ref": "공항철도", "line_name": "인천국제공항철도 일반열차", "colour": "#0079AC"}, "geometry": {"type": "LineString", "coordinates": [[126.8798628, 37.5891466], [126.8802808, 37.5889912]]}}, {"type": "Feature", "properties": {"line_ref": "공항철도", "line_name": "인천국제공항철도 일반열차", "colour": "#0079AC"}, "geometry": {"type": "LineString", "coordinates": [[126.8802808, 37.5889912], [126.8807685, 37.5888099], [126.8813827, 37.5885815], [126.8822617, 37.5882587], [126.8827218, 37.5880596], [126.8830987, 37.5878759], [126.8834013, 37.587702], [126.8837853, 37.5874468]]}}, {"type": "Feature", "properties": {"line_ref": "공항철도", "line_name": "인천국제공항철도 일반열차", "colour": "#0079AC"}, "geometry": {"type": "LineString", "coordinates": [[126.8837853, 37.5874468], [126.8846074, 37.5868543], [126.8848487, 37.5866623], [126.8850359, 37.5865252], [126.8852184, 37.5863843], [126.8854408, 37.5862278], [126.8855734, 37.5861341], [126.8857841, 37.5859308], [126.8859043, 37.5857935], [126.8860306, 37.5856295], [126.886162, 37.5854481], [126.8866016, 37.5847647], [126.8867055, 37.5846338], [126.8868367, 37.5844997], [126.8870539, 37.5843334], [126.8886595, 37.5832376], [126.8890015, 37.5830323], [126.8894471, 37.5827777], [126.8918686, 37.5815216], [126.8921216, 37.5813781], [126.892465, 37.5811766], [126.8928002, 37.5809623], [126.8933023, 37.5806286], [126.8940279, 37.5801331], [126.8969355, 37.5781859]]}}, {"type": "Feature", "properties": {"line_ref": "공항철도", "line_name": "인천국제공항철도 일반열차", "colour": "#0079AC"}, "geometry": {"type": "LineString", "coordinates": [[126.8969355, 37.5781859], [126.8972744, 37.5779558], [126.8980613, 37.577433], [126.899024, 37.5767934], [126.8994016, 37.5765425]]}}, {"type": "Feature", "properties": {"line_ref": "공항철도", "line_name": "인천국제공항철도 일반열차", "colour": "#0079AC"}, "geometry": {"type": "LineString", "coordinates": [[126.8994016, 37.5765425], [126.9001608, 37.5760381], [126.902494, 37.5744144], [126.9034885, 37.5738052], [126.9048289, 37.573023], [126.9064275, 37.5720937], [126.9070454, 37.571736], [126.9074857, 37.5714773], [126.9079908, 37.5712018], [126.9085468, 37.5708957], [126.9089594, 37.5706749], [126.9095713, 37.5704091], [126.9104779, 37.5700176], [126.9111121, 37.5697679], [126.9116264, 37.56956], [126.9120929, 37.5693828], [126.9125604, 37.5691991], [126.9131153, 37.5689872], [126.9136062, 37.5688003], [126.9139264, 37.5686803], [126.9147344, 37.5683194], [126.9158595, 37.5678151], [126.9161421, 37.5676983], [126.9167387, 37.5674534], [126.9172265, 37.56726], [126.9176738, 37.5670763], [126.917906, 37.5669707], [126.9179909, 37.5669321], [126.9184157, 37.5667477], [126.9186989, 37.5666176], [126.919072, 37.5664204], [126.9193579, 37.5662135], [126.9197827, 37.5656939], [126.9202889, 37.5650639], [126.9207696, 37.5644774], [126.9211081, 37.5640448], [126.9214424, 37.5636307], [126.9217443, 37.5632568], [126.921977, 37.562966], [126.9222942, 37.5625559], [126.9225228, 37.5622796], [126.9228776, 37.5618397], [126.923275, 37.561345], [126.9235311, 37.5610122], [126.9238279, 37.5606545], [126.9241602, 37.5602356], [126.9246084, 37.5596692], [126.9249469, 37.5592502], [126.925389, 37.558708], [126.9255384, 37.5585243], [126.9258189, 37.5582012], [126.9260244, 37.557996], [126.9260537, 37.5579667], [126.9264094, 37.5576686], [126.9264484, 37.5576415], [126.9267692, 37.5574188], [126.9270914, 37.557211], [126.9273242, 37.5570716], [126.9275295, 37.5569588], [126.9279004, 37.5567799], [126.9281007, 37.5566937], [126.9285347, 37.5565325], [126.9289046, 37.556377], [126.9292146, 37.5562433], [126.9295287, 37.5561039], [126.9297949, 37.5559718], [126.9301019, 37.5558082], [126.9304525, 37.5556245], [126.930945, 37.5553013], [126.9314582, 37.5549562], [126.9320262, 37.5545564], [126.9325872, 37.5541573], [126.9334224, 37.553566], [126.9342117, 37.5529964], [126.9348063, 37.5525713], [126.9354168, 37.552128], [126.9359636, 37.5517309], [126.9367369, 37.5511698], [126.9372731, 37.5507517], [126.9374784, 37.5505581], [126.9378217, 37.5501302], [126.9380747, 37.5497724], [126.9384233, 37.5493354], [126.9386282, 37.5490895], [126.9388295, 37.5488387], [126.9389817, 37.5486648], [126.9392316, 37.5483519], [126.9395284, 37.5480594], [126.9398282, 37.5477895], [126.940185, 37.5475147], [126.9405793, 37.5472383], [126.9407338, 37.5471496], [126.941058, 37.5469828], [126.9413182, 37.5468749], [126.9417055, 37.5467177], [126.9420185, 37.5466073], [126.9422614, 37.5465219], [126.9427096, 37.5463914], [126.9432087, 37.5462592], [126.9437168, 37.5461206], [126.9441285, 37.5460013], [126.9445147, 37.5458772], [126.9449578, 37.5457209], [126.9453319, 37.5455767], [126.9457658, 37.5453889], [126.9461947, 37.5451898], [126.9465891, 37.5450061], [126.9470495, 37.5447982], [126.9480913, 37.544326], [126.949689, 37.5436071], [126.9502946, 37.543325], [126.9507288, 37.5431228], [126.9519982, 37.5425377], [126.9522541, 37.5424161], [126.9534404, 37.5418527], [126.9544578, 37.5413861], [126.9550168, 37.5411017], [126.9555535, 37.5407688], [126.956613, 37.5401207], [126.9571922, 37.5398861], [126.9581535, 37.539549], [126.9591025, 37.539334], [126.9618292, 37.5386597], [126.9627646, 37.5384171], [126.9633536, 37.5383045], [126.9644836, 37.5382077], [126.9650926, 37.5381749], [126.9655172, 37.538185], [126.9659291, 37.5382518], [126.9662863, 37.538353], [126.966882, 37.5386463], [126.9672942, 37.5388785], [126.9678471, 37.5392457], [126.9689836, 37.5402515], [126.9700547, 37.5411702], [126.9704988, 37.5415845], [126.9706409, 37.5417989], [126.9707168, 37.5419726], [126.9708031, 37.5423155], [126.9708923, 37.5427492], [126.9709283, 37.5431052], [126.9708978, 37.5436317], [126.9708399, 37.5440142], [126.970805, 37.5442992], [126.9706313, 37.5449674], [126.9704209, 37.5459713], [126.9702329, 37.5470364], [126.9700969, 37.5480233], [126.9699586, 37.5496589], [126.9698604, 37.5512872], [126.9698328, 37.5518071], [126.9698222, 37.5518984]]}}, {"type": "Feature", "properties": {"line_ref": "공항철도", "line_name": "인천국제공항철도 일반열차", "colour": "#0079AC"}, "geometry": {"type": "LineString", "coordinates": [[126.9698222, 37.5518984], [126.9698139, 37.5522193], [126.9698126, 37.5541059]]}}, {"type": "Feature", "properties": {"line_ref": "김포 골드라인", "line_name": "김포 골드라인", "colour": "#957326"}, "geometry": {"type": "LineString", "coordinates": [[126.801897, 37.5623114], [126.8028709, 37.5622308], [126.804027, 37.5621412], [126.8043862, 37.5621112], [126.8045995, 37.5621027], [126.8048241, 37.5621155], [126.8049795, 37.5621314], [126.8051349, 37.5621559], [126.8053654, 37.5622143], [126.8054955, 37.5622587], [126.8056148, 37.5623201], [126.8057281, 37.562387], [126.8058414, 37.5624878], [126.8059708, 37.5626525], [126.8060514, 37.5627925], [126.8061213, 37.5629495], [126.8063577, 37.5635783], [126.8063898, 37.5636761], [126.8063952, 37.5637675], [126.8063898, 37.5638674], [126.8063577, 37.5640928], [126.8062343, 37.5646116], [126.806186, 37.5647774], [126.8049683, 37.5684214], [126.8043192, 37.5703901], [126.8036969, 37.5722524], [126.8034501, 37.5730219], [126.8031712, 37.5738765], [126.8030907, 37.5740508], [126.8029995, 37.5742337], [126.802903, 37.5743697], [126.8018033, 37.5759555], [126.8007143, 37.5775711], [126.8001349, 37.5784554], [126.7997433, 37.5790549], [126.7992069, 37.5798754], [126.7989655, 37.5801517], [126.7986317, 37.5805143], [126.7979127, 37.5812376], [126.797367, 37.5817146], [126.7929788, 37.585387], [126.789728, 37.5880226], [126.7893846, 37.5883286], [126.7889769, 37.5886517], [126.7886443, 37.5888727], [126.7839237, 37.5917802], [126.7815472, 37.5932042], [126.7809384, 37.5935591], [126.7802799, 37.5939746], [126.778631, 37.595313], [126.7781945, 37.5956312], [126.777084, 37.596409], [126.7767032, 37.5966598], [126.7764564, 37.5968298], [126.7733665, 37.598768], [126.7726584, 37.5992015], [126.7717679, 37.599788], [126.7713602, 37.600111], [126.7711349, 37.6003299], [126.7709149, 37.6005382], [126.7707755, 37.6006742], [126.7706092, 37.6008527], [126.7704429, 37.6010397], [126.7701876, 37.6013319], [126.7701049, 37.6014265], [126.7698582, 37.6017282], [126.7696972, 37.6019025], [126.7695685, 37.602047], [126.7694183, 37.6022127], [126.7693056, 37.6023105], [126.7691608, 37.6024167], [126.7690159, 37.6024975], [126.7682274, 37.6028035], [126.7664893, 37.603475], [126.7662908, 37.603543], [126.7660816, 37.6035897], [126.7658563, 37.6036407], [126.7656954, 37.6036705], [126.7654486, 37.6037172], [126.7652501, 37.6037342], [126.76488, 37.6037555], [126.7645957, 37.6037597], [126.7642792, 37.603781], [126.7639573, 37.6038065], [126.7635389, 37.603832], [126.7631634, 37.6038617], [126.7629541, 37.603883], [126.7626108, 37.603917], [126.7622568, 37.603968], [126.7619081, 37.604019], [126.7616935, 37.6040615], [126.7613663, 37.6041295], [126.7610069, 37.6042102], [126.7606743, 37.6042952], [126.7603524, 37.6043802], [126.7600949, 37.6044482], [126.7597999, 37.604529], [126.7595424, 37.6046055], [126.7593278, 37.6046437], [126.7589577, 37.6047032], [126.7581691, 37.6048137], [126.7579116, 37.6048477], [126.7576541, 37.6048732], [126.7573805, 37.6048944], [126.7570265, 37.6049114], [126.7561413, 37.6049667], [126.7551543, 37.6050177], [126.7547251, 37.6050602], [126.7542799, 37.6051154], [126.7537113, 37.6051962], [126.7496397, 37.6058464], [126.748894, 37.6059909], [126.7480196, 37.6061822], [126.7476656, 37.6062756], [126.7471506, 37.6064414], [126.746598, 37.6066624], [126.744227, 37.6076653], [126.7408296, 37.6091201], [126.7399899, 37.6094759], [126.7390072, 37.6099102], [126.7362287, 37.6110751], [126.7348555, 37.6115653], [126.7331759, 37.6121268], [126.7327682, 37.6122845], [126.7324458, 37.6124305], [126.7321609, 37.6126074], [126.7317556, 37.6128184], [126.7314747, 37.6130141], [126.7308454, 37.6134653], [126.7293371, 37.6145209], [126.7282439, 37.615236], [126.7276643, 37.6156296], [126.7269159, 37.6161154], [126.7262355, 37.6165151], [126.7246705, 37.6174044], [126.7239038, 37.6178595], [126.7238438, 37.6178951], [126.722408, 37.6187474], [126.7220168, 37.6190034], [126.7215235, 37.6193447], [126.7212598, 37.6195221], [126.7211095, 37.6196007], [126.7196924, 37.6203085], [126.7188074, 37.6207505], [126.7186004, 37.6208448], [126.7174635, 37.6213164], [126.7165279, 37.6217026], [126.7159609, 37.6219272], [126.7157058, 37.622035], [126.7154903, 37.6221383], [126.7153202, 37.6222416], [126.7151501, 37.6223763], [126.7149913, 37.622511], [126.7148524, 37.6226413], [126.7147361, 37.6227625], [126.7146341, 37.6228793], [126.714515, 37.6230185], [126.7144299, 37.6231488], [126.7141011, 37.6236608], [126.7139933, 37.6238494], [126.7139026, 37.6240156], [126.7138289, 37.6241727], [126.7137552, 37.6242985], [126.7136758, 37.6244198], [126.7121165, 37.6268], [126.7119719, 37.6269863], [126.7117514, 37.6272597], [126.711497, 37.6275331], [126.7112425, 37.6277975], [126.7109654, 37.6280799], [126.7108066, 37.6282303], [126.7106649, 37.6283403], [126.71056, 37.6284257], [126.7104437, 37.628511], [126.7099221, 37.6288508], [126.7058836, 37.6315929], [126.7054199, 37.6319059], [126.7038053, 37.6330409], [126.7033547, 37.6333808], [126.7030114, 37.6337207], [126.7027002, 37.634052], [126.7025447, 37.6342177], [126.7023891, 37.6344174], [126.7022282, 37.6346638], [126.7006188, 37.6380707], [126.7004928, 37.6383574], [126.6997444, 37.6403434], [126.6988057, 37.642582], [126.6982102, 37.6440814], [126.6972822, 37.6462179], [126.6966492, 37.6477046], [126.6963488, 37.6482737], [126.6961503, 37.6486263], [126.6959947, 37.6488514], [126.6958821, 37.6489894], [126.6957694, 37.6491062], [126.6956085, 37.6492464], [126.6953564, 37.6494545], [126.6951203, 37.6496159], [126.6949701, 37.6497051], [126.6947502, 37.6498155], [126.693908, 37.650185], [126.6898471, 37.652092], [126.6878247, 37.6530349], [126.6873151, 37.6532643], [126.6869932, 37.6533917], [126.6866445, 37.6535063], [126.6862583, 37.6536083], [126.6858935, 37.6536847], [126.6856629, 37.6537314], [126.6853088, 37.6537824], [126.6850298, 37.6538121], [126.6846651, 37.6538419], [126.6842037, 37.6538504], [126.683853, 37.6538351], [126.6834152, 37.6537994], [126.6830879, 37.6537527], [126.6827822, 37.6537017], [126.6823208, 37.6536083], [126.6821009, 37.6535446], [126.6818434, 37.6534639], [126.6813874, 37.6533025], [126.681028, 37.6531538], [126.6808134, 37.6530562], [126.6805935, 37.6529372], [126.6804214, 37.652839], [126.679296, 37.6521808], [126.6782182, 37.6514976], [126.6769316, 37.6506524], [126.6756682, 37.649874], [126.6745482, 37.6491227], [126.6735316, 37.6483841], [126.6726707, 37.6478287], [126.6724231, 37.6476828], [126.6721713, 37.6475389], [126.6720211, 37.6474285], [126.671887, 37.6473053], [126.6717583, 37.6471694], [126.6716295, 37.6470207], [126.6702829, 37.6455164], [126.6697497, 37.6449409], [126.6693443, 37.6444679], [126.6689623, 37.6440357], [126.6675687, 37.6424333], [126.6650206, 37.6395193], [126.6649133, 37.6394216], [126.6647835, 37.6393563], [126.664643, 37.6393292], [126.6644801, 37.639326], [126.6643366, 37.6393451], [126.6642213, 37.6393918], [126.6639745, 37.6395193], [126.6613781, 37.6409636], [126.6597366, 37.6419023], [126.6594523, 37.6420425], [126.6592538, 37.6421317], [126.6590232, 37.6422124], [126.6587603, 37.6422931], [126.6584813, 37.6423653], [126.658256, 37.6424163], [126.6580629, 37.6424545], [126.6578591, 37.6424843], [126.6574648, 37.6425374], [126.6570812, 37.642582], [126.6566655, 37.6426266], [126.6562605, 37.6426627], [126.6559923, 37.6426839], [126.655724, 37.6427009], [126.6553217, 37.6427052], [126.6548818, 37.6426924], [126.6544258, 37.6426712], [126.6541952, 37.6426499], [126.6538733, 37.6426244], [126.6535836, 37.6425905], [126.6533154, 37.6425565], [126.652956, 37.6424928], [126.6493189, 37.6417579], [126.6457489, 37.6410411], [126.6456014, 37.6410039], [126.6454565, 37.6409551], [126.6452433, 37.6408876], [126.6450193, 37.6408117], [126.6446787, 37.6407363], [126.6441105, 37.640616], [126.6434449, 37.6404751], [126.6431016, 37.6404028], [126.6428012, 37.6403816], [126.6425705, 37.6403986], [126.642364, 37.6404602], [126.6421574, 37.6405388], [126.6414037, 37.6408595], [126.6410296, 37.6410432], [126.6406822, 37.6412227], [126.6404354, 37.6413629], [126.6390354, 37.6421997], [126.6374528, 37.6431841], [126.6361815, 37.6440039], [126.6360259, 37.6441164], [126.6359092, 37.6442168], [126.6357925, 37.6443256], [126.6352749, 37.6448746], [126.6347706, 37.6454523], [126.6343361, 37.6459196], [126.6342074, 37.6460555], [126.634025, 37.6461999], [126.633864, 37.6462806], [126.6336548, 37.6463273], [126.6334563, 37.6463443], [126.6333008, 37.6463316], [126.6331398, 37.6463018], [126.6287137, 37.6454185], [126.6261661, 37.6449001], [126.6199756, 37.6436556], [126.61819, 37.6433077], [126.6156932, 37.6430368], [126.6153997, 37.6430078], [126.6151063, 37.6429572], [126.6149532, 37.6429081], [126.6148274, 37.6428411], [126.6146742, 37.6427085]]}}, {"type": "Feature", "properties": {"line_ref": "김포 골드라인", "line_name": "김포 골드라인", "colour": "#957326"}, "geometry": {"type": "LineString", "coordinates": [[126.6146742, 37.6427085], [126.6146303, 37.6426623], [126.6145398, 37.6425537], [126.6144991, 37.6424531], [126.6144657, 37.6423513], [126.6144549, 37.6422366], [126.614478, 37.642113], [126.614502, 37.6420343], [126.6145807, 37.6419032], [126.6147532, 37.6416447]]}}, {"type": "Feature", "properties": {"line_ref": "서해", "line_name": "수도권 전철 서해선", "colour": "#5EAC41"}, "geometry": {"type": "LineString", "coordinates": [[126.7867381, 37.3025681], [126.7896697, 37.3091399], [126.7902008, 37.3103752], [126.7902651, 37.3104648], [126.7905307, 37.3108317], [126.7909598, 37.3112541], [126.7916518, 37.3118471], [126.7931727, 37.3125298], [126.7957118, 37.3131714], [126.7995823, 37.3141762], [126.8004334, 37.3143644], [126.8028098, 37.3149617], [126.8040222, 37.3155248], [126.8049663, 37.3161221], [126.805535, 37.3166597], [126.807391, 37.3191128], [126.8079168, 37.3198508], [126.8083254, 37.3205327], [126.8085176, 37.3208534], [126.8088448, 37.3217748], [126.8090594, 37.323959], [126.8095501, 37.3306482], [126.8098238, 37.3343798], [126.8099705, 37.336112], [126.8099946, 37.3363977], [126.8102285, 37.3391764], [126.810202, 37.3404065], [126.8100357, 37.3422446], [126.8090808, 37.3485095], [126.8090272, 37.3489785], [126.8085444, 37.3527397], [126.8074125, 37.3580315], [126.807037, 37.3594428], [126.8064737, 37.3620907], [126.8063798, 37.3626257], [126.8063735, 37.3628694], [126.8068106, 37.3646583], [126.8073068, 37.3660365], [126.8074648, 37.3664767], [126.8075922, 37.3668318], [126.808271, 37.3686131], [126.80848, 37.3691617], [126.8086436, 37.3698396], [126.8087407, 37.3701313], [126.8087631, 37.3702321], [126.8087897, 37.370443], [126.8087959, 37.3707704], [126.8087321, 37.372259], [126.8081394, 37.3752132], [126.8078389, 37.3760104], [126.8057135, 37.3820064], [126.8037605, 37.388146], [126.8037119, 37.3882946], [126.8035231, 37.3888714]]}}, {"type": "Feature", "properties": {"line_ref": "서해", "line_name": "수도권 전철 서해선", "colour": "#5EAC41"}, "geometry": {"type": "LineString", "coordinates": [[126.8035231, 37.3888714], [126.8033436, 37.3894162], [126.8031159, 37.3899732], [126.8029198, 37.3903666], [126.8026841, 37.3907595], [126.8019653, 37.3916887], [126.8011764, 37.3924081], [126.8004274, 37.3930065], [126.7989894, 37.3941809]]}}, {"type": "Feature", "properties": {"line_ref": "서해", "line_name": "수도권 전철 서해선", "colour": "#5EAC41"}, "geometry": {"type": "LineString", "coordinates": [[126.7989894, 37.3941809], [126.7985693, 37.3945285]]}}, {"type": "Feature", "properties": {"line_ref": "서해", "line_name": "수도권 전철 서해선", "colour": "#5EAC41"}, "geometry": {"type": "LineString", "coordinates": [[126.7985693, 37.3945285], [126.7984133, 37.3946542], [126.7928186, 37.3990282], [126.7924653, 37.3993449]]}}, {"type": "Feature", "properties": {"line_ref": "서해", "line_name": "수도권 전철 서해선", "colour": "#5EAC41"}, "geometry": {"type": "LineString", "coordinates": [[126.7924653, 37.3993449], [126.7920621, 37.3996667], [126.7914515, 37.4001539]]}}, {"type": "Feature", "properties": {"line_ref": "서해", "line_name": "수도권 전철 서해선", "colour": "#5EAC41"}, "geometry": {"type": "LineString", "coordinates": [[126.7914515, 37.4001539], [126.79092, 37.4006651], [126.790528, 37.4010212], [126.7903597, 37.4011634], [126.7901574, 37.4013344]]}}, {"type": "Feature", "properties": {"line_ref": "서해", "line_name": "수도권 전철 서해선", "colour": "#5EAC41"}, "geometry": {"type": "LineString", "coordinates": [[126.7901574, 37.4013344], [126.7897945, 37.4017505], [126.7894888, 37.4021411]]}}, {"type": "Feature", "properties": {"line_ref": "서해", "line_name": "수도권 전철 서해선", "colour": "#5EAC41"}, "geometry": {"type": "LineString", "coordinates": [[126.7894888, 37.4021411], [126.789265, 37.402619], [126.7890263, 37.4031272], [126.788798, 37.4037677], [126.7886639, 37.4043046], [126.7885941, 37.4047052], [126.788546, 37.4049752]]}}, {"type": "Feature", "properties": {"line_ref": "서해", "line_name": "수도권 전철 서해선", "colour": "#5EAC41"}, "geometry": {"type": "LineString", "coordinates": [[126.788546, 37.4049752], [126.7879226, 37.4089447], [126.7878042, 37.4096885], [126.7868963, 37.4157752], [126.7847322, 37.4226166], [126.7844159, 37.4236166], [126.7840932, 37.4253847], [126.7839817, 37.4284986], [126.7839687, 37.4286019], [126.7839821, 37.4286957], [126.7840074, 37.4290506], [126.7841309, 37.4307819], [126.7848114, 37.4349146], [126.7852612, 37.4367069], [126.7864966, 37.4388624], [126.7865288, 37.4389369], [126.7867824, 37.4393612], [126.7871578, 37.4399894], [126.7929661, 37.450136], [126.7966139, 37.4577332], [126.7985398, 37.4632432], [126.7987812, 37.4641417], [126.7988348, 37.464972], [126.7986712, 37.4658065], [126.7982033, 37.4667815], [126.7976671, 37.4677827], [126.7971549, 37.468678], [126.7956644, 37.4709327], [126.7955786, 37.4711499], [126.7955035, 37.4714564], [126.7954874, 37.4715927], [126.7954659, 37.4803349], [126.7954525, 37.4811267], [126.7954194, 37.4812503], [126.7953136, 37.4816462], [126.7952352, 37.4819396], [126.79523, 37.481959], [126.7947747, 37.4836961]]}}, {"type": "Feature", "properties": {"line_ref": "서해", "line_name": "수도권 전철 서해선", "colour": "#5EAC41"}, "geometry": {"type": "LineString", "coordinates": [[126.7947747, 37.4836961], [126.7946989, 37.4840044], [126.7946157, 37.4843502], [126.7939031, 37.4880189], [126.7938455, 37.4883156]]}}, {"type": "Feature", "properties": {"line_ref": "서해", "line_name": "수도권 전철 서해선", "colour": "#5EAC41"}, "geometry": {"type": "LineString", "coordinates": [[126.7938455, 37.4883156], [126.793803, 37.4889887], [126.7938043, 37.4890052], [126.793838, 37.4894377], [126.7938965, 37.4899392], [126.7940854, 37.4906132], [126.7954743, 37.4942469], [126.7960418, 37.4959334], [126.79628, 37.4965906], [126.7964699, 37.4973907], [126.7965607, 37.497931], [126.7966193, 37.4987077], [126.7968853, 37.5016592], [126.7971573, 37.5039874], [126.7973639, 37.5055613], [126.7975235, 37.506735], [126.7976566, 37.5076918], [126.7979679, 37.5096471], [126.7981967, 37.5105991], [126.7984175, 37.5110194], [126.7987597, 37.5115156], [126.7990473, 37.5118591], [126.7994215, 37.5122126], [126.799709, 37.5124259], [126.8006957, 37.5132713], [126.8025077, 37.5149155], [126.8030759, 37.5154682], [126.8037906, 37.516375], [126.8041936, 37.5169069], [126.804463, 37.5173684], [126.8046105, 37.5177361], [126.8046811, 37.5180511], [126.8047325, 37.5184515], [126.8047571, 37.5187838], [126.8047871, 37.5207484], [126.8047873, 37.5211258], [126.8047937, 37.5240156], [126.8048037, 37.5257705], [126.8048053, 37.5259322], [126.8048093, 37.5276057], [126.8048099, 37.5278414], [126.8047813, 37.5291592], [126.8048373, 37.5297211], [126.8050362, 37.5304556], [126.8056018, 37.5319196], [126.8065404, 37.5342607], [126.8068887, 37.5352672], [126.8077735, 37.5377373], [126.8090277, 37.5414297], [126.8094399, 37.5425724], [126.8096077, 37.5433018], [126.8097261, 37.5439853], [126.8097756, 37.5447213], [126.8097264, 37.545715], [126.8094967, 37.5467887], [126.8086816, 37.5489005], [126.8061505, 37.5552742], [126.8049285, 37.5588008], [126.8042345, 37.5607703], [126.8037684, 37.5624098], [126.8030783, 37.5653809], [126.8029287, 37.5664015], [126.8028614, 37.5676199], [126.8028614, 37.5699756], [126.8029553, 37.5714386], [126.8030948, 37.5723105], [126.803491, 37.57379], [126.8036757, 37.5741972], [126.8044922, 37.5755339], [126.8075379, 37.579703], [126.8102332, 37.5836533], [126.8136105, 37.5884331], [126.8167048, 37.5924424], [126.8198242, 37.596385], [126.8214322, 37.5984378], [126.8228102, 37.5999872], [126.8246507, 37.6012997], [126.8265441, 37.6027196], [126.828373, 37.603935], [126.8291822, 37.6046693], [126.8299107, 37.6055069], [126.8302286, 37.6059622], [126.8304934, 37.606722], [126.8306521, 37.6073816], [126.8307094, 37.6079232], [126.8307076, 37.6083634], [126.8305825, 37.6089955], [126.8304352, 37.6095075], [126.8302819, 37.6098896], [126.8300999, 37.6102562], [126.8299174, 37.6106238], [126.8294415, 37.6114062], [126.8287704, 37.6121354], [126.8284233, 37.6124877], [126.8280577, 37.6128234], [126.827799, 37.613033], [126.8269866, 37.6136575]]}}, {"type": "Feature", "properties": {"line_ref": "서해", "line_name": "수도권 전철 서해선", "colour": "#5EAC41"}, "geometry": {"type": "LineString", "coordinates": [[126.8269866, 37.6136575], [126.8267062, 37.6138945], [126.8241095, 37.6160007]]}}, {"type": "Feature", "properties": {"line_ref": "서해", "line_name": "수도권 전철 서해선", "colour": "#5EAC41"}, "geometry": {"type": "LineString", "coordinates": [[126.8241095, 37.6160007], [126.8238808, 37.6161773], [126.8236947, 37.6163263], [126.8236166, 37.6163889]]}}, {"type": "Feature", "properties": {"line_ref": "서해", "line_name": "수도권 전철 서해선", "colour": "#5EAC41"}, "geometry": {"type": "LineString", "coordinates": [[126.8236166, 37.6163889], [126.8232834, 37.616671], [126.822768, 37.6170916], [126.8198187, 37.6194736], [126.817051, 37.6217399], [126.8165583, 37.6221398]]}}, {"type": "Feature", "properties": {"line_ref": "서해", "line_name": "수도권 전철 서해선", "colour": "#5EAC41"}, "geometry": {"type": "LineString", "coordinates": [[126.8165583, 37.6221398], [126.8164532, 37.622221], [126.8159207, 37.6226596], [126.8153703, 37.6231172], [126.815089, 37.6233712], [126.8148673, 37.6235973], [126.8147021, 37.6237786], [126.8145132, 37.6240098], [126.814342, 37.6242454], [126.814236, 37.6244111], [126.8140987, 37.6246249], [126.8139536, 37.6248503], [126.8122042, 37.6278726], [126.8117601, 37.6286324]]}}, {"type": "Feature", "properties": {"line_ref": "서해", "line_name": "수도권 전철 서해선", "colour": "#5EAC41"}, "geometry": {"type": "LineString", "coordinates": [[126.8117601, 37.6286324], [126.8108227, 37.6302349]]}}, {"type": "Feature", "properties": {"line_ref": "서해", "line_name": "수도권 전철 서해선", "colour": "#5EAC41"}, "geometry": {"type": "LineString", "coordinates": [[126.8108227, 37.6302349], [126.8106512, 37.6305344]]}}, {"type": "Feature", "properties": {"line_ref": "서해", "line_name": "수도권 전철 서해선", "colour": "#5EAC41"}, "geometry": {"type": "LineString", "coordinates": [[126.8106512, 37.6305344], [126.8104027, 37.6309536], [126.8094591, 37.6325651]]}}, {"type": "Feature", "properties": {"line_ref": "서해", "line_name": "수도권 전철 서해선", "colour": "#5EAC41"}, "geometry": {"type": "LineString", "coordinates": [[126.8094591, 37.6325651], [126.8093467, 37.632766]]}}, {"type": "Feature", "properties": {"line_ref": "서해", "line_name": "수도권 전철 서해선", "colour": "#5EAC41"}, "geometry": {"type": "LineString", "coordinates": [[126.8093467, 37.632766], [126.8091994, 37.6329905], [126.8084151, 37.6340972]]}}, {"type": "Feature", "properties": {"line_ref": "서해", "line_name": "수도권 전철 서해선", "colour": "#5EAC41"}, "geometry": {"type": "LineString", "coordinates": [[126.8084151, 37.6340972], [126.8078534, 37.635072], [126.8077746, 37.6352267], [126.8076889, 37.6353849], [126.8072382, 37.636346], [126.8070994, 37.6366012], [126.8066046, 37.6374528], [126.8051497, 37.6399559], [126.8022833, 37.644885]]}}, {"type": "Feature", "properties": {"line_ref": "서해", "line_name": "수도권 전철 서해선", "colour": "#5EAC41"}, "geometry": {"type": "LineString", "coordinates": [[126.8022833, 37.644885], [126.8020669, 37.645258]]}}, {"type": "Feature", "properties": {"line_ref": "서해", "line_name": "수도권 전철 서해선", "colour": "#5EAC41"}, "geometry": {"type": "LineString", "coordinates": [[126.8020669, 37.645258], [126.8014149, 37.6463771], [126.8013249, 37.6465314], [126.7973248, 37.6533231], [126.7968411, 37.6541378], [126.7963666, 37.6549488]]}}, {"type": "Feature", "properties": {"line_ref": "서해", "line_name": "수도권 전철 서해선", "colour": "#5EAC41"}, "geometry": {"type": "LineString", "coordinates": [[126.7963666, 37.6549488], [126.795661, 37.65616], [126.7954079, 37.6566068], [126.7950283, 37.6573302], [126.7941829, 37.6587694], [126.7940639, 37.6589721], [126.7937343, 37.6595359], [126.7931067, 37.6605866]]}}, {"type": "Feature", "properties": {"line_ref": "서해", "line_name": "수도권 전철 서해선", "colour": "#5EAC41"}, "geometry": {"type": "LineString", "coordinates": [[126.7931067, 37.6605866], [126.7929942, 37.6607789], [126.7929698, 37.6608207], [126.7929537, 37.6608482], [126.7925147, 37.6615988], [126.7904622, 37.6651157], [126.7897466, 37.6663667]]}}, {"type": "Feature", "properties": {"line_ref": "서해", "line_name": "수도권 전철 서해선", "colour": "#5EAC41"}, "geometry": {"type": "LineString", "coordinates": [[126.7897466, 37.6663667], [126.7885792, 37.6683975], [126.7874272, 37.6703556], [126.7867617, 37.6714469], [126.7859221, 37.6728688], [126.7858277, 37.6730286], [126.7853327, 37.6739963], [126.7851486, 37.674282], [126.7849044, 37.6746237], [126.7846637, 37.6749263], [126.7845331, 37.675076]]}}, {"type": "Feature", "properties": {"line_ref": "서해", "line_name": "수도권 전철 서해선", "colour": "#5EAC41"}, "geometry": {"type": "LineString", "coordinates": [[126.7845331, 37.675076], [126.7843558, 37.6752792], [126.7840939, 37.6755453], [126.7838426, 37.6757554], [126.7834817, 37.6760272], [126.7830888, 37.6762905], [126.7826181, 37.6765538], [126.7821805, 37.6767727], [126.7784942, 37.6783439], [126.7770887, 37.6789595], [126.7763698, 37.6792588]]}}, {"type": "Feature", "properties": {"line_ref": "서해", "line_name": "수도권 전철 서해선", "colour": "#5EAC41"}, "geometry": {"type": "LineString", "coordinates": [[126.7763698, 37.6792588], [126.7761499, 37.6793565]]}}, {"type": "Feature", "properties": {"line_ref": "서해", "line_name": "수도권 전철 서해선", "colour": "#5EAC41"}, "geometry": {"type": "LineString", "coordinates": [[126.7761499, 37.6793565], [126.7751602, 37.6797768], [126.7744333, 37.6800931], [126.7736474, 37.6804264], [126.7732183, 37.6805856], [126.7724404, 37.6809082], [126.7715002, 37.6813149], [126.7698544, 37.682014]]}}, {"type": "Feature", "properties": {"line_ref": "수인·분당", "line_name": "수인·분당선", "colour": "#ECA300"}, "geometry": {"type": "LineString", "coordinates": [[127.0473246, 37.5800944], [127.0474109, 37.5802073], [127.0476975, 37.5805768], [127.0477353, 37.5806255], [127.0479196, 37.5808603]]}}, {"type": "Feature", "properties": {"line_ref": "수인·분당", "line_name": "수인·분당선", "colour": "#ECA300"}, "geometry": {"type": "LineString", "coordinates": [[127.0469874, 37.5796379], [127.0473246, 37.5800944]]}}, {"type": "Feature", "properties": {"line_ref": "수인·분당", "line_name": "수인·분당선", "colour": "#ECA300"}, "geometry": {"type": "LineString", "coordinates": [[127.044847, 37.576363], [127.0448979, 37.5764286], [127.0449299, 37.576474], [127.0449381, 37.5764857], [127.0449742, 37.5765369], [127.0450501, 37.5766446], [127.0455155, 37.5774756], [127.0455663, 37.5775664], [127.0456135, 37.5776506], [127.0456376, 37.5776936], [127.0465189, 37.5789138], [127.046756, 37.5792868], [127.0469393, 37.579568], [127.0469754, 37.5796234], [127.0469874, 37.5796379]]}}, {"type": "Feature", "properties": {"line_ref": "수인·분당", "line_name": "수인·분당선", "colour": "#ECA300"}, "geometry": {"type": "LineString", "coordinates": [[127.044813, 37.5763192], [127.044847, 37.576363]]}}, {"type": "Feature", "properties": {"line_ref": "수인·분당", "line_name": "수인·분당선", "colour": "#ECA300"}, "geometry": {"type": "LineString", "coordinates": [[127.0444732, 37.5758128], [127.0445273, 37.5758934], [127.0446752, 37.5761139], [127.044813, 37.5763192]]}}, {"type": "Feature", "properties": {"line_ref": "수인·분당", "line_name": "수인·분당선", "colour": "#ECA300"}, "geometry": {"type": "LineString", "coordinates": [[127.0423391, 37.5730117], [127.0432588, 37.5742246], [127.0443478, 37.5756489], [127.0444732, 37.5758128]]}}, {"type": "Feature", "properties": {"line_ref": "수인·분당", "line_name": "수인·분당선", "colour": "#ECA300"}, "geometry": {"type": "LineString", "coordinates": [[127.0419382, 37.5724989], [127.0422631, 37.5729145], [127.0422703, 37.5729237], [127.0423391, 37.5730117]]}}, {"type": "Feature", "properties": {"line_ref": "수인·분당", "line_name": "수인·분당선", "colour": "#ECA300"}, "geometry": {"type": "LineString", "coordinates": [[127.0417951, 37.5723132], [127.0419382, 37.5724989]]}}, {"type": "Feature", "properties": {"line_ref": "수인·분당", "line_name": "수인·분당선", "colour": "#ECA300"}, "geometry": {"type": "LineString", "coordinates": [[127.0410539, 37.571344], [127.04155, 37.5719948], [127.0417256, 37.5722232], [127.0417951, 37.5723132]]}}, {"type": "Feature", "properties": {"line_ref": "수인·분당", "line_name": "수인·분당선", "colour": "#ECA300"}, "geometry": {"type": "LineString", "coordinates": [[127.0398354, 37.5697616], [127.0399985, 37.5699753], [127.0400796, 37.5700816], [127.040333, 37.5704136], [127.0408413, 37.5710559], [127.0410539, 37.571344]]}}, {"type": "Feature", "properties": {"line_ref": "수인·분당", "line_name": "수인·분당선", "colour": "#ECA300"}, "geometry": {"type": "LineString", "coordinates": [[127.0397491, 37.569651], [127.0398006, 37.569717], [127.0398354, 37.5697616]]}}, {"type": "Feature", "properties": {"line_ref": "수인·분당", "line_name": "수인·분당선", "colour": "#ECA300"}, "geometry": {"type": "LineString", "coordinates": [[127.0392134, 37.5689603], [127.0397491, 37.569651]]}}, {"type": "Feature", "properties": {"line_ref": "수인·분당", "line_name": "수인·분당선", "colour": "#ECA300"}, "geometry": {"type": "LineString", "coordinates": [[127.0376342, 37.566105], [127.0376359, 37.5661638], [127.0376652, 37.5663673], [127.0377306, 37.5666605], [127.037835, 37.5669718], [127.0379288, 37.567185], [127.0380067, 37.5673274], [127.0380987, 37.5674782], [127.038235, 37.5676802], [127.0383995, 37.567906], [127.0386013, 37.5681711], [127.0386851, 37.5682791], [127.0392134, 37.5689603]]}}, {"type": "Feature", "properties": {"line_ref": "수인·분당", "line_name": "수인·분당선", "colour": "#ECA300"}, "geometry": {"type": "LineString", "coordinates": [[127.0376245, 37.5657515], [127.0376342, 37.566105]]}}, {"type": "Feature", "properties": {"line_ref": "수인·분당", "line_name": "수인·분당선", "colour": "#ECA300"}, "geometry": {"type": "LineString", "coordinates": [[127.0376374, 37.5655746], [127.0376321, 37.5656474], [127.0376245, 37.5657515]]}}, {"type": "Feature", "properties": {"line_ref": "수인·분당", "line_name": "수인·분당선", "colour": "#ECA300"}, "geometry": {"type": "LineString", "coordinates": [[127.0378378, 37.5644417], [127.0376877, 37.5652353], [127.0376374, 37.5655746]]}}, {"type": "Feature", "properties": {"line_ref": "수인·분당", "line_name": "수인·분당선", "colour": "#ECA300"}, "geometry": {"type": "LineString", "coordinates": [[127.0378378, 37.5644417], [127.0381241, 37.5635634]]}}, {"type": "Feature", "properties": {"line_ref": "수인·분당", "line_name": "수인·분당선", "colour": "#ECA300"}, "geometry": {"type": "LineString", "coordinates": [[127.0378162, 37.5649308], [127.0378929, 37.5645594]]}}, {"type": "Feature", "properties": {"line_ref": "수인·분당", "line_name": "수인·분당선", "colour": "#ECA300"}, "geometry": {"type": "LineString", "coordinates": [[127.0378929, 37.5645594], [127.0380694, 37.5640022]]}}, {"type": "Feature", "properties": {"line_ref": "수인·분당", "line_name": "수인·분당선", "colour": "#ECA300"}, "geometry": {"type": "LineString", "coordinates": [[127.038094, 37.5638929], [127.0380694, 37.5640022]]}}, {"type": "Feature", "properties": {"line_ref": "수인·분당", "line_name": "수인·분당선", "colour": "#ECA300"}, "geometry": {"type": "LineString", "coordinates": [[127.038094, 37.5638929], [127.0381786, 37.5636337], [127.0382409, 37.5634422]]}}, {"type": "Feature", "properties": {"line_ref": "수인·분당", "line_name": "수인·분당선", "colour": "#ECA300"}, "geometry": {"type": "LineString", "coordinates": [[127.0382409, 37.5634422], [127.0382566, 37.5633924], [127.038277, 37.5633276]]}}, {"type": "Feature", "properties": {"line_ref": "수인·분당", "line_name": "수인·분당선", "colour": "#ECA300"}, "geometry": {"type": "LineString", "coordinates": [[127.038277, 37.5633276], [127.0384863, 37.5627672]]}}, {"type": "Feature", "properties": {"line_ref": "수인·분당", "line_name": "수인·분당선", "colour": "#ECA300"}, "geometry": {"type": "LineString", "coordinates": [[127.0384863, 37.5627672], [127.0385149, 37.5626562], [127.0385346, 37.56258], [127.0386615, 37.5619902]]}}, {"type": "Feature", "properties": {"line_ref": "수인·분당", "line_name": "수인·분당선", "colour": "#ECA300"}, "geometry": {"type": "LineString", "coordinates": [[127.0386615, 37.5619902], [127.0387364, 37.5616132], [127.0389074, 37.5607527]]}}, {"type": "Feature", "properties": {"line_ref": "수인·분당", "line_name": "수인·분당선", "colour": "#ECA300"}, "geometry": {"type": "LineString", "coordinates": [[127.0389074, 37.5607527], [127.0389392, 37.5605228], [127.0389698, 37.5601959]]}}, {"type": "Feature", "properties": {"line_ref": "수인·분당", "line_name": "수인·분당선", "colour": "#ECA300"}, "geometry": {"type": "LineString", "coordinates": [[127.0389698, 37.5601959], [127.0389848, 37.559974], [127.0389858, 37.5599506], [127.0389919, 37.5598128], [127.0389961, 37.5597781], [127.0390004, 37.5597434], [127.0390057, 37.5597004], [127.0390322, 37.559565], [127.0390721, 37.5593541], [127.0390761, 37.5593325], [127.0391852, 37.5587665], [127.0393604, 37.5578781], [127.0396655, 37.5564363], [127.0397789, 37.5558403]]}}, {"type": "Feature", "properties": {"line_ref": "수인·분당", "line_name": "수인·분당선", "colour": "#ECA300"}, "geometry": {"type": "LineString", "coordinates": [[127.0397789, 37.5558403], [127.0398893, 37.5553103], [127.0400464, 37.5547094], [127.0401696, 37.5543845], [127.040371, 37.5540096], [127.0405898, 37.5537245], [127.0407828, 37.5535106], [127.0410774, 37.5532736], [127.0414463, 37.5530244], [127.0416411, 37.5529182], [127.0431001, 37.552123], [127.0433945, 37.55193], [127.0436735, 37.5516882], [127.0438897, 37.5514359], [127.0440198, 37.551206], [127.0441069, 37.5509273], [127.0441712, 37.5502955], [127.0441839, 37.5502146]]}}, {"type": "Feature", "properties": {"line_ref": "수인·분당", "line_name": "수인·분당선", "colour": "#ECA300"}, "geometry": {"type": "LineString", "coordinates": [[127.0443631, 37.5422273], [127.0445637, 37.5429139], [127.0447677, 37.5436119], [127.0448532, 37.5439868], [127.044905, 37.544302], [127.0449409, 37.5448078], [127.0448792, 37.5454421], [127.0448555, 37.5456218], [127.0445334, 37.5480491], [127.044485, 37.5484307], [127.0445317, 37.5481685], [127.0441839, 37.5502146]]}}, {"type": "Feature", "properties": {"line_ref": "수인·분당", "line_name": "수인·분당선", "colour": "#ECA300"}, "geometry": {"type": "LineString", "coordinates": [[127.0435913, 37.5379643], [127.0436675, 37.5382557], [127.0436964, 37.5383664], [127.0437625, 37.5393957], [127.043843, 37.5400975], [127.0439475, 37.5406551], [127.0443631, 37.5422273]]}}, {"type": "Feature", "properties": {"line_ref": "수인·분당", "line_name": "수인·분당선", "colour": "#ECA300"}, "geometry": {"type": "LineString", "coordinates": [[127.0411643, 37.5290147], [127.0417495, 37.5307525], [127.0426008, 37.5340858], [127.0431657, 37.5362979], [127.0432041, 37.5364482], [127.0432501, 37.5366282], [127.0432866, 37.5367711], [127.0435913, 37.5379643]]}}, {"type": "Feature", "properties": {"line_ref": "수인·분당", "line_name": "수인·분당선", "colour": "#ECA300"}, "geometry": {"type": "LineString", "coordinates": [[127.1023397, 37.4867975], [127.102095, 37.4869675], [127.1018995, 37.4871034], [127.1017559, 37.4872105], [127.1003216, 37.4883518], [127.1001847, 37.488463], [127.0995676, 37.4889549], [127.0983675, 37.490256], [127.0969849, 37.4921703], [127.0960688, 37.4935939], [127.0950674, 37.4944143], [127.0943619, 37.4947945], [127.0902055, 37.4961978], [127.0893605, 37.4963185], [127.0888651, 37.4963373], [127.0879981, 37.496272], [127.0871496, 37.4961245], [127.0796201, 37.4936836], [127.0795328, 37.4936553], [127.0731696, 37.4915968], [127.0727398, 37.4914098], [127.0723197, 37.4912014], [127.0718466, 37.4908946], [127.0711092, 37.4904415], [127.0703035, 37.49002], [127.0697703, 37.4898273], [127.0688787, 37.4895455], [127.0660366, 37.4891184], [127.0640311, 37.4884717], [127.0624687, 37.4875242], [127.0612946, 37.4870923], [127.0607209, 37.4869557], [127.0604768, 37.4869003], [127.060254, 37.486873], [127.0600088, 37.4868756], [127.0597449, 37.4869006], [127.0594678, 37.486949], [127.0591588, 37.4870222], [127.0588311, 37.4871169], [127.0584798, 37.4872199], [127.0580872, 37.4873603], [127.057819, 37.4874839], [127.057591, 37.487613], [127.0572908, 37.4877977], [127.0570313, 37.4880091], [127.0567397, 37.4882876], [127.0564722, 37.4885571], [127.0562488, 37.4888166], [127.0559191, 37.4894825], [127.0555009, 37.4906191], [127.0554016, 37.4908669], [127.0528888, 37.496288], [127.0508935, 37.500526], [127.0491052, 37.5043899], [127.0490134, 37.5045872], [127.0486171, 37.5054581], [127.0485346, 37.5056435], [127.0484589, 37.5057757], [127.0483853, 37.5059402], [127.0483654, 37.5059846], [127.0482437, 37.5061602], [127.0480253, 37.5064115], [127.0477189, 37.5066632], [127.0473506, 37.506878], [127.0454959, 37.5079411], [127.0450817, 37.5082192], [127.0448071, 37.508462], [127.0446551, 37.5086366], [127.0445446, 37.5088037], [127.0443343, 37.5091668], [127.0441986, 37.5094888], [127.0441509, 37.5095984], [127.0437422, 37.510684], [127.0414625, 37.5167874], [127.0413549, 37.5171036], [127.0412858, 37.5172758], [127.0392642, 37.522722], [127.0391495, 37.5230438], [127.0391359, 37.5232065], [127.0391396, 37.5232989], [127.0407302, 37.5278095], [127.0411171, 37.5288837], [127.0411643, 37.5290147]]}}, {"type": "Feature", "properties": {"line_ref": "수인·분당", "line_name": "수인·분당선", "colour": "#ECA300"}, "geometry": {"type": "LineString", "coordinates": [[127.128729, 37.4121054], [127.1287301, 37.4123614], [127.1287342, 37.4137759], [127.128749, 37.414302], [127.1287956, 37.4167206], [127.1287886, 37.4187659], [127.128858, 37.4229472], [127.1288884, 37.4244525], [127.1289216, 37.4250469], [127.1290088, 37.4257122], [127.1294892, 37.428824], [127.1294947, 37.4290491], [127.1294383, 37.4295008], [127.1293841, 37.4300526], [127.1291124, 37.4321817], [127.1289064, 37.4336937], [127.1277696, 37.4397127], [127.1270434, 37.4438781], [127.1267712, 37.4483198], [127.126748, 37.4486985], [127.1267378, 37.4490275], [127.1267198, 37.4505052], [127.1266138, 37.4530202], [127.1264529, 37.4556378], [127.1263664, 37.456101], [127.1260312, 37.4573079], [127.125935, 37.4578208], [127.1259058, 37.4584804], [127.1258629, 37.4593344], [127.1258672, 37.4602443], [127.1266306, 37.4687531], [127.1267346, 37.4699991], [127.1267445, 37.4701492], [127.1268324, 37.4714856], [127.1268368, 37.4717041], [127.1268235, 37.4718363], [127.1268077, 37.4719327], [127.1267565, 37.4721213], [127.1265915, 37.4726576], [127.1264282, 37.473343], [127.1263675, 37.4735905], [127.1262494, 37.4738856], [127.1261154, 37.4741975], [127.1259017, 37.4746545], [127.125616, 37.4750458], [127.1251046, 37.4755498], [127.1243838, 37.4758816], [127.1192839, 37.4769468], [127.1145349, 37.4777073], [127.1130265, 37.4782005], [127.1023397, 37.4867975]]}}, {"type": "Feature", "properties": {"line_ref": "수인·분당", "line_name": "수인·분당선", "colour": "#ECA300"}, "geometry": {"type": "LineString", "coordinates": [[127.1081432, 37.365617], [127.1081427, 37.3659177], [127.1081423, 37.3661802], [127.1081273, 37.3685195], [127.1081347, 37.372146], [127.1080825, 37.3731029], [127.1080999, 37.3733656], [127.1081454, 37.3735783], [127.1082075, 37.3737668], [127.1082918, 37.373941], [127.1083814, 37.374088], [127.1084966, 37.3742372], [127.1086512, 37.3743991], [127.1088194, 37.3745429], [127.113395, 37.3777771], [127.1142619, 37.3783898], [127.114822, 37.3787908], [127.1150896, 37.3789824], [127.1153219, 37.3791487], [127.1233499, 37.3848959], [127.1263421, 37.3869982], [127.1272516, 37.3876724], [127.1273882, 37.3877871], [127.1275119, 37.3878978], [127.1276318, 37.3880371], [127.127743, 37.3881696], [127.1278581, 37.3883528], [127.1279491, 37.3885239], [127.1280186, 37.3886862], [127.1280791, 37.3888235], [127.1281381, 37.3889768], [127.1281742, 37.3892851], [127.1282033, 37.3896045], [127.1282152, 37.3905751], [127.1282725, 37.3952555], [127.128266, 37.3964515], [127.1283086, 37.3967722], [127.1283994, 37.3971285], [127.1284907, 37.3974656], [127.128563, 37.3977455], [127.1286211, 37.3980957], [127.1286529, 37.3983314], [127.1286585, 37.3984249], [127.1286687, 37.3986072], [127.1286592, 37.3991821], [127.1286463, 37.3994378], [127.1286123, 37.3997763], [127.1285406, 37.4004898], [127.1282615, 37.402986], [127.1282654, 37.4033284], [127.1283306, 37.4037258], [127.1284131, 37.4041946], [127.1285681, 37.4049494], [127.1286833, 37.405894], [127.1286934, 37.4076592], [127.1286926, 37.4079134], [127.1286941, 37.4085772], [127.1287189, 37.4098439], [127.1287282, 37.4105069], [127.1287375, 37.4111752], [127.128739, 37.4112825], [127.1287359, 37.411538], [127.1287319, 37.411864], [127.128729, 37.4121054]]}}, {"type": "Feature", "properties": {"line_ref": "수인·분당", "line_name": "수인·분당선", "colour": "#ECA300"}, "geometry": {"type": "LineString", "coordinates": [[127.1088443, 37.3553117], [127.1085746, 37.3566421], [127.1083192, 37.3581006], [127.1081707, 37.3593149], [127.1081455, 37.3650971], [127.1081432, 37.365617]]}}, {"type": "Feature", "properties": {"line_ref": "수인·분당", "line_name": "수인·분당선", "colour": "#ECA300"}, "geometry": {"type": "LineString", "coordinates": [[127.1089708, 37.3395228], [127.1089746, 37.3423718], [127.1089638, 37.3429585], [127.1089733, 37.3437543], [127.1090445, 37.3455664], [127.1090435, 37.3488255], [127.1090211, 37.3499987], [127.1089929, 37.3515136], [127.1089766, 37.352391], [127.1089114, 37.3544134], [127.1088849, 37.3548801], [127.1088443, 37.3553117]]}}, {"type": "Feature", "properties": {"line_ref": "수인·분당", "line_name": "수인·분당선", "colour": "#ECA300"}, "geometry": {"type": "LineString", "coordinates": [[127.1075752, 37.3303409], [127.1076183, 37.3305729], [127.1076557, 37.3307785], [127.1077082, 37.3309152], [127.1079357, 37.3313321], [127.1081531, 37.3317664], [127.1084474, 37.3323232], [127.108605, 37.3327312], [127.1087505, 37.3331395], [127.1089839, 37.3337612], [127.1090689, 37.3341025], [127.109138, 37.3344136], [127.1091857, 37.3349382], [127.1091878, 37.3353609], [127.1091161, 37.3358455], [127.1090184, 37.3366166], [127.1090136, 37.3372593], [127.1090049, 37.3375708], [127.1089947, 37.3379738], [127.1089802, 37.3386424], [127.1089708, 37.3395228]]}}, {"type": "Feature", "properties": {"line_ref": "수인·분당", "line_name": "수인·분당선", "colour": "#ECA300"}, "geometry": {"type": "LineString", "coordinates": [[127.1075168, 37.3283301], [127.1075184, 37.3284954], [127.1075221, 37.3288811], [127.1075373, 37.3295327], [127.1075489, 37.3300274], [127.1075752, 37.3303409]]}}, {"type": "Feature", "properties": {"line_ref": "수인·분당", "line_name": "수인·분당선", "colour": "#ECA300"}, "geometry": {"type": "LineString", "coordinates": [[127.1075158, 37.3282313], [127.1075163, 37.328276], [127.1075168, 37.3283301]]}}, {"type": "Feature", "properties": {"line_ref": "수인·분당", "line_name": "수인·분당선", "colour": "#ECA300"}, "geometry": {"type": "LineString", "coordinates": [[127.1074999, 37.3265897], [127.1075142, 37.3280676], [127.1075158, 37.3282313]]}}, {"type": "Feature", "properties": {"line_ref": "수인·분당", "line_name": "수인·분당선", "colour": "#ECA300"}, "geometry": {"type": "LineString", "coordinates": [[127.1074813, 37.3258836], [127.1074729, 37.3260593], [127.1074999, 37.3265897]]}}, {"type": "Feature", "properties": {"line_ref": "수인·분당", "line_name": "수인·분당선", "colour": "#ECA300"}, "geometry": {"type": "LineString", "coordinates": [[127.1074813, 37.3258836], [127.1074646, 37.32545], [127.1074384, 37.3245618]]}}, {"type": "Feature", "properties": {"line_ref": "수인·분당", "line_name": "수인·분당선", "colour": "#ECA300"}, "geometry": {"type": "LineString", "coordinates": [[127.1074384, 37.3245618], [127.1074074, 37.3239423], [127.1073855, 37.3233611], [127.1073757, 37.3231333]]}}, {"type": "Feature", "properties": {"line_ref": "수인·분당", "line_name": "수인·분당선", "colour": "#ECA300"}, "geometry": {"type": "LineString", "coordinates": [[127.1073757, 37.3231333], [127.1073623, 37.3227606], [127.107369, 37.3224125], [127.1073659, 37.3223115]]}}, {"type": "Feature", "properties": {"line_ref": "수인·분당", "line_name": "수인·분당선", "colour": "#ECA300"}, "geometry": {"type": "LineString", "coordinates": [[127.1073659, 37.3223115], [127.1073638, 37.3222401], [127.107355, 37.3219488], [127.1073476, 37.3216752]]}}, {"type": "Feature", "properties": {"line_ref": "수인·분당", "line_name": "수인·분당선", "colour": "#ECA300"}, "geometry": {"type": "LineString", "coordinates": [[127.1073476, 37.3216752], [127.1073347, 37.3211973], [127.1073102, 37.3206578]]}}, {"type": "Feature", "properties": {"line_ref": "수인·분당", "line_name": "수인·분당선", "colour": "#ECA300"}, "geometry": {"type": "LineString", "coordinates": [[127.1073102, 37.3206578], [127.1072839, 37.3200791], [127.1072712, 37.31832]]}}, {"type": "Feature", "properties": {"line_ref": "수인·분당", "line_name": "수인·분당선", "colour": "#ECA300"}, "geometry": {"type": "LineString", "coordinates": [[127.1072712, 37.31832], [127.1072571, 37.3177391], [127.1072812, 37.317449], [127.1074341, 37.3166747], [127.1075897, 37.315926], [127.1077503, 37.3151387], [127.1079433, 37.3142753], [127.108275, 37.3127455], [127.1083504, 37.3123537], [127.1084907, 37.3115216], [127.1085142, 37.3105824], [127.108521, 37.3103125], [127.1085227, 37.3102054], [127.1085173, 37.3100902], [127.1084825, 37.3099239], [127.108453, 37.3097534], [127.1084047, 37.3096127], [127.1083618, 37.3094421], [127.1082627, 37.3092396], [127.108142, 37.3090626], [127.1080187, 37.3088878], [127.1078472, 37.3086767], [127.1076917, 37.3085147], [127.1075309, 37.3083441], [127.1066678, 37.3076086], [127.106523, 37.3074636], [127.1064158, 37.3073122], [127.1063354, 37.3071971], [127.1062496, 37.3070308], [127.1061612, 37.3068602], [127.1060834, 37.3067089], [127.1060111, 37.3065127], [127.1059682, 37.3062355], [127.1059035, 37.304586], [127.1058812, 37.3038634], [127.1058652, 37.3033461], [127.1057833, 37.2990235], [127.1057606, 37.2976213], [127.1057898, 37.2953101], [127.1059935, 37.2930412], [127.1062133, 37.2919835], [127.1064438, 37.291284], [127.1067279, 37.2906656], [127.1072319, 37.2899491], [127.1083416, 37.2887719], [127.1096443, 37.287663], [127.1114081, 37.2861829], [127.1120881, 37.2855803], [127.1123909, 37.2853419], [127.1149996, 37.283089], [127.1152882, 37.2828272], [127.1154775, 37.2826012], [127.1156082, 37.2824219], [127.115757, 37.2821959], [127.1158472, 37.2819807], [127.1159013, 37.2817977], [127.1159463, 37.2816076], [127.1159553, 37.2814319], [127.1159824, 37.2807145], [127.1159821, 37.2796137], [127.1160015, 37.2787417], [127.1160065, 37.2776863], [127.116011, 37.2767357], [127.1160397, 37.2755112], [127.116051, 37.2749791], [127.1160873, 37.2738456], [127.116078, 37.2733513], [127.1160794, 37.2719072], [127.1161378, 37.2676767], [127.1160995, 37.2651703], [127.1159975, 37.2645716], [127.1157234, 37.263907], [127.1152197, 37.2632372], [127.1145949, 37.262674], [127.1141933, 37.2624], [127.1132944, 37.2620144], [127.1122169, 37.2618114], [127.1098007, 37.2616744], [127.1089132, 37.2616481], [127.1086985, 37.261635], [127.10758, 37.261567]]}}, {"type": "Feature", "properties": {"line_ref": "수인·분당", "line_name": "수인·분당선", "colour": "#ECA300"}, "geometry": {"type": "LineString", "coordinates": [[127.10758, 37.261567], [127.1040893, 37.2613548], [127.1023386, 37.2612466], [127.1009929, 37.261144], [127.0992605, 37.2610294], [127.0984531, 37.2609811], [127.0954099, 37.2607765], [127.0951324, 37.2607578], [127.0935725, 37.2606934], [127.0925131, 37.2607012], [127.0915527, 37.2607698], [127.0904865, 37.2609017], [127.0858441, 37.2618379], [127.085202, 37.2619197]]}}, {"type": "Feature", "properties": {"line_ref": "수인·분당", "line_name": "수인·분당선", "colour": "#ECA300"}, "geometry": {"type": "LineString", "coordinates": [[127.085202, 37.2619197], [127.0844631, 37.2619831], [127.0836165, 37.2619866], [127.0828441, 37.2619216], [127.0820757, 37.2617753], [127.0813955, 37.261537], [127.0808245, 37.2612174], [127.080037, 37.2604763], [127.0795655, 37.2599671], [127.0788323, 37.2592187], [127.0772445, 37.2575895], [127.0757301, 37.2559463], [127.0723345, 37.2523678], [127.071943, 37.2519691], [127.0713229, 37.2513378], [127.0674684, 37.2472357], [127.0671819, 37.2469483], [127.0668543, 37.2466588], [127.0665399, 37.2464166], [127.0662231, 37.2462271], [127.0658409, 37.2460379], [127.0654637, 37.2459193], [127.0649822, 37.2458402], [127.0644591, 37.2457941], [127.0599143, 37.2456599], [127.0593718, 37.2456406], [127.057003, 37.2455829], [127.0556278, 37.2455446]]}}, {"type": "Feature", "properties": {"line_ref": "수인·분당", "line_name": "수인·분당선", "colour": "#ECA300"}, "geometry": {"type": "LineString", "coordinates": [[127.0556278, 37.2455446], [127.0550861, 37.2455267], [127.0521776, 37.2454502], [127.0515968, 37.2454661], [127.0510288, 37.2455492], [127.0506686, 37.2456448], [127.0503652, 37.2457718], [127.0501392, 37.2458818], [127.0420159, 37.2511812], [127.0417245, 37.2514087]]}}, {"type": "Feature", "properties": {"line_ref": "수인·분당", "line_name": "수인·분당선", "colour": "#ECA300"}, "geometry": {"type": "LineString", "coordinates": [[127.0417245, 37.2514087], [127.0414959, 37.251636], [127.0411727, 37.2520104], [127.0408924, 37.2523442], [127.0404191, 37.2530129], [127.039689, 37.2542615], [127.03939, 37.254628], [127.0391284, 37.2548965], [127.0388055, 37.2551336], [127.0381515, 37.2555198], [127.0376011, 37.2559057], [127.0371372, 37.2562638], [127.0370054, 37.2563625], [127.0368061, 37.2565491], [127.036643, 37.2567502], [127.0365057, 37.2569641], [127.0363795, 37.2572694], [127.0362681, 37.2577], [127.0360203, 37.2589062], [127.0359278, 37.2593219], [127.0358154, 37.2596287], [127.0357288, 37.2598319], [127.0356018, 37.2600372], [127.0354796, 37.2601889], [127.0352753, 37.2604155], [127.0349714, 37.2606847], [127.0346361, 37.2609099], [127.0343024, 37.2610777], [127.0318902, 37.2617204], [127.0248372, 37.2633798], [127.0234786, 37.2637526], [127.0207227, 37.2644812], [127.0197351, 37.2646447], [127.0180306, 37.2649609], [127.015718, 37.2654534], [127.0133162, 37.2659281], [127.0130301, 37.2660073], [127.0122303, 37.2662478]]}}, {"type": "Feature", "properties": {"line_ref": "수인·분당", "line_name": "수인·분당선", "colour": "#ECA300"}, "geometry": {"type": "LineString", "coordinates": [[127.0122303, 37.2662478], [127.0113645, 37.266652], [127.0108817, 37.26694], [127.0099555, 37.2674501], [127.0088638, 37.2678522], [127.0081625, 37.2679898], [127.0076249, 37.2680712], [127.0068641, 37.268146], [127.0061589, 37.2681789], [127.0053469, 37.2680892], [127.0017247, 37.2667856], [127.0016004, 37.2667367], [127.0008897, 37.2664569], [127.0005997, 37.2663427], [126.9993051, 37.2658117], [126.9992161, 37.2657773]]}}, {"type": "Feature", "properties": {"line_ref": "수인·분당", "line_name": "수인·분당선", "colour": "#ECA300"}, "geometry": {"type": "LineString", "coordinates": [[126.9992161, 37.2657773], [126.9990587, 37.2657104], [126.9988907, 37.2656389], [126.9988388, 37.2656217], [126.9986632, 37.2655496], [126.9967133, 37.2647487], [126.9961919, 37.2644357], [126.9958428, 37.2640734], [126.9954495, 37.2635107], [126.9948788, 37.2620821], [126.9941867, 37.2603499], [126.9930211, 37.256599], [126.9926232, 37.2555839], [126.9919292, 37.254177], [126.9916394, 37.2538435], [126.9914229, 37.2536779], [126.9908995, 37.2533421], [126.9906217, 37.2532353]]}}, {"type": "Feature", "properties": {"line_ref": "수인·분당", "line_name": "수인·분당선", "colour": "#ECA300"}, "geometry": {"type": "LineString", "coordinates": [[126.9906217, 37.2532353], [126.9902012, 37.2530731], [126.9885539, 37.2524375], [126.9853352, 37.2513057], [126.9843347, 37.2509927], [126.9840822, 37.2509098], [126.9833296, 37.2506627], [126.9831671, 37.2506094]]}}, {"type": "Feature", "properties": {"line_ref": "수인·분당", "line_name": "수인·분당선", "colour": "#ECA300"}, "geometry": {"type": "LineString", "coordinates": [[126.9831671, 37.2506094], [126.9823415, 37.2503384], [126.9813502, 37.2499883], [126.9796874, 37.2494292], [126.9796297, 37.2494098], [126.9785635, 37.249042], [126.9774357, 37.2486495]]}}, {"type": "Feature", "properties": {"line_ref": "수인·분당", "line_name": "수인·분당선", "colour": "#ECA300"}, "geometry": {"type": "LineString", "coordinates": [[126.9774357, 37.2486495], [126.9769924, 37.2485027], [126.9766467, 37.248372]]}}, {"type": "Feature", "properties": {"line_ref": "수인·분당", "line_name": "수인·분당선", "colour": "#ECA300"}, "geometry": {"type": "LineString", "coordinates": [[126.9766467, 37.248372], [126.9759416, 37.24814], [126.9736603, 37.2473577], [126.9732041, 37.2472035], [126.9699745, 37.2461123], [126.9679784, 37.2453839], [126.9667066, 37.2448614], [126.9654503, 37.2442231], [126.9649329, 37.2439513], [126.9646249, 37.2437994], [126.9644588, 37.2437099], [126.9634832, 37.2431034], [126.9629372, 37.2427885], [126.9625494, 37.2425771], [126.9614774, 37.2421337], [126.9606058, 37.2418736], [126.9596381, 37.2416191], [126.9565114, 37.2410251], [126.9557724, 37.240904], [126.9538944, 37.2407824], [126.9536884, 37.2407892], [126.953135, 37.2408077], [126.9524492, 37.2408745], [126.9506614, 37.2412482]]}}, {"type": "Feature", "properties": {"line_ref": "수인·분당", "line_name": "수인·분당선", "colour": "#ECA300"}, "geometry": {"type": "LineString", "coordinates": [[126.9506614, 37.2412482], [126.9499437, 37.2414339], [126.9492373, 37.2416167], [126.9469965, 37.2421966], [126.9469711, 37.2422032], [126.9465045, 37.2423239]]}}, {"type": "Feature", "properties": {"line_ref": "수인·분당", "line_name": "수인·분당선", "colour": "#ECA300"}, "geometry": {"type": "LineString", "coordinates": [[126.9465045, 37.2423239], [126.9460591, 37.2424391], [126.9432632, 37.2431758]]}}, {"type": "Feature", "properties": {"line_ref": "수인·분당", "line_name": "수인·분당선", "colour": "#ECA300"}, "geometry": {"type": "LineString", "coordinates": [[126.9432632, 37.2431758], [126.9431085, 37.2432165]]}}, {"type": "Feature", "properties": {"line_ref": "수인·분당", "line_name": "수인·분당선", "colour": "#ECA300"}, "geometry": {"type": "LineString", "coordinates": [[126.9431085, 37.2432165], [126.943006, 37.2432435], [126.9425079, 37.2433748], [126.9415976, 37.2436146], [126.9398842, 37.2440698], [126.9396996, 37.2441092], [126.9396862, 37.2441121], [126.9394411, 37.2441645]]}}, {"type": "Feature", "properties": {"line_ref": "수인·분당", "line_name": "수인·분당선", "colour": "#ECA300"}, "geometry": {"type": "LineString", "coordinates": [[126.9394411, 37.2441645], [126.938527, 37.2443547], [126.9380449, 37.2444443], [126.9375995, 37.2445279], [126.9366078, 37.2446729], [126.93632, 37.2447138]]}}, {"type": "Feature", "properties": {"line_ref": "수인·분당", "line_name": "수인·분당선", "colour": "#ECA300"}, "geometry": {"type": "LineString", "coordinates": [[126.93632, 37.2447138], [126.9361425, 37.2447376]]}}, {"type": "Feature", "properties": {"line_ref": "수인·분당", "line_name": "수인·분당선", "colour": "#ECA300"}, "geometry": {"type": "LineString", "coordinates": [[126.9361425, 37.2447376], [126.9359137, 37.2447698], [126.9355651, 37.2448189], [126.9329521, 37.245187], [126.9320282, 37.2453172], [126.9310551, 37.2454701], [126.9306967, 37.2455264]]}}, {"type": "Feature", "properties": {"line_ref": "수인·분당", "line_name": "수인·분당선", "colour": "#ECA300"}, "geometry": {"type": "LineString", "coordinates": [[126.9306967, 37.2455264], [126.9306403, 37.2455352], [126.9305476, 37.2455498]]}}, {"type": "Feature", "properties": {"line_ref": "수인·분당", "line_name": "수인·분당선", "colour": "#ECA300"}, "geometry": {"type": "LineString", "coordinates": [[126.9305476, 37.2455498], [126.9305405, 37.2455508], [126.9304044, 37.2455708], [126.9280947, 37.24591], [126.9274194, 37.2460092]]}}, {"type": "Feature", "properties": {"line_ref": "수인·분당", "line_name": "수인·분당선", "colour": "#ECA300"}, "geometry": {"type": "LineString", "coordinates": [[126.9274194, 37.2460092], [126.9272999, 37.2460271], [126.9271761, 37.2460457]]}}, {"type": "Feature", "properties": {"line_ref": "수인·분당", "line_name": "수인·분당선", "colour": "#ECA300"}, "geometry": {"type": "LineString", "coordinates": [[126.9271761, 37.2460457], [126.9270412, 37.246066], [126.9249776, 37.2463667]]}}, {"type": "Feature", "properties": {"line_ref": "수인·분당", "line_name": "수인·분당선", "colour": "#ECA300"}, "geometry": {"type": "LineString", "coordinates": [[126.9249776, 37.2463667], [126.9242671, 37.2464702]]}}, {"type": "Feature", "properties": {"line_ref": "수인·분당", "line_name": "수인·분당선", "colour": "#ECA300"}, "geometry": {"type": "LineString", "coordinates": [[126.9242671, 37.2464702], [126.9241012, 37.2464944], [126.9240228, 37.2465058], [126.9226824, 37.2466942]]}}, {"type": "Feature", "properties": {"line_ref": "수인·분당", "line_name": "수인·분당선", "colour": "#ECA300"}, "geometry": {"type": "LineString", "coordinates": [[126.9226824, 37.2466942], [126.922284, 37.2467502], [126.9197045, 37.2471127], [126.9159019, 37.2476988], [126.9152895, 37.2478383], [126.9146286, 37.2480274], [126.9137703, 37.2483356]]}}, {"type": "Feature", "properties": {"line_ref": "수인·분당", "line_name": "수인·분당선", "colour": "#ECA300"}, "geometry": {"type": "LineString", "coordinates": [[126.9137703, 37.2483356], [126.9131475, 37.2485668], [126.9098869, 37.2497436], [126.9097957, 37.2497772], [126.9081819, 37.2503749], [126.9080862, 37.2504077], [126.9077295, 37.2505382], [126.9064423, 37.2510089], [126.9059137, 37.2511962]]}}, {"type": "Feature", "properties": {"line_ref": "수인·분당", "line_name": "수인·분당선", "colour": "#ECA300"}, "geometry": {"type": "LineString", "coordinates": [[126.9059137, 37.2511962], [126.9030091, 37.2522252], [126.898248, 37.2539239], [126.8949707, 37.2551346], [126.8948547, 37.2551774], [126.8948045, 37.2551966]]}}, {"type": "Feature", "properties": {"line_ref": "수인·분당", "line_name": "수인·분당선", "colour": "#ECA300"}, "geometry": {"type": "LineString", "coordinates": [[126.8948045, 37.2551966], [126.8947491, 37.2552179], [126.8946552, 37.2552539]]}}, {"type": "Feature", "properties": {"line_ref": "수인·분당", "line_name": "수인·분당선", "colour": "#ECA300"}, "geometry": {"type": "LineString", "coordinates": [[126.8946552, 37.2552539], [126.8915822, 37.256433], [126.890885, 37.2567663], [126.8902267, 37.2571113], [126.8897206, 37.2574159], [126.8886728, 37.2580847], [126.8882361, 37.2583751]]}}, {"type": "Feature", "properties": {"line_ref": "수인·분당", "line_name": "수인·분당선", "colour": "#ECA300"}, "geometry": {"type": "LineString", "coordinates": [[126.8882361, 37.2583751], [126.8881332, 37.2584383]]}}, {"type": "Feature", "properties": {"line_ref": "수인·분당", "line_name": "수인·분당선", "colour": "#ECA300"}, "geometry": {"type": "LineString", "coordinates": [[126.8881332, 37.2584383], [126.8879999, 37.2585281], [126.886382, 37.259618], [126.8863333, 37.2596508], [126.88617, 37.2597608], [126.8853392, 37.2603156], [126.8847925, 37.26068], [126.8833633, 37.2616308], [126.8824215, 37.2622624], [126.8820043, 37.2625247]]}}, {"type": "Feature", "properties": {"line_ref": "수인·분당", "line_name": "수인·분당선", "colour": "#ECA300"}, "geometry": {"type": "LineString", "coordinates": [[126.8820043, 37.2625247], [126.8819589, 37.2625535], [126.8818449, 37.2626259], [126.881742, 37.2626913], [126.8815011, 37.2628442], [126.8806569, 37.2634105]]}}, {"type": "Feature", "properties": {"line_ref": "수인·분당", "line_name": "수인·분당선", "colour": "#ECA300"}, "geometry": {"type": "LineString", "coordinates": [[126.8806569, 37.2634105], [126.8804836, 37.2635266]]}}, {"type": "Feature", "properties": {"line_ref": "수인·분당", "line_name": "수인·분당선", "colour": "#ECA300"}, "geometry": {"type": "LineString", "coordinates": [[126.8804836, 37.2635266], [126.8802123, 37.2637084], [126.879779, 37.2639987], [126.8795894, 37.2641257], [126.8782914, 37.2649433]]}}, {"type": "Feature", "properties": {"line_ref": "수인·분당", "line_name": "수인·분당선", "colour": "#ECA300"}, "geometry": {"type": "LineString", "coordinates": [[126.8782914, 37.2649433], [126.8774559, 37.2654598], [126.8766956, 37.2658182], [126.875507, 37.2662754], [126.8743801, 37.2665954], [126.8730721, 37.2668697], [126.8721618, 37.2670807], [126.8688874, 37.2677806], [126.8667217, 37.2682379], [126.866025, 37.2683774], [126.8651562, 37.2686183], [126.8650575, 37.2686514], [126.8644, 37.268872], [126.8634179, 37.2693592], [126.8630307, 37.26958], [126.8627664, 37.2697545], [126.8624593, 37.2699772], [126.861943, 37.2703863], [126.8616405, 37.2706431]]}}, {"type": "Feature", "properties": {"line_ref": "수인·분당", "line_name": "수인·분당선", "colour": "#ECA300"}, "geometry": {"type": "LineString", "coordinates": [[126.8616405, 37.2706431], [126.8612781, 37.2710174], [126.8609801, 37.2713508], [126.8602708, 37.2721942], [126.8601114, 37.2723837]]}}, {"type": "Feature", "properties": {"line_ref": "수인·분당", "line_name": "수인·분당선", "colour": "#ECA300"}, "geometry": {"type": "LineString", "coordinates": [[126.8601114, 37.2723837], [126.8589945, 37.2737498]]}}, {"type": "Feature", "properties": {"line_ref": "수인·분당", "line_name": "수인·분당선", "colour": "#ECA300"}, "geometry": {"type": "LineString", "coordinates": [[126.8589945, 37.2737498], [126.8584312, 37.2744391]]}}, {"type": "Feature", "properties": {"line_ref": "수인·분당", "line_name": "수인·분당선", "colour": "#ECA300"}, "geometry": {"type": "LineString", "coordinates": [[126.8584312, 37.2744391], [126.8583181, 37.2745775]]}}, {"type": "Feature", "properties": {"line_ref": "수인·분당", "line_name": "수인·분당선", "colour": "#ECA300"}, "geometry": {"type": "LineString", "coordinates": [[126.8583181, 37.2745775], [126.8581005, 37.2748437], [126.8580621, 37.2748907], [126.8572323, 37.2758793], [126.8569912, 37.2761666], [126.8569531, 37.276214]]}}, {"type": "Feature", "properties": {"line_ref": "수인·분당", "line_name": "수인·분당선", "colour": "#ECA300"}, "geometry": {"type": "LineString", "coordinates": [[126.8569531, 37.276214], [126.8569177, 37.276258], [126.8568829, 37.2763012]]}}, {"type": "Feature", "properties": {"line_ref": "수인·분당", "line_name": "수인·분당선", "colour": "#ECA300"}, "geometry": {"type": "LineString", "coordinates": [[126.8568829, 37.2763012], [126.8563214, 37.2769991], [126.8557212, 37.2778932], [126.8556666, 37.2779765], [126.8556228, 37.2780418]]}}, {"type": "Feature", "properties": {"line_ref": "수인·분당", "line_name": "수인·분당선", "colour": "#ECA300"}, "geometry": {"type": "LineString", "coordinates": [[126.8556228, 37.2780418], [126.8555988, 37.278081], [126.8555792, 37.2781131], [126.8555408, 37.278176]]}}, {"type": "Feature", "properties": {"line_ref": "수인·분당", "line_name": "수인·분당선", "colour": "#ECA300"}, "geometry": {"type": "LineString", "coordinates": [[126.8555408, 37.278176], [126.8555135, 37.2782338], [126.8552672, 37.2787555], [126.8550746, 37.2792329], [126.8550434, 37.2793317], [126.8550043, 37.2794759]]}}, {"type": "Feature", "properties": {"line_ref": "수인·분당", "line_name": "수인·분당선", "colour": "#ECA300"}, "geometry": {"type": "LineString", "coordinates": [[126.8550043, 37.2794759], [126.8549652, 37.2796201]]}}, {"type": "Feature", "properties": {"line_ref": "수인·분당", "line_name": "수인·분당선", "colour": "#ECA300"}, "geometry": {"type": "LineString", "coordinates": [[126.8549652, 37.2796201], [126.854928, 37.2797573], [126.8549032, 37.2798488]]}}, {"type": "Feature", "properties": {"line_ref": "수인·분당", "line_name": "수인·분당선", "colour": "#ECA300"}, "geometry": {"type": "LineString", "coordinates": [[126.8549032, 37.2798488], [126.8547606, 37.2805057], [126.8546931, 37.2809352], [126.8546483, 37.2812837], [126.8546261, 37.2814889], [126.8546437, 37.2817901], [126.8546932, 37.2820886], [126.8547773, 37.2825965], [126.8549374, 37.283467], [126.855182, 37.2842242], [126.8557423, 37.286234], [126.8559331, 37.2868347], [126.8562467, 37.2878219], [126.8564673, 37.2884615], [126.8565143, 37.2885978]]}}, {"type": "Feature", "properties": {"line_ref": "수인·분당", "line_name": "수인·분당선", "colour": "#ECA300"}, "geometry": {"type": "LineString", "coordinates": [[126.8565143, 37.2885978], [126.8566777, 37.2891182], [126.8569657, 37.2901789], [126.8571204, 37.2906857], [126.8573725, 37.2915384], [126.8574018, 37.2916376], [126.8576427, 37.2924379], [126.8577305, 37.2927293]]}}, {"type": "Feature", "properties": {"line_ref": "수인·분당", "line_name": "수인·분당선", "colour": "#ECA300"}, "geometry": {"type": "LineString", "coordinates": [[126.8577305, 37.2927293], [126.8579024, 37.2933246], [126.8583919, 37.2952772], [126.8587157, 37.2965576], [126.8587753, 37.2968647], [126.858811, 37.2971581], [126.8588235, 37.2973209], [126.8588647, 37.2986464], [126.8588796, 37.2991267], [126.8589357, 37.3002453], [126.8589918, 37.3016256], [126.8590255, 37.3021342]]}}, {"type": "Feature", "properties": {"line_ref": "수인·분당", "line_name": "수인·분당선", "colour": "#ECA300"}, "geometry": {"type": "LineString", "coordinates": [[126.8590255, 37.3021342], [126.8590428, 37.3024645], [126.8590355, 37.3026355], [126.8590023, 37.3029691], [126.8589544, 37.3032734], [126.8588804, 37.3035321], [126.8587853, 37.3038139], [126.8586517, 37.3041536], [126.8585304, 37.3043749], [126.858455, 37.3045027], [126.8582914, 37.3047274], [126.8580758, 37.3050027], [126.857913, 37.3051739], [126.857757, 37.3053277], [126.8573429, 37.3057641], [126.8572358, 37.3058877]]}}, {"type": "Feature", "properties": {"line_ref": "수인·분당", "line_name": "수인·분당선", "colour": "#ECA300"}, "geometry": {"type": "LineString", "coordinates": [[126.8572358, 37.3058877], [126.8569947, 37.3061291], [126.8567889, 37.3063366], [126.8563256, 37.3068008], [126.8559905, 37.3071566], [126.855396, 37.307731], [126.8550155, 37.3081402], [126.8544107, 37.3087323], [126.853753, 37.3093918], [126.8527773, 37.3103831], [126.8527102, 37.3104497], [126.8522937, 37.3108784], [126.8520528, 37.3111252], [126.8519366, 37.3112442], [126.8517859, 37.3114013], [126.8517058, 37.3114918], [126.8515456, 37.3116965], [126.8513366, 37.3119494], [126.8510078, 37.3123606]]}}, {"type": "Feature", "properties": {"line_ref": "수인·분당", "line_name": "수인·분당선", "colour": "#ECA300"}, "geometry": {"type": "LineString", "coordinates": [[126.8497988, 37.3135642], [126.8498768, 37.3134866], [126.8508537, 37.3125054], [126.8510078, 37.3123606]]}}, {"type": "Feature", "properties": {"line_ref": "수인·분당", "line_name": "수인·분당선", "colour": "#ECA300"}, "geometry": {"type": "LineString", "coordinates": [[126.8495537, 37.313778], [126.8497988, 37.3135642]]}}, {"type": "Feature", "properties": {"line_ref": "수인·분당", "line_name": "수인·분당선", "colour": "#ECA300"}, "geometry": {"type": "LineString", "coordinates": [[126.847752, 37.3149758], [126.8481568, 37.3147732], [126.8485308, 37.3145505], [126.8489502, 37.3142834], [126.849271, 37.3140345], [126.8494435, 37.313878], [126.8495537, 37.313778]]}}, {"type": "Feature", "properties": {"line_ref": "수인·분당", "line_name": "수인·분당선", "colour": "#ECA300"}, "geometry": {"type": "LineString", "coordinates": [[126.8476678, 37.3150086], [126.847752, 37.3149758]]}}, {"type": "Feature", "properties": {"line_ref": "수인·분당", "line_name": "수인·분당선", "colour": "#ECA300"}, "geometry": {"type": "LineString", "coordinates": [[126.8452969, 37.315632], [126.8457641, 37.3155572], [126.8462625, 37.3154593], [126.8467699, 37.3153239], [126.8472275, 37.3151799], [126.8476678, 37.3150086]]}}, {"type": "Feature", "properties": {"line_ref": "수인·분당", "line_name": "수인·분당선", "colour": "#ECA300"}, "geometry": {"type": "LineString", "coordinates": [[126.8447989, 37.3156793], [126.8452969, 37.315632]]}}, {"type": "Feature", "properties": {"line_ref": "수인·분당", "line_name": "수인·분당선", "colour": "#ECA300"}, "geometry": {"type": "LineString", "coordinates": [[126.8447989, 37.3156793], [126.8412767, 37.3158672], [126.8374647, 37.3160633], [126.8357031, 37.3161645], [126.8220934, 37.3169005], [126.8218763, 37.3169093]]}}, {"type": "Feature", "properties": {"line_ref": "수인·분당", "line_name": "수인·분당선", "colour": "#ECA300"}, "geometry": {"type": "LineString", "coordinates": [[126.8218763, 37.3169093], [126.8214587, 37.3169368], [126.8204668, 37.3170021]]}}, {"type": "Feature", "properties": {"line_ref": "수인·분당", "line_name": "수인·분당선", "colour": "#ECA300"}, "geometry": {"type": "LineString", "coordinates": [[126.8204668, 37.3170021], [126.8153623, 37.3172494], [126.8148008, 37.3172916], [126.8141818, 37.3173705], [126.8135765, 37.3174818], [126.8129125, 37.3176381], [126.8123912, 37.3178068], [126.811615, 37.3180786], [126.8049024, 37.3211622], [126.8046179, 37.3212914]]}}, {"type": "Feature", "properties": {"line_ref": "수인·분당", "line_name": "수인·분당선", "colour": "#ECA300"}, "geometry": {"type": "LineString", "coordinates": [[126.8046179, 37.3212914], [126.8024396, 37.3223], [126.8019054, 37.3225309], [126.8012337, 37.322782], [126.8005518, 37.3230092], [126.8005428, 37.3230113]]}}, {"type": "Feature", "properties": {"line_ref": "수인·분당", "line_name": "수인·분당선", "colour": "#ECA300"}, "geometry": {"type": "LineString", "coordinates": [[126.8005428, 37.3230113], [126.8004095, 37.3230423]]}}, {"type": "Feature", "properties": {"line_ref": "수인·분당", "line_name": "수인·분당선", "colour": "#ECA300"}, "geometry": {"type": "LineString", "coordinates": [[126.8004095, 37.3230423], [126.8003102, 37.3230654], [126.7997551, 37.3231942], [126.7992684, 37.3232845], [126.7966564, 37.3237694], [126.7957795, 37.3239805], [126.7946549, 37.3243866], [126.7933289, 37.3249832], [126.7928889, 37.3251812]]}}, {"type": "Feature", "properties": {"line_ref": "수인·분당", "line_name": "수인·분당선", "colour": "#ECA300"}, "geometry": {"type": "LineString", "coordinates": [[126.7928889, 37.3251812], [126.7919355, 37.3256101]]}}, {"type": "Feature", "properties": {"line_ref": "수인·분당", "line_name": "수인·분당선", "colour": "#ECA300"}, "geometry": {"type": "LineString", "coordinates": [[126.7919355, 37.3256101], [126.7879605, 37.3274089], [126.7877891, 37.3274865], [126.7861554, 37.328208]]}}, {"type": "Feature", "properties": {"line_ref": "수인·분당", "line_name": "수인·분당선", "colour": "#ECA300"}, "geometry": {"type": "LineString", "coordinates": [[126.7861554, 37.328208], [126.7857681, 37.3283876]]}}, {"type": "Feature", "properties": {"line_ref": "수인·분당", "line_name": "수인·분당선", "colour": "#ECA300"}, "geometry": {"type": "LineString", "coordinates": [[126.7857681, 37.3283876], [126.785355, 37.3285792], [126.7849097, 37.3287789], [126.7813146, 37.3303917], [126.7765982, 37.33253], [126.7711227, 37.3354358], [126.7703256, 37.3358588], [126.7681991, 37.3370282], [126.7675964, 37.3373596]]}}, {"type": "Feature", "properties": {"line_ref": "수인·분당", "line_name": "수인·분당선", "colour": "#ECA300"}, "geometry": {"type": "LineString", "coordinates": [[126.7675964, 37.3373596], [126.7670178, 37.3376691]]}}, {"type": "Feature", "properties": {"line_ref": "수인·분당", "line_name": "수인·분당선", "colour": "#ECA300"}, "geometry": {"type": "LineString", "coordinates": [[126.7670178, 37.3376691], [126.7661867, 37.3380983]]}}, {"type": "Feature", "properties": {"line_ref": "수인·분당", "line_name": "수인·분당선", "colour": "#ECA300"}, "geometry": {"type": "LineString", "coordinates": [[126.7661867, 37.3380983], [126.7655452, 37.3384313], [126.7654342, 37.3384888]]}}, {"type": "Feature", "properties": {"line_ref": "수인·분당", "line_name": "수인·분당선", "colour": "#ECA300"}, "geometry": {"type": "LineString", "coordinates": [[126.7654342, 37.3384888], [126.7653434, 37.3385359]]}}, {"type": "Feature", "properties": {"line_ref": "수인·분당", "line_name": "수인·분당선", "colour": "#ECA300"}, "geometry": {"type": "LineString", "coordinates": [[126.7653434, 37.3385359], [126.7649221, 37.3387542]]}}, {"type": "Feature", "properties": {"line_ref": "수인·분당", "line_name": "수인·분당선", "colour": "#ECA300"}, "geometry": {"type": "LineString", "coordinates": [[126.7593274, 37.3426776], [126.7596365, 37.3422522], [126.7598099, 37.3420172], [126.7600395, 37.3417503], [126.7602613, 37.3415206], [126.7605537, 37.3412451], [126.7611518, 37.3407789], [126.7616206, 37.3404921], [126.7618503, 37.3403518], [126.7624645, 37.3400234], [126.7634167, 37.3395316], [126.7637238, 37.339373], [126.7641474, 37.3391543], [126.7647944, 37.3388201], [126.7649221, 37.3387542]]}}, {"type": "Feature", "properties": {"line_ref": "수인·분당", "line_name": "수인·분당선", "colour": "#ECA300"}, "geometry": {"type": "LineString", "coordinates": [[126.7593274, 37.3426776], [126.7592527, 37.3427951], [126.759034, 37.3431391]]}}, {"type": "Feature", "properties": {"line_ref": "수인·분당", "line_name": "수인·분당선", "colour": "#ECA300"}, "geometry": {"type": "LineString", "coordinates": [[126.759034, 37.3431391], [126.7589463, 37.343273], [126.7573884, 37.3456535], [126.7573601, 37.3456968], [126.7569409, 37.3463043], [126.7567, 37.346621], [126.7565939, 37.3467908]]}}, {"type": "Feature", "properties": {"line_ref": "수인·분당", "line_name": "수인·분당선", "colour": "#ECA300"}, "geometry": {"type": "LineString", "coordinates": [[126.7565939, 37.3467908], [126.7564552, 37.3469476], [126.7561666, 37.3472337], [126.7558897, 37.3474719], [126.7556608, 37.3476579], [126.7554772, 37.3477905], [126.7552244, 37.3479425], [126.7550506, 37.3480483], [126.7548244, 37.3481768], [126.7545086, 37.3483312], [126.7541075, 37.3485101], [126.7537611, 37.3486368], [126.7533497, 37.3487709], [126.7497011, 37.3497987], [126.7476593, 37.3504252], [126.7419901, 37.3520536], [126.7411391, 37.3522992], [126.7404928, 37.3524842], [126.740041, 37.3526218], [126.7395889, 37.352799], [126.7392649, 37.3529453], [126.7389773, 37.3530803], [126.738685, 37.3532643], [126.7383753, 37.3534834], [126.7380451, 37.3537505]]}}, {"type": "Feature", "properties": {"line_ref": "수인·분당", "line_name": "수인·분당선", "colour": "#ECA300"}, "geometry": {"type": "LineString", "coordinates": [[126.7380451, 37.3537505], [126.73776, 37.3540303], [126.7375164, 37.3542999], [126.7373543, 37.3545071], [126.7372501, 37.3546656], [126.7371419, 37.3548258], [126.7370304, 37.3550231], [126.7369274, 37.3552274], [126.7368382, 37.3554518], [126.7367147, 37.3558172], [126.7366486, 37.3561553], [126.7366064, 37.356395], [126.7365925, 37.3566817], [126.7365975, 37.356885], [126.7366093, 37.3571193], [126.7366476, 37.3574207], [126.7366944, 37.3576593], [126.7367436, 37.3578479], [126.7368484, 37.3581435], [126.737144, 37.3588958]]}}, {"type": "Feature", "properties": {"line_ref": "수인·분당", "line_name": "수인·분당선", "colour": "#ECA300"}, "geometry": {"type": "LineString", "coordinates": [[126.737144, 37.3588958], [126.7373049, 37.3592606], [126.7374463, 37.3595811]]}}, {"type": "Feature", "properties": {"line_ref": "수인·분당", "line_name": "수인·분당선", "colour": "#ECA300"}, "geometry": {"type": "LineString", "coordinates": [[126.7374463, 37.3595811], [126.7378462, 37.3605007], [126.7386441, 37.3623497]]}}, {"type": "Feature", "properties": {"line_ref": "수인·분당", "line_name": "수인·분당선", "colour": "#ECA300"}, "geometry": {"type": "LineString", "coordinates": [[126.7386441, 37.3623497], [126.7393203, 37.3639074], [126.7395585, 37.3644871], [126.7397376, 37.3648827], [126.7398584, 37.3651498]]}}, {"type": "Feature", "properties": {"line_ref": "수인·분당", "line_name": "수인·분당선", "colour": "#ECA300"}, "geometry": {"type": "LineString", "coordinates": [[126.7398584, 37.3651498], [126.7399577, 37.3653755], [126.7400178, 37.365512]]}}, {"type": "Feature", "properties": {"line_ref": "수인·분당", "line_name": "수인·분당선", "colour": "#ECA300"}, "geometry": {"type": "LineString", "coordinates": [[126.7400178, 37.365512], [126.7402822, 37.3661389], [126.7403033, 37.3661888], [126.7403687, 37.3663432]]}}, {"type": "Feature", "properties": {"line_ref": "수인·분당", "line_name": "수인·분당선", "colour": "#ECA300"}, "geometry": {"type": "LineString", "coordinates": [[126.7403687, 37.3663432], [126.740545, 37.3667593], [126.7408803, 37.3675565], [126.7409715, 37.3678124], [126.7410305, 37.3680021], [126.7410842, 37.3682046], [126.7411807, 37.3686331], [126.7412049, 37.3688611], [126.741229, 37.3691383], [126.741237, 37.3694324], [126.741229, 37.3697586], [126.7410547, 37.3717431], [126.7410117, 37.372227], [126.7409983, 37.3725105], [126.7410037, 37.3727791], [126.7410198, 37.3729453], [126.7410466, 37.3732544], [126.7410976, 37.3735251], [126.7411405, 37.3736999], [126.7412612, 37.3740793], [126.7413604, 37.3742988], [126.7414623, 37.3745333], [126.741634, 37.3748573], [126.7418191, 37.3751834], [126.7418857, 37.3752756], [126.7419854, 37.3754136], [126.7438281, 37.3779415], [126.7440263, 37.3782088], [126.7453715, 37.3800225], [126.7458836, 37.3807129], [126.7463574, 37.3813517], [126.7466149, 37.381746], [126.7467946, 37.3820422], [126.7469314, 37.382298], [126.7470494, 37.3825772], [126.7471325, 37.3828138], [126.7472103, 37.3831121], [126.7472425, 37.3832656], [126.7472774, 37.3835213], [126.7472854, 37.3838559], [126.7472666, 37.3842929], [126.7470789, 37.385188], [126.7468134, 37.3863772], [126.7466551, 37.3869462], [126.7464915, 37.3873724]]}}, {"type": "Feature", "properties": {"line_ref": "수인·분당", "line_name": "수인·분당선", "colour": "#ECA300"}, "geometry": {"type": "LineString", "coordinates": [[126.7464915, 37.3873724], [126.7463573, 37.3876506], [126.7462128, 37.3878823], [126.7460403, 37.3881393], [126.7458252, 37.3884124], [126.7454473, 37.3888304], [126.7443692, 37.389979], [126.7439104, 37.3904595]]}}, {"type": "Feature", "properties": {"line_ref": "수인·분당", "line_name": "수인·분당선", "colour": "#ECA300"}, "geometry": {"type": "LineString", "coordinates": [[126.7439104, 37.3904595], [126.7423159, 37.3921604], [126.7418952, 37.3926068], [126.7405453, 37.3940095]]}}, {"type": "Feature", "properties": {"line_ref": "수인·분당", "line_name": "수인·분당선", "colour": "#ECA300"}, "geometry": {"type": "LineString", "coordinates": [[126.7405453, 37.3940095], [126.7403703, 37.3941921], [126.7401404, 37.3944297], [126.7390839, 37.395526], [126.7383554, 37.3963058], [126.7371971, 37.3975418], [126.7370336, 37.3977082], [126.7360601, 37.3987226], [126.7349104, 37.399889], [126.7346193, 37.4001446], [126.734394, 37.4003172], [126.7341392, 37.4005026], [126.7339112, 37.4006518], [126.7335143, 37.4008947], [126.7333453, 37.4009756], [126.7330207, 37.4011205], [126.7325487, 37.4013038], [126.7319961, 37.4014742], [126.7316913, 37.4015428], [126.7313336, 37.4016234], [126.7307301, 37.4017214], [126.7301266, 37.4017619], [126.7295231, 37.4017683], [126.7292013, 37.4017576], [126.7286782, 37.4017044], [126.728182, 37.4016362], [126.72511, 37.4011059]]}}, {"type": "Feature", "properties": {"line_ref": "수인·분당", "line_name": "수인·분당선", "colour": "#ECA300"}, "geometry": {"type": "LineString", "coordinates": [[126.72511, 37.4011059], [126.7243264, 37.4009695], [126.7215322, 37.4004832], [126.7213637, 37.4004539], [126.7200387, 37.4002232]]}}, {"type": "Feature", "properties": {"line_ref": "수인·분당", "line_name": "수인·분당선", "colour": "#ECA300"}, "geometry": {"type": "LineString", "coordinates": [[126.7200387, 37.4002232], [126.7163596, 37.3995829], [126.7156237, 37.3995017], [126.7148209, 37.3994831], [126.7141781, 37.3995304], [126.7136877, 37.3995879], [126.712992, 37.3997341], [126.7123851, 37.3999208], [126.7117381, 37.4001731], [126.7077547, 37.4020968], [126.7062066, 37.4028444], [126.7057729, 37.4030539], [126.7049763, 37.4034182], [126.7041528, 37.4037655], [126.7036942, 37.4039317], [126.7031545, 37.4041199]]}}, {"type": "Feature", "properties": {"line_ref": "수인·분당", "line_name": "수인·분당선", "colour": "#ECA300"}, "geometry": {"type": "LineString", "coordinates": [[126.7031545, 37.4041199], [126.7020872, 37.4044971], [126.70194, 37.4045496], [126.7016859, 37.4046436], [126.7012721, 37.4047968], [126.7003816, 37.4051632], [126.6991398, 37.4056938]]}}, {"type": "Feature", "properties": {"line_ref": "수인·분당", "line_name": "수인·분당선", "colour": "#ECA300"}, "geometry": {"type": "LineString", "coordinates": [[126.6991398, 37.4056938], [126.6984519, 37.4059886], [126.69826, 37.4060709]]}}, {"type": "Feature", "properties": {"line_ref": "수인·분당", "line_name": "수인·분당선", "colour": "#ECA300"}, "geometry": {"type": "LineString", "coordinates": [[126.69826, 37.4060709], [126.6980486, 37.4061747], [126.6974795, 37.4064544], [126.6968518, 37.4067804], [126.6959925, 37.4072739]]}}, {"type": "Feature", "properties": {"line_ref": "수인·분당", "line_name": "수인·분당선", "colour": "#ECA300"}, "geometry": {"type": "LineString", "coordinates": [[126.6959925, 37.4072739], [126.6956848, 37.4074654]]}}, {"type": "Feature", "properties": {"line_ref": "수인·분당", "line_name": "수인·분당선", "colour": "#ECA300"}, "geometry": {"type": "LineString", "coordinates": [[126.6956848, 37.4074654], [126.6943986, 37.4082483], [126.6942786, 37.4083219], [126.6941589, 37.4083953], [126.693255, 37.4089578]]}}, {"type": "Feature", "properties": {"line_ref": "수인·분당", "line_name": "수인·분당선", "colour": "#ECA300"}, "geometry": {"type": "LineString", "coordinates": [[126.693255, 37.4089578], [126.6931428, 37.4090295], [126.6928446, 37.4092199]]}}, {"type": "Feature", "properties": {"line_ref": "수인·분당", "line_name": "수인·분당선", "colour": "#ECA300"}, "geometry": {"type": "LineString", "coordinates": [[126.6928446, 37.4092199], [126.692166, 37.4096481], [126.6918763, 37.4098228]]}}, {"type": "Feature", "properties": {"line_ref": "수인·분당", "line_name": "수인·분당선", "colour": "#ECA300"}, "geometry": {"type": "LineString", "coordinates": [[126.6918763, 37.4098228], [126.6914363, 37.4100948], [126.6897359, 37.4111458]]}}, {"type": "Feature", "properties": {"line_ref": "수인·분당", "line_name": "수인·분당선", "colour": "#ECA300"}, "geometry": {"type": "LineString", "coordinates": [[126.6897359, 37.4111458], [126.6873702, 37.412619]]}}, {"type": "Feature", "properties": {"line_ref": "수인·분당", "line_name": "수인·분당선", "colour": "#ECA300"}, "geometry": {"type": "LineString", "coordinates": [[126.6873702, 37.412619], [126.6872585, 37.4126887], [126.6856687, 37.4136809], [126.6851735, 37.41399]]}}, {"type": "Feature", "properties": {"line_ref": "수인·분당", "line_name": "수인·분당선", "colour": "#ECA300"}, "geometry": {"type": "LineString", "coordinates": [[126.6851735, 37.41399], [126.6848248, 37.4142147]]}}, {"type": "Feature", "properties": {"line_ref": "수인·분당", "line_name": "수인·분당선", "colour": "#ECA300"}, "geometry": {"type": "LineString", "coordinates": [[126.6848248, 37.4142147], [126.682612, 37.41556], [126.6816196, 37.4161821], [126.6806138, 37.4168063], [126.6797777, 37.41729], [126.6779472, 37.4183698], [126.6776888, 37.4185222], [126.6767232, 37.4191027], [126.6756088, 37.4197567], [126.6742033, 37.4206067], [126.6735636, 37.4210774], [126.6731223, 37.421447], [126.6724826, 37.4220179], [126.6716351, 37.4228476], [126.6708451, 37.4235356]]}}, {"type": "Feature", "properties": {"line_ref": "수인·분당", "line_name": "수인·분당선", "colour": "#ECA300"}, "geometry": {"type": "LineString", "coordinates": [[126.6708451, 37.4235356], [126.6703221, 37.4240596], [126.6696596, 37.4246582], [126.6673261, 37.4259426], [126.6665858, 37.4263452], [126.6658401, 37.4267116], [126.6651428, 37.4269501], [126.6643408, 37.4271333], [126.6634771, 37.4272419], [126.662187, 37.4273207], [126.6608593, 37.4274272], [126.6601941, 37.4275124], [126.6598025, 37.427636]]}}, {"type": "Feature", "properties": {"line_ref": "수인·분당", "line_name": "수인·분당선", "colour": "#ECA300"}, "geometry": {"type": "LineString", "coordinates": [[126.6598025, 37.427636], [126.6582254, 37.4283197], [126.6578454, 37.4284912], [126.6567837, 37.4289704]]}}, {"type": "Feature", "properties": {"line_ref": "수인·분당", "line_name": "수인·분당선", "colour": "#ECA300"}, "geometry": {"type": "LineString", "coordinates": [[126.6567837, 37.4289704], [126.6560871, 37.42929], [126.6558851, 37.4293826], [126.6538721, 37.4303043], [126.6533732, 37.4305327], [126.6526935, 37.4308453], [126.6526276, 37.4308756]]}}, {"type": "Feature", "properties": {"line_ref": "수인·분당", "line_name": "수인·분당선", "colour": "#ECA300"}, "geometry": {"type": "LineString", "coordinates": [[126.6526276, 37.4308756], [126.6523728, 37.4309994], [126.6522548, 37.4310567], [126.6514716, 37.4314188], [126.6505596, 37.4318341]]}}, {"type": "Feature", "properties": {"line_ref": "수인·분당", "line_name": "수인·분당선", "colour": "#ECA300"}, "geometry": {"type": "LineString", "coordinates": [[126.6505596, 37.4318341], [126.6499749, 37.4321067], [126.6494009, 37.4324305], [126.6492026, 37.4325658], [126.6490012, 37.4327031]]}}, {"type": "Feature", "properties": {"line_ref": "수인·분당", "line_name": "수인·분당선", "colour": "#ECA300"}, "geometry": {"type": "LineString", "coordinates": [[126.6490012, 37.4327031], [126.6486284, 37.4330311], [126.6483816, 37.4332952], [126.6482207, 37.4335188]]}}, {"type": "Feature", "properties": {"line_ref": "수인·분당", "line_name": "수인·분당선", "colour": "#ECA300"}, "geometry": {"type": "LineString", "coordinates": [[126.6482207, 37.4335188], [126.6478398, 37.4341684], [126.6475984, 37.434867], [126.6475528, 37.4351566], [126.6475716, 37.4353973], [126.6476279, 37.43577], [126.6477808, 37.4363472], [126.6483361, 37.438002], [126.6486375, 37.4389627], [126.6487437, 37.4393011], [126.6488869, 37.4397554], [126.6494787, 37.441633], [126.6500258, 37.4433708], [126.6503987, 37.4444717], [126.6505194, 37.4449786], [126.6505435, 37.4453725], [126.6504845, 37.4456664], [126.6503745, 37.4462988], [126.6501224, 37.4473891], [126.6498622, 37.4480429], [126.6493767, 37.4489904], [126.6491917, 37.4492992], [126.6489744, 37.4495739], [126.6485587, 37.4500679], [126.6481563, 37.4504278], [126.6471156, 37.4512178], [126.6463056, 37.4520823], [126.6461796, 37.4522143], [126.6460937, 37.4523186], [126.646032, 37.4524272], [126.6459516, 37.4525869], [126.6451925, 37.4542477], [126.6449189, 37.4547055], [126.6447687, 37.4549078], [126.6445219, 37.4551867], [126.6430441, 37.4570157], [126.6417298, 37.4585295], [126.6411665, 37.4591533], [126.6408446, 37.4594344], [126.6407722, 37.4594983], [126.6404772, 37.4596835], [126.6400802, 37.4599049], [126.6393828, 37.4602562], [126.6389617, 37.4604659], [126.6370849, 37.461239], [126.6369796, 37.4612824], [126.6323045, 37.4632688], [126.6299871, 37.4641544], [126.6295445, 37.4643652], [126.6291583, 37.4646164], [126.6279513, 37.4655957], [126.6274899, 37.4660279], [126.6265485, 37.4669178], [126.6262346, 37.467218], [126.6258296, 37.4675245], [126.6254635, 37.4678266], [126.6244054, 37.468491], [126.6236807, 37.4689305], [126.6215073, 37.4702483], [126.619505, 37.4714649], [126.6190866, 37.4717566], [126.6188318, 37.4720014], [126.6185716, 37.4723803], [126.6183731, 37.4728401], [126.6178232, 37.4743983], [126.6173767, 37.4754605], [126.6173498, 37.4755605], [126.6173364, 37.475667], [126.6173323, 37.4766586], [126.6173267, 37.4769719]]}}, {"type": "Feature", "properties": {"line_ref": "신분당", "line_name": "수도권 전철 신분당선", "colour": "#B81B30"}, "geometry": {"type": "LineString", "coordinates": [[127.0447584, 37.3018722], [127.0449827, 37.3017612], [127.0451478, 37.3016795]]}}, {"type": "Feature", "properties": {"line_ref": "신분당", "line_name": "수도권 전철 신분당선", "colour": "#B81B30"}, "geometry": {"type": "LineString", "coordinates": [[127.0451478, 37.3016795], [127.045468, 37.3015088]]}}, {"type": "Feature", "properties": {"line_ref": "신분당", "line_name": "수도권 전철 신분당선", "colour": "#B81B30"}, "geometry": {"type": "LineString", "coordinates": [[127.045468, 37.3015088], [127.0460068, 37.3012266], [127.0465379, 37.300922], [127.0467195, 37.300822], [127.0468585, 37.3007517], [127.0472919, 37.3004707], [127.0474727, 37.3003484], [127.0477228, 37.3001549], [127.0478702, 37.3000409]]}}, {"type": "Feature", "properties": {"line_ref": "신분당", "line_name": "수도권 전철 신분당선", "colour": "#B81B30"}, "geometry": {"type": "LineString", "coordinates": [[127.0478702, 37.3000409], [127.0480827, 37.2998471]]}}, {"type": "Feature", "properties": {"line_ref": "신분당", "line_name": "수도권 전철 신분당선", "colour": "#B81B30"}, "geometry": {"type": "LineString", "coordinates": [[127.0480827, 37.2998471], [127.0484981, 37.2994235], [127.0488293, 37.2990847], [127.0492457, 37.2986714]]}}, {"type": "Feature", "properties": {"line_ref": "신분당", "line_name": "수도권 전철 신분당선", "colour": "#B81B30"}, "geometry": {"type": "LineString", "coordinates": [[127.0492457, 37.2986714], [127.0496821, 37.2980313], [127.049808, 37.2977433], [127.0498787, 37.2974887], [127.0498963, 37.2973023], [127.0498579, 37.2970403], [127.0498053, 37.2968177], [127.0493043, 37.2951335], [127.0489133, 37.2939814], [127.048478, 37.2932861], [127.0482908, 37.2926689], [127.0482546, 37.2923317], [127.0482353, 37.2915985], [127.0483186, 37.2913717], [127.0484949, 37.290989], [127.0491447, 37.2903938], [127.0494874, 37.2901337], [127.0509569, 37.2890183], [127.0515353, 37.2885736], [127.0524043, 37.2879791], [127.0536096, 37.2870807], [127.054123, 37.286707], [127.0547198, 37.2863528], [127.0552002, 37.2861355], [127.0556817, 37.2859669], [127.0559813, 37.2859066], [127.0562621, 37.2858905], [127.0565991, 37.2859756], [127.0569208, 37.2860691], [127.0573947, 37.2863443], [127.0580692, 37.2868447], [127.0592226, 37.287799], [127.0618068, 37.2899027], [127.0627049, 37.2906774], [127.0629747, 37.2908665], [127.0634192, 37.2911035], [127.0650154, 37.2917224], [127.0668941, 37.2925335], [127.0674686, 37.2928361], [127.0679061, 37.2932474], [127.0681732, 37.2936922], [127.068935, 37.2965179], [127.0692388, 37.297444], [127.0696687, 37.2989], [127.0698213, 37.2993999], [127.0701306, 37.3002743], [127.0703461, 37.3006507], [127.0719877, 37.3017732], [127.0736115, 37.3029368], [127.0741668, 37.3034679], [127.0746504, 37.3043058], [127.0748406, 37.3048692], [127.0748086, 37.3059911], [127.0748037, 37.3064048], [127.0748213, 37.3066652], [127.0748804, 37.3068183], [127.0761397, 37.3096038], [127.0768776, 37.3111365], [127.0769585, 37.311342], [127.0771487, 37.3115525], [127.0774111, 37.3117155], [127.0784412, 37.3123182], [127.0797685, 37.3130824], [127.0802535, 37.3134512], [127.0804961, 37.3137545], [127.0806776, 37.3140585], [127.081175, 37.3148918], [127.0819218, 37.316077], [127.0823139, 37.3165832], [127.0828115, 37.316847], [127.0868614, 37.3182144], [127.0883461, 37.319014], [127.089785, 37.3197993], [127.0944673, 37.3224026], [127.0946848, 37.3225412], [127.095529, 37.3230318], [127.0963889, 37.3235534], [127.1003216, 37.3259803], [127.1007129, 37.3262271], [127.1015975, 37.3267396], [127.1019073, 37.3269931], [127.1021404, 37.3272535], [127.1026044, 37.3282762], [127.1026895, 37.3289645], [127.1027666, 37.3322429], [127.1027979, 37.3329475], [127.1027659, 37.3341941], [127.1027695, 37.336757], [127.1027711, 37.3378779], [127.1028628, 37.3390636], [127.1028576, 37.3399035], [127.102897, 37.340772], [127.1029087, 37.3411617], [127.1029629, 37.3413257], [127.1030565, 37.3414727], [127.1032397, 37.341677], [127.1036146, 37.3420588], [127.103912, 37.342265], [127.1043011, 37.3424509], [127.1047635, 37.3425874], [127.1055719, 37.3427751], [127.1063396, 37.3429705], [127.1075189, 37.3434433], [127.1078632, 37.3436539], [127.1082665, 37.3440128], [127.1085979, 37.344443], [127.1087212, 37.3446657], [127.1087934, 37.3448781], [127.1088744, 37.3452479], [127.1088973, 37.3456143], [127.1089093, 37.3458416], [127.10891, 37.3462699], [127.1088807, 37.347465], [127.108875, 37.348526], [127.1088725, 37.3498778], [127.1088739, 37.3499864], [127.1088476, 37.3505664], [127.1088429, 37.351204], [127.1088189, 37.3521709], [127.1088029, 37.3531876], [127.1087751, 37.3541234], [127.1087254, 37.3552762], [127.1086857, 37.3565671], [127.1086712, 37.3578435], [127.1086553, 37.3584458], [127.1086315, 37.3593437], [127.1085846, 37.360884], [127.1084908, 37.3635601], [127.1084377, 37.3656597], [127.1084367, 37.3662552], [127.1084068, 37.3673697]]}}, {"type": "Feature", "properties": {"line_ref": "신분당", "line_name": "수도권 전철 신분당선", "colour": "#B81B30"}, "geometry": {"type": "LineString", "coordinates": [[127.1084068, 37.3673697], [127.1083901, 37.3678593], [127.108369, 37.3690979], [127.1083801, 37.3710075], [127.1083586, 37.3727298], [127.1083586, 37.3745749], [127.1083286, 37.3757744], [127.1085431, 37.3773704], [127.1091182, 37.3792051], [127.109822, 37.3810466], [127.1109035, 37.3833587], [127.1110752, 37.3841702], [127.1111524, 37.3866595], [127.1111267, 37.389626], [127.1111524, 37.3914195], [127.1111385, 37.3933442], [127.111122, 37.3943545], [127.1111174, 37.3946321], [127.11112, 37.3954105], [127.1110987, 37.3975341], [127.1110861, 37.3991614], [127.1110557, 37.4010658], [127.1110436, 37.402464], [127.110995, 37.4032209], [127.1107914, 37.4041336], [127.1106455, 37.404537], [127.1104302, 37.405022], [127.1095887, 37.4059452], [127.1086247, 37.4066572], [127.1071999, 37.4073526], [127.1052945, 37.4082799], [127.1024192, 37.4096707], [127.099458, 37.4110615], [127.0949976, 37.4130306], [127.0868708, 37.4174905], [127.0846911, 37.4187401], [127.0814144, 37.4209527], [127.0743268, 37.4263407], [127.0703428, 37.4304215], [127.0660149, 37.4347979], [127.0649585, 37.4358661], [127.0616818, 37.4391212], [127.0573331, 37.4451779], [127.0557949, 37.4469754], [127.054516, 37.4483389], [127.0544067, 37.4484543], [127.0529784, 37.4499544]]}}, {"type": "Feature", "properties": {"line_ref": "신분당", "line_name": "수도권 전철 신분당선", "colour": "#B81B30"}, "geometry": {"type": "LineString", "coordinates": [[127.0529784, 37.4499544], [127.0517248, 37.4513667], [127.0505417, 37.4526433], [127.0492794, 37.4541176], [127.0480699, 37.455457], [127.0461217, 37.457678], [127.0427412, 37.4614935], [127.0411693, 37.4632229], [127.0389601, 37.4657568], [127.038772, 37.466041], [127.0386506, 37.4665276], [127.0384728, 37.4683543], [127.0382719, 37.470128], [127.0381537, 37.4710343], [127.0379496, 37.473096], [127.0380261, 37.4740073], [127.0383454, 37.4760175], [127.0384175, 37.4779363], [127.0383454, 37.4788527], [127.0378835, 37.4800956], [127.037436, 37.480949], [127.0352268, 37.4831555], [127.0346389, 37.4837582], [127.0340424, 37.484378], [127.0338192, 37.4846879], [127.0332656, 37.4858628], [127.0321136, 37.4882094], [127.0306413, 37.4912618], [127.0291932, 37.4943949], [127.0290823, 37.4946348], [127.0279352, 37.497112]]}}, {"type": "Feature", "properties": {"line_ref": "신분당", "line_name": "수도권 전철 신분당선", "colour": "#B81B30"}, "geometry": {"type": "LineString", "coordinates": [[127.0279352, 37.497112], [127.0277524, 37.4974912], [127.027716, 37.4975666], [127.0276301, 37.4977448], [127.0267746, 37.4995193], [127.0267164, 37.4996401]]}}, {"type": "Feature", "properties": {"line_ref": "신분당", "line_name": "수도권 전철 신분당선", "colour": "#B81B30"}, "geometry": {"type": "LineString", "coordinates": [[127.0267164, 37.4996401], [127.0266345, 37.4998122], [127.0263547, 37.5003999], [127.0248903, 37.5035631], [127.0241637, 37.5050077], [127.0221232, 37.5092816], [127.0218148, 37.5099274], [127.0203145, 37.5131566], [127.0198982, 37.5146], [127.0196467, 37.5155158], [127.0195885, 37.5157279]]}}, {"type": "Feature", "properties": {"line_ref": "용인", "line_name": "용인 경전철", "colour": "#44A436"}, "geometry": {"type": "LineString", "coordinates": [[127.2196707, 37.2852395], [127.2197565, 37.2851841]]}}, {"type": "Feature", "properties": {"line_ref": "용인", "line_name": "용인 경전철", "colour": "#44A436"}, "geometry": {"type": "LineString", "coordinates": [[127.2197565, 37.2851841], [127.219892, 37.2850963], [127.2209488, 37.284392], [127.222719, 37.2832097], [127.223753, 37.2825161], [127.2239958, 37.2823454], [127.2241715, 37.2821939], [127.2242801, 37.2820808], [127.2243834, 37.2819453], [127.2244571, 37.2818023], [127.2245134, 37.2816582], [127.2245416, 37.2815024], [127.224551, 37.2813626], [127.2245443, 37.2812037], [127.2245188, 37.2810745], [127.2244866, 37.2809689], [127.224429, 37.2808291], [127.2242586, 37.2805367], [127.2232662, 37.2789147], [127.2228652, 37.278283], [127.2227284, 37.2781016], [127.2226144, 37.2779629], [127.2224803, 37.2778465], [127.2223181, 37.2777292], [127.2220995, 37.277599], [127.2218755, 37.2775008], [127.2215711, 37.2773802], [127.2206229, 37.2770483]]}}, {"type": "Feature", "properties": {"line_ref": "용인", "line_name": "용인 경전철", "colour": "#44A436"}, "geometry": {"type": "LineString", "coordinates": [[127.2206229, 37.2770483], [127.2197061, 37.2767006], [127.2193566, 37.276574], [127.2188854, 37.2763859], [127.2185761, 37.2762357], [127.2183366, 37.276112], [127.2179298, 37.275886], [127.2174852, 37.2756094], [127.2164327, 37.2747798], [127.2159973, 37.2744196], [127.2156719, 37.2741581], [127.2154185, 37.2739302], [127.2151407, 37.2736767], [127.2148941, 37.2734002], [127.2146911, 37.2731328], [127.2145315, 37.2728945], [127.2144233, 37.2727102], [127.214319, 37.2724776], [127.2141884, 37.2720242], [127.2141171, 37.2715773], [127.2139982, 37.2704879], [127.2139435, 37.2698026], [127.2138691, 37.2691817], [127.2137835, 37.2684482], [127.2137174, 37.2677776], [127.2136449, 37.2670626], [127.2135991, 37.2665331], [127.213596, 37.2664189], [127.2136096, 37.2662493], [127.213653, 37.2660897], [127.2137613, 37.2658773], [127.2138985, 37.2657174], [127.2145398, 37.2651456], [127.215295, 37.2643453], [127.2156236, 37.2639074], [127.2158531, 37.263522], [127.2161601, 37.2630107], [127.2165805, 37.2623272], [127.2171376, 37.2614122], [127.2176221, 37.2605823], [127.2180761, 37.259859], [127.2183806, 37.2591814], [127.2185469, 37.2587377], [127.2186375, 37.2583594], [127.2188904, 37.2572077], [127.2191828, 37.2560062], [127.2194414, 37.2548888], [127.219584, 37.2542852], [127.2196303, 37.253956], [127.2196447, 37.2536377], [127.2196011, 37.2533143], [127.2194999, 37.2530208], [127.2193368, 37.2526606], [127.2191845, 37.2524389], [127.218896, 37.2520939], [127.2182258, 37.2515003], [127.217081, 37.2506541], [127.2162834, 37.2500173], [127.2158456, 37.2495599], [127.2154327, 37.2489503], [127.2153017, 37.248685], [127.2151733, 37.2481902], [127.2148929, 37.2469639], [127.2145753, 37.2456334], [127.2143853, 37.2449976], [127.2141149, 37.2444148], [127.2140093, 37.2442256], [127.2133561, 37.2432218], [127.2127977, 37.2422688], [127.2124443, 37.241375], [127.212184, 37.240606], [127.2120229, 37.2401829], [127.2117786, 37.2397207], [127.2111255, 37.2388083], [127.2106379, 37.2382281], [127.2104258, 37.2380437], [127.2102311, 37.2379559], [127.2100301, 37.2378801], [127.2097908, 37.2378431], [127.2094593, 37.2378299], [127.2088372, 37.2378213], [127.2082885, 37.2378265], [127.2077174, 37.2378275], [127.2070842, 37.2377952], [127.2065057, 37.2376979], [127.2053325, 37.2374689], [127.2034347, 37.2369406], [127.2029828, 37.2368388], [127.202662, 37.2367922], [127.2023266, 37.236778], [127.201872, 37.236808], [127.1995483, 37.237176], [127.1988235, 37.2372638], [127.198446, 37.2372928], [127.1976458, 37.2373136], [127.1952065, 37.2372163], [127.1942566, 37.2372003], [127.193681, 37.2372414], [127.1928323, 37.237371], [127.191288, 37.2377028], [127.1908234, 37.2378311], [127.1900788, 37.23808], [127.1897329, 37.2381882], [127.1891581, 37.2383775], [127.1889571, 37.2384168], [127.1885016, 37.2384698], [127.1876667, 37.2385398], [127.1861403, 37.2386371], [127.185475, 37.2387047], [127.184377, 37.2388954], [127.1826768, 37.2392666], [127.1820894, 37.2393943], [127.1815846, 37.239449], [127.1811502, 37.2394728], [127.1803092, 37.2394124], [127.1786666, 37.2393407], [127.1764447, 37.2392023], [127.175641, 37.2391478], [127.1752101, 37.2391446], [127.174768, 37.2392163], [127.1743131, 37.2393426], [127.1737308, 37.2395625], [127.1697102, 37.241287], [127.1693567, 37.2414528], [127.1688534, 37.2417544], [127.1685443, 37.2419671], [127.1681525, 37.2422743], [127.1676926, 37.2426543], [127.1674744, 37.24285], [127.1669623, 37.2433091], [127.1664409, 37.2437613], [127.1656914, 37.2444697], [127.1653627, 37.2447394], [127.1651865, 37.2448839], [127.1647135, 37.2453152], [127.1645512, 37.2455403], [127.1645215, 37.2456733], [127.1644807, 37.2458837], [127.1644807, 37.2461279], [127.1645677, 37.2464056], [127.1647559, 37.2466509], [127.1666365, 37.248474], [127.1667769, 37.2486148], [127.1677334, 37.2495741], [127.168002, 37.2499207], [127.1682667, 37.2503688], [127.1684035, 37.2510807], [127.1683894, 37.2515653], [127.1681992, 37.2521716], [127.1679404, 37.2525634], [127.1676723, 37.2528754], [127.1669516, 37.2535995], [127.1659163, 37.2546719], [127.1651253, 37.255563], [127.1643202, 37.2566219], [127.1635383, 37.2575323], [127.1631289, 37.2579223], [127.1624935, 37.2584623], [127.1607968, 37.259711], [127.1603998, 37.2600227], [127.1601773, 37.2602154], [127.1597673, 37.2606014], [127.1594568, 37.2609153], [127.1592762, 37.2610966], [127.1590147, 37.2614121], [127.1587375, 37.2617487], [127.1581904, 37.2624192], [127.1576772, 37.2629517], [127.1575334, 37.2630967], [127.1567314, 37.2638633], [127.1564392, 37.2641326], [127.1561761, 37.2643569], [127.1556531, 37.2649495], [127.1554263, 37.265228], [127.1551554, 37.2656309], [127.1549946, 37.265863], [127.1547288, 37.2662436], [127.1544942, 37.2666251], [127.1542593, 37.2669902], [127.154077, 37.2672627], [127.1537919, 37.2676564], [127.1534385, 37.2681604], [127.1529489, 37.2688282], [127.1526913, 37.2691532], [127.1524358, 37.2695286], [127.1522058, 37.2698477], [127.1520882, 37.2700033], [127.1517846, 37.2703771], [127.1512345, 37.2709698], [127.1508051, 37.2713814], [127.1506041, 37.2715788], [127.1503537, 37.2718743], [127.1501564, 37.2721392], [127.1500549, 37.2723028], [127.1499428, 37.2725088], [127.1493627, 37.2736532], [127.1491306, 37.2740667], [127.1488603, 37.2743876], [127.1485866, 37.274634], [127.1481519, 37.2749416], [127.1478792, 37.2750884], [127.1475695, 37.2752203], [127.1472898, 37.275315], [127.1470152, 37.2753856], [127.1466476, 37.2754526], [127.1463071, 37.2754913], [127.1460359, 37.2754905], [127.1457518, 37.2754831], [127.1454955, 37.2754679], [127.1451918, 37.2754224], [127.1449414, 37.27537], [127.1444953, 37.2752374], [127.1435379, 37.274898], [127.139681, 37.2734861], [127.1391593, 37.2732696], [127.1389661, 37.273157], [127.1387185, 37.2729771], [127.1385659, 37.2728449], [127.1382963, 37.2725475], [127.1381461, 37.2722805], [127.138032, 37.2720138], [127.1379207, 37.2716614], [127.1377253, 37.2709898], [127.1375957, 37.270568], [127.1375024, 37.2703881], [127.1373966, 37.27024], [127.13714, 37.2700344], [127.1368319, 37.2698563], [127.1364687, 37.2696367], [127.1350264, 37.2687707], [127.134613, 37.2685932], [127.134059, 37.2683955], [127.1335912, 37.268263], [127.1332544, 37.2681845], [127.1331158, 37.2681581], [127.1326605, 37.2680922], [127.1321413, 37.2680396], [127.1316815, 37.2680276], [127.1311333, 37.2680369], [127.1304173, 37.2681175], [127.1296527, 37.2682859], [127.1289694, 37.2685038], [127.1282074, 37.268825], [127.1272897, 37.2693898], [127.1266723, 37.2697846], [127.1261805, 37.2701434], [127.1260023, 37.2702735], [127.1257862, 37.2704454], [127.1247448, 37.2713516], [127.1234818, 37.2725223], [127.1222548, 37.2734569], [127.1204863, 37.2748087], [127.120224, 37.2749683], [127.1199569, 37.2750805], [127.1196234, 37.2751525], [127.1190547, 37.2752347], [127.1187006, 37.2752831], [127.1182148, 37.2753494], [127.1176748, 37.2754232], [127.1171842, 37.2754757], [127.1171297, 37.2754777]]}}, {"type": "Feature", "properties": {"line_ref": "용인", "line_name": "용인 경전철", "colour": "#44A436"}, "geometry": {"type": "LineString", "coordinates": [[127.1171297, 37.2754777], [127.1164858, 37.2755022]]}}, {"type": "Feature", "properties": {"line_ref": "의정부경전철", "line_name": "의정부경전철", "colour": "#F0831E"}, "geometry": {"type": "LineString", "coordinates": [[127.0529344, 37.7269971], [127.0529156, 37.7269393], [127.0528719, 37.7268045]]}}, {"type": "Feature", "properties": {"line_ref": "의정부경전철", "line_name": "의정부경전철", "colour": "#F0831E"}, "geometry": {"type": "LineString", "coordinates": [[127.0528719, 37.7268045], [127.0528145, 37.7266422], [127.0527257, 37.7263966], [127.0526652, 37.7261896], [127.0521775, 37.7246549], [127.0521104, 37.7244778], [127.0520474, 37.7243261], [127.0519871, 37.724237], [127.0518932, 37.7241299], [127.0517591, 37.7240164], [127.0516142, 37.7239241], [127.051456, 37.7238509], [127.0513098, 37.7238042], [127.0511368, 37.7237607], [127.0509826, 37.7237353], [127.0508163, 37.7237278], [127.0506687, 37.7237321], [127.0505185, 37.7237501], [127.050363, 37.723783], [127.0501471, 37.7238551], [127.049742, 37.7240248], [127.0487081, 37.7245086], [127.0484331, 37.7246157], [127.0477205, 37.7248535]]}}, {"type": "Feature", "properties": {"line_ref": "의정부경전철", "line_name": "의정부경전철", "colour": "#F0831E"}, "geometry": {"type": "LineString", "coordinates": [[127.0477205, 37.7248535], [127.0471527, 37.7250332], [127.0465186, 37.7252216]]}}, {"type": "Feature", "properties": {"line_ref": "의정부경전철", "line_name": "의정부경전철", "colour": "#F0831E"}, "geometry": {"type": "LineString", "coordinates": [[127.0465186, 37.7252216], [127.0461914, 37.7253199], [127.0460012, 37.7253664], [127.0456673, 37.7254075], [127.0447992, 37.7254432], [127.0445872, 37.7254501], [127.0444098, 37.7254766], [127.0443152, 37.7255049], [127.0441726, 37.7255574], [127.0440075, 37.7256544], [127.0439488, 37.7257054], [127.0438894, 37.7257638], [127.0438257, 37.725858], [127.0437775, 37.7259672], [127.0437456, 37.7260394], [127.0437349, 37.7261245], [127.0437244, 37.7262035], [127.0437017, 37.7286131]]}}, {"type": "Feature", "properties": {"line_ref": "의정부경전철", "line_name": "의정부경전철", "colour": "#F0831E"}, "geometry": {"type": "LineString", "coordinates": [[127.0437017, 37.7286131], [127.043702, 37.7289028], [127.0437012, 37.7289501]]}}, {"type": "Feature", "properties": {"line_ref": "의정부경전철", "line_name": "의정부경전철", "colour": "#F0831E"}, "geometry": {"type": "LineString", "coordinates": [[127.0437012, 37.7289501], [127.0436466, 37.7310692], [127.0433363, 37.7370677], [127.0433186, 37.737445], [127.0432999, 37.7377963], [127.043289, 37.7378906], [127.0432675, 37.7379766], [127.0432495, 37.7380324], [127.0432212, 37.7380853], [127.0431776, 37.7381467], [127.0431246, 37.7382045], [127.0430767, 37.7382456], [127.0430211, 37.7382836], [127.0429588, 37.7383167], [127.0428762, 37.7383476], [127.0427943, 37.7383697], [127.0426718, 37.7383914], [127.042546, 37.7383956], [127.0423615, 37.7383908]]}}, {"type": "Feature", "properties": {"line_ref": "의정부경전철", "line_name": "의정부경전철", "colour": "#F0831E"}, "geometry": {"type": "LineString", "coordinates": [[127.0423615, 37.7383908], [127.0420162, 37.7383622], [127.0383291, 37.738234], [127.0370574, 37.7382011], [127.0361591, 37.7381759], [127.0358453, 37.7381672], [127.0356683, 37.7381748], [127.035546, 37.738202], [127.035385, 37.7382596], [127.0352089, 37.7383719], [127.0351316, 37.7384316], [127.0350306, 37.7385438], [127.0349618, 37.7386835], [127.0349361, 37.7388034], [127.0349249, 37.7390309]]}}, {"type": "Feature", "properties": {"line_ref": "의정부경전철", "line_name": "의정부경전철", "colour": "#F0831E"}, "geometry": {"type": "LineString", "coordinates": [[127.0349249, 37.7390309], [127.0348982, 37.7393951], [127.034897, 37.739453]]}}, {"type": "Feature", "properties": {"line_ref": "의정부경전철", "line_name": "의정부경전철", "colour": "#F0831E"}, "geometry": {"type": "LineString", "coordinates": [[127.034897, 37.739453], [127.0348529, 37.7403108], [127.0347418, 37.7421551], [127.0347368, 37.7426094], [127.0347482, 37.7427659], [127.0348063, 37.7429142], [127.0348638, 37.7429866], [127.0349301, 37.743051], [127.0350497, 37.7431266], [127.0351892, 37.7431777], [127.0354014, 37.7432046], [127.0369093, 37.7432569], [127.0374127, 37.7432726], [127.0447798, 37.7435313], [127.0464062, 37.7435592], [127.047, 37.7435764], [127.0494761, 37.7436668]]}}, {"type": "Feature", "properties": {"line_ref": "의정부경전철", "line_name": "의정부경전철", "colour": "#F0831E"}, "geometry": {"type": "LineString", "coordinates": [[127.0494761, 37.7436668], [127.0498713, 37.7436756], [127.0499543, 37.7436775]]}}, {"type": "Feature", "properties": {"line_ref": "의정부경전철", "line_name": "의정부경전철", "colour": "#F0831E"}, "geometry": {"type": "LineString", "coordinates": [[127.0499543, 37.7436775], [127.0511407, 37.743715], [127.0513491, 37.7437426], [127.0514794, 37.7437744], [127.0516218, 37.7438183], [127.0517682, 37.7438865], [127.0519462, 37.7440052], [127.0528766, 37.7446227], [127.0530089, 37.7446825], [127.0531598, 37.7447406], [127.0533211, 37.7447718], [127.0535417, 37.7447857], [127.0536586, 37.7447889], [127.0556314, 37.7445941], [127.0557812, 37.744587], [127.0559422, 37.7446077], [127.0561218, 37.7446578], [127.0563, 37.7447177], [127.0564678, 37.7448041], [127.0566631, 37.7449476], [127.0571834, 37.7453477], [127.0579225, 37.7459282], [127.0590995, 37.7468497], [127.0598147, 37.747338], [127.0604098, 37.7476787], [127.0607303, 37.7478493], [127.0612601, 37.7480859], [127.0619941, 37.7483779], [127.0621161, 37.7484244], [127.0623004, 37.7484818], [127.0635495, 37.7487718], [127.0639796, 37.7488705], [127.0645083, 37.7489929], [127.0664836, 37.7494741], [127.0713512, 37.7506413]]}}, {"type": "Feature", "properties": {"line_ref": "의정부경전철", "line_name": "의정부경전철", "colour": "#F0831E"}, "geometry": {"type": "LineString", "coordinates": [[127.0713512, 37.7506413], [127.071814, 37.7507504], [127.071903, 37.7507702]]}}, {"type": "Feature", "properties": {"line_ref": "의정부경전철", "line_name": "의정부경전철", "colour": "#F0831E"}, "geometry": {"type": "LineString", "coordinates": [[127.071903, 37.7507702], [127.072573, 37.7509295], [127.0729203, 37.7510383], [127.0734066, 37.7512438], [127.0737501, 37.7514345], [127.0739487, 37.7515586], [127.0741592, 37.7517208], [127.074895, 37.7523862], [127.0750951, 37.7525572], [127.0761688, 37.7534746], [127.0764249, 37.7536418], [127.0765668, 37.7537042], [127.0768075, 37.7537935], [127.0773992, 37.753989], [127.0774945, 37.7540199], [127.0777099, 37.7540971], [127.0779033, 37.7541503], [127.0780743, 37.7541753], [127.078217, 37.7541799], [127.0784347, 37.754166], [127.0786612, 37.7541107], [127.0788656, 37.7540381], [127.081573, 37.7530644], [127.0821311, 37.7528609], [127.0823649, 37.7527537], [127.0826043, 37.7526127], [127.0827482, 37.7524774], [127.0828409, 37.7523818], [127.0829791, 37.7521439], [127.0831183, 37.7518759], [127.0834108, 37.751261], [127.0838985, 37.7503452], [127.0841438, 37.749855], [127.084204, 37.7496672], [127.0842336, 37.74954], [127.0842509, 37.7493759], [127.0842395, 37.7492111], [127.0841594, 37.7488868], [127.0841109, 37.7487637], [127.0840328, 37.7485886], [127.0837893, 37.7480699], [127.0836813, 37.7478143], [127.0836398, 37.7476942], [127.083613, 37.7476175], [127.0836011, 37.7475238], [127.0835994, 37.7473344], [127.0836309, 37.7470959], [127.0836992, 37.7468687], [127.0849487, 37.743407], [127.0852351, 37.7425371], [127.085767, 37.7410764], [127.0858366, 37.740884], [127.0860731, 37.7402365], [127.0864882, 37.7390436], [127.0867611, 37.7383502], [127.0869606, 37.737865], [127.0873011, 37.7371073], [127.0878058, 37.7359976], [127.0879735, 37.735667], [127.0882164, 37.7352169], [127.0883489, 37.734973], [127.0884832, 37.7346463], [127.088861, 37.7336857], [127.0889389, 37.7334804]]}}, {"type": "Feature", "properties": {"line_ref": "의정부경전철", "line_name": "의정부경전철", "colour": "#F0831E"}, "geometry": {"type": "LineString", "coordinates": [[127.0889389, 37.7334804], [127.0890112, 37.7332891]]}}, {"type": "Feature", "properties": {"line_ref": "의정부경전철", "line_name": "의정부경전철", "colour": "#F0831E"}, "geometry": {"type": "LineString", "coordinates": [[127.0890112, 37.7332891], [127.0892436, 37.7326714], [127.0892996, 37.7325383], [127.089405, 37.7322562], [127.08955, 37.7319014], [127.0897081, 37.73166], [127.0898615, 37.731474], [127.0900814, 37.7312933], [127.0903881, 37.7311056], [127.0915676, 37.7304631], [127.0916105, 37.7304387], [127.0917368, 37.730367]]}}, {"type": "Feature", "properties": {"line_ref": "의정부경전철", "line_name": "의정부경전철", "colour": "#F0831E"}, "geometry": {"type": "LineString", "coordinates": [[127.0917368, 37.730367], [127.091779, 37.7303497], [127.0918751, 37.7303102], [127.0920117, 37.7302438]]}}, {"type": "Feature", "properties": {"line_ref": "의정부경전철", "line_name": "의정부경전철", "colour": "#F0831E"}, "geometry": {"type": "LineString", "coordinates": [[127.0938732, 37.7292318], [127.0927374, 37.7298438], [127.0924237, 37.730014], [127.0921716, 37.7301542], [127.0920117, 37.7302438]]}}, {"type": "Feature", "properties": {"line_ref": "의정부경전철", "line_name": "의정부경전철", "colour": "#F0831E"}, "geometry": {"type": "LineString", "coordinates": [[127.0949069, 37.7286629], [127.0938732, 37.7292318]]}}, {"type": "Feature", "properties": {"line_ref": "인천1", "line_name": "인천 도시철도 1호선", "colour": "#B4C7E7"}, "geometry": {"type": "LineString", "coordinates": [[126.6885383, 37.6024184], [126.6887189, 37.6024378], [126.6904206, 37.6025657], [126.6909836, 37.602595], [126.6985169, 37.6026243]]}}, {"type": "Feature", "properties": {"line_ref": "인천1", "line_name": "인천 도시철도 1호선", "colour": "#B4C7E7"}, "geometry": {"type": "LineString", "coordinates": [[126.6985169, 37.6026243], [126.6998383, 37.6025595], [126.7008335, 37.6024779], [126.7064023, 37.6015096], [126.7072589, 37.6013269], [126.7075166, 37.6012482], [126.707776, 37.6011385], [126.7083062, 37.6008131], [126.71196, 37.5976954], [126.7123408, 37.5972781], [126.7125939, 37.5967334], [126.7126885, 37.5962768], [126.7130394, 37.5940421], [126.7133151, 37.592185]]}}, {"type": "Feature", "properties": {"line_ref": "인천1", "line_name": "인천 도시철도 1호선", "colour": "#B4C7E7"}, "geometry": {"type": "LineString", "coordinates": [[126.7295769, 37.5714512], [126.7293293, 37.571441], [126.7285953, 37.5714113], [126.7277513, 37.5712919], [126.7263874, 37.571094], [126.7240989, 37.5706476], [126.7234726, 37.5705756], [126.7227714, 37.5705715], [126.7219193, 37.5706435], [126.7203189, 37.5709183], [126.7189184, 37.5713468], [126.718115, 37.5717582], [126.7172929, 37.572739], [126.7168814, 37.5740549], [126.7168523, 37.5754863], [126.7169456, 37.5767315], [126.7171979, 37.5815943], [126.7172767, 37.583608], [126.7172519, 37.5839879], [126.716836, 37.5855601], [126.7153171, 37.5876388], [126.7139128, 37.5895487], [126.7136948, 37.5899662], [126.7135282, 37.5905211], [126.7133151, 37.592185]]}}, {"type": "Feature", "properties": {"line_ref": "인천1", "line_name": "인천 도시철도 1호선", "colour": "#B4C7E7"}, "geometry": {"type": "LineString", "coordinates": [[126.7295769, 37.5714512], [126.7300735, 37.571453], [126.7303877, 37.57146], [126.7307307, 37.5714623], [126.7311741, 37.5714653], [126.7317532, 37.5714691], [126.7323187, 37.5714702], [126.7328333, 37.5714733], [126.7332082, 37.571474], [126.7334301, 37.5714745], [126.7336154, 37.5714775], [126.7336733, 37.5714784], [126.7339741, 37.5714763], [126.7342968, 37.5714741]]}}, {"type": "Feature", "properties": {"line_ref": "인천1", "line_name": "인천 도시철도 1호선", "colour": "#B4C7E7"}, "geometry": {"type": "LineString", "coordinates": [[126.7342968, 37.5714741], [126.7343354, 37.571475], [126.7345673, 37.5714804]]}}, {"type": "Feature", "properties": {"line_ref": "인천1", "line_name": "인천 도시철도 1호선", "colour": "#B4C7E7"}, "geometry": {"type": "LineString", "coordinates": [[126.7345673, 37.5714804], [126.7375328, 37.5714857], [126.7378149, 37.5714826], [126.7380727, 37.5714832], [126.7383009, 37.5714745], [126.7385348, 37.5714606], [126.7387515, 37.5714349], [126.738973, 37.5713908]]}}, {"type": "Feature", "properties": {"line_ref": "인천1", "line_name": "인천 도시철도 1호선", "colour": "#B4C7E7"}, "geometry": {"type": "LineString", "coordinates": [[126.738973, 37.5713908], [126.7393512, 37.5712712], [126.7396029, 37.5711489], [126.7397379, 37.571073], [126.7398022, 37.5710261]]}}, {"type": "Feature", "properties": {"line_ref": "인천1", "line_name": "인천 도시철도 1호선", "colour": "#B4C7E7"}, "geometry": {"type": "LineString", "coordinates": [[126.7398022, 37.5710261], [126.7399495, 37.5709077], [126.7400693, 37.5708113], [126.7402927, 37.5705755], [126.740446, 37.5703532], [126.740621, 37.570027], [126.7410955, 37.5690618], [126.7413668, 37.5686028], [126.7421297, 37.5674168], [126.7423265, 37.5670939], [126.7424783, 37.5667709], [126.7426127, 37.5664021], [126.7427003, 37.5661309], [126.7427462, 37.5659095]]}}, {"type": "Feature", "properties": {"line_ref": "인천1", "line_name": "인천 도시철도 1호선", "colour": "#B4C7E7"}, "geometry": {"type": "LineString", "coordinates": [[126.7427462, 37.5659095], [126.7427619, 37.5658402], [126.7427924, 37.5654695], [126.7427869, 37.5649722], [126.7427397, 37.5641695]]}}, {"type": "Feature", "properties": {"line_ref": "인천1", "line_name": "인천 도시철도 1호선", "colour": "#B4C7E7"}, "geometry": {"type": "LineString", "coordinates": [[126.7427397, 37.5641695], [126.7426772, 37.5636321], [126.7426889, 37.5634515], [126.742791, 37.5628932], [126.7428446, 37.5627375], [126.7430105, 37.5623855], [126.7440541, 37.5612548], [126.7449152, 37.560387], [126.7450697, 37.5602312], [126.7453504, 37.5599258], [126.7455527, 37.5596495], [126.7457925, 37.5590184], [126.745864, 37.5582821], [126.7458487, 37.5578451], [126.7454914, 37.5560407], [126.7452107, 37.5543212], [126.7450242, 37.5536398], [126.7448339, 37.5533139], [126.7444246, 37.5527929], [126.7440544, 37.5523069], [126.7428061, 37.5507532], [126.7422333, 37.5499644], [126.7414079, 37.5486082], [126.7407235, 37.5476795], [126.7401742, 37.5469922], [126.73928, 37.5459014], [126.7386823, 37.5451731], [126.7386579, 37.5451435], [126.7382088, 37.5444842], [126.7379175, 37.5440223], [126.7376384, 37.5436197], [126.7372307, 37.5432284], [126.736454, 37.5429629], [126.7361579, 37.5429119], [126.7356214, 37.5428983], [126.7339906, 37.5429902], [126.7329178, 37.5431501], [126.7315616, 37.5432079], [126.7287635, 37.5433543], [126.7278899, 37.5433868], [126.7268409, 37.5434495], [126.7261114, 37.5434734], [126.725193, 37.5433577], [126.7244049, 37.5431456], [126.7237164, 37.5427778], [126.7232595, 37.5424397], [126.7228364, 37.541981], [126.7225813, 37.5415035], [126.7224945, 37.5410584], [126.7224996, 37.540241], [126.7225404, 37.5389865], [126.7225363, 37.5385973], [126.7225345, 37.5384255], [126.7225185, 37.5369041], [126.7224957, 37.5325445], [126.7224693, 37.5303134], [126.7224654, 37.5299022], [126.7224775, 37.5283957], [126.7224357, 37.5278625], [126.7220837, 37.5245991], [126.7218045, 37.5209649], [126.7215861, 37.518611], [126.7214337, 37.5167129], [126.7214222, 37.5165699], [126.7212705, 37.5151354], [126.7207973, 37.5120118], [126.7205677, 37.5097731], [126.7204968, 37.5081013], [126.7204911, 37.507925], [126.720486, 37.5074472], [126.7206493, 37.5065019], [126.7210372, 37.5054533], [126.7213179, 37.5045181], [126.7215271, 37.5032792], [126.7218485, 37.5009947], [126.7221711, 37.4986687], [126.7222192, 37.498369], [126.7223844, 37.4973385], [126.7225893, 37.495714], [126.7227566, 37.494226], [126.7230485, 37.492704], [126.7232201, 37.4917676], [126.7234433, 37.4908312], [126.7237, 37.4899649], [126.7237132, 37.4899205], [126.7238004, 37.4896007], [126.7238253, 37.4893639], [126.7238004, 37.4890731], [126.7237392, 37.4888949], [126.7236533, 37.4886544], [126.7234087, 37.4881572], [126.7230891, 37.4877989], [126.7224774, 37.4873433], [126.7209883, 37.4866929], [126.7187049, 37.485626], [126.7184187, 37.4854963], [126.7170575, 37.4848156], [126.7159202, 37.4843309], [126.7150941, 37.4839186], [126.7146756, 37.4837245], [126.7140823, 37.4834493], [126.7132246, 37.48303], [126.7124993, 37.4826145], [126.7118127, 37.4819743], [126.710982, 37.4800677], [126.7102052, 37.4778965], [126.7100148, 37.4773643], [126.7093621, 37.4753866], [126.7091227, 37.4745603], [126.7087133, 37.4732027], [126.7083127, 37.4720853], [126.7081015, 37.4715898], [126.7080154, 37.471199], [126.7079425, 37.4705631], [126.7079061, 37.4691132], [126.7078482, 37.4675632], [126.707837, 37.4673373], [126.7076872, 37.4668394], [126.7076424, 37.4667778], [126.7074727, 37.4665464], [126.7068375, 37.465872], [126.706314, 37.4654258], [126.7057603, 37.4651805], [126.7030653, 37.4644958], [126.7024058, 37.4642691], [126.7021557, 37.4641342], [126.7018951, 37.463908], [126.701599, 37.4635367], [126.7014166, 37.4632472], [126.7012785, 37.4629873], [126.7011664, 37.4627192], [126.7011058, 37.4623373], [126.7011257, 37.462095], [126.7011618, 37.46182], [126.7012728, 37.4614609], [126.7017577, 37.4602901], [126.7019033, 37.459911], [126.7019974, 37.4596659], [126.7020263, 37.4595907], [126.702149, 37.4592298], [126.7022212, 37.4588402], [126.7021995, 37.4584048], [126.7021275, 37.4579344], [126.7018486, 37.4558389], [126.701591, 37.4539937], [126.7012649, 37.4517827], [126.701031, 37.4500621], [126.7008958, 37.4491388], [126.7007037, 37.4478522], [126.7002087, 37.4446123], [126.7000403, 37.4438708], [126.6997458, 37.4425519], [126.6996538, 37.4419055], [126.6995927, 37.4414903], [126.6994294, 37.4399302], [126.6993181, 37.4393801], [126.6991989, 37.4390429], [126.6984463, 37.4376466], [126.6980365, 37.4367117], [126.6978576, 37.4362975], [126.6977086, 37.4356053], [126.6977459, 37.4350669], [126.6977716, 37.4348643], [126.6978576, 37.4341852], [126.6983644, 37.4323924], [126.6987444, 37.4310906], [126.6988487, 37.4304634], [126.6989621, 37.4298286], [126.6989696, 37.4291185], [126.6989398, 37.4277516], [126.6989001, 37.427146], [126.6987311, 37.4260474], [126.6980828, 37.4234732], [126.6975985, 37.4223607], [126.696898, 37.4212303], [126.6960337, 37.4202184], [126.6952065, 37.4194194], [126.6938361, 37.418023], [126.6936526, 37.4178746], [126.6922943, 37.4166257], [126.6896196, 37.4140129], [126.6880382, 37.4125366], [126.6879539, 37.412463], [126.6872784, 37.41181], [126.6867763, 37.4113386], [126.6861866, 37.4107665], [126.6857226, 37.4101506], [126.6850833, 37.4093464], [126.6839988, 37.408307], [126.6830143, 37.4071892], [126.6815833, 37.4057556], [126.6805762, 37.4046129], [126.6802766, 37.4043201], [126.679028, 37.4030327], [126.6771626, 37.4013554], [126.6738092, 37.3983933], [126.6712082, 37.3960608], [126.6698004, 37.3947966], [126.6684606, 37.3936011], [126.6662886, 37.3916069], [126.6651876, 37.3903446], [126.6650678, 37.3902314], [126.664911, 37.3901222], [126.6646568, 37.3900315], [126.663983, 37.3898107], [126.6634118, 37.3896049], [126.6632712, 37.389533], [126.6626109, 37.3890449], [126.6615323, 37.3879193], [126.6611988, 37.3875713], [126.6577242, 37.3841322], [126.6563882, 37.3826626], [126.6558454, 37.3820801], [126.6550019, 37.3811751], [126.6507066, 37.3766528], [126.6501925, 37.3761554], [126.6497379, 37.3759008], [126.6493207, 37.3758297], [126.6488288, 37.3757942], [126.6483669, 37.3758179], [126.6478974, 37.3758949], [126.6473833, 37.3760784], [126.6470852, 37.3762265], [126.646571, 37.3767653], [126.6456102, 37.3780649], [126.6455204, 37.3781865], [126.6444548, 37.3795484], [126.6417906, 37.3831675], [126.6400172, 37.3856069], [126.639682, 37.3860781], [126.6387579, 37.3873772], [126.6369925, 37.3899687], [126.635396, 37.3924135], [126.6347144, 37.3934462], [126.6332197, 37.3957106], [126.6310367, 37.3992313], [126.6306247, 37.3998563]]}}, {"type": "Feature", "properties": {"line_ref": "인천1", "line_name": "인천 도시철도 1호선", "colour": "#B4C7E7"}, "geometry": {"type": "LineString", "coordinates": [[126.6306247, 37.3998563], [126.6306035, 37.3998888], [126.6295567, 37.4014928], [126.6288669, 37.4025786], [126.6273703, 37.4049866], [126.626147, 37.4068352]]}}]}